ACDT,Max TemperatureC,Mean TemperatureC,Min TemperatureC,Dew PointC,MeanDew PointC,Min DewpointC,Max Humidity, Mean Humidity, Min Humidity, Max Sea Level PressurehPa, Mean Sea Level PressurehPa, Min Sea Level PressurehPa, Max VisibilityKm, Mean VisibilityKm, Min VisibilitykM, Max Wind SpeedKm/h, Mean Wind SpeedKm/h, Max Gust SpeedKm/h,Precipitationmm, CloudCover, Events,WindDirDegrees
1/1/2015,21,14,8,12,10,8,91,73,43,1019,1017,1016,2,1,0,8,0,,0,,Fog,-1
1/2/2015,16,13,10,16,14,12,100,95,85,1020,1018,1017,2,1,0,10,3,,7.11,8,Fog-Rain,-1
1/3/2015,17,15,13,14,14,14,99,92,79,1019,1017,1014,2,1,0,8,2,,0,8,Fog-Rain,-1
1/4/2015,19,16,12,13,12,10,100,80,51,1021,1020,1019,2,1,0,16,6,,0,,Fog,-1
1/5/2015,21,14,8,12,9,8,92,69,36,1019,1016,1014,2,1,0,23,14,,0,,Fog,-1
1/6/2015,17,13,9,10,9,8,96,79,50,1017,1015,1014,2,1,0,11,6,,0,,Fog,-1
1/7/2015,13,9,6,9,8,7,96,85,67,1017,1016,1015,0,0,0,11,3,,0,,Fog,-1
1/8/2015,14,11,7,10,9,8,100,89,69,1021,1019,1016,0,0,0,8,2,,0,,Fog,-1
1/9/2015,16,11,7,9,8,6,93,81,53,1022,1020,1019,0,0,0,6,3,,0,,Fog,-1
1/10/2015,18,12,7,8,7,7,91,73,42,1020,1019,1017,2,1,0,10,5,,0,,Fog,-1
1/11/2015,16,11,6,10,8,7,97,81,52,1020,1019,1017,2,0,0,13,3,,0,,Fog,-1
1/12/2015,16,11,6,9,8,6,97,80,53,1022,1020,1017,0,0,0,0,0,,0,,Fog,-1
1/13/2015,18,11,4,11,9,7,100,79,45,1020,1017,1015,2,1,0,10,5,,0,,Fog,-1
1/14/2015,14,12,9,11,10,8,97,81,66,1020,1017,1014,2,0,0,10,8,,0,8,Fog-Rain,-1
1/15/2015,19,12,6,11,9,7,98,79,45,1021,1020,1017,2,0,0,8,0,,0,,Fog,-1
1/16/2015,21,14,8,11,10,9,100,79,38,1021,1019,1017,2,1,0,13,3,,0,8,Fog,-1
1/17/2015,21,14,8,12,11,9,98,77,43,1021,1019,1017,2,1,0,10,2,,0,,Fog,-1
1/18/2015,21,13,6,10,9,7,96,74,36,1020,1019,1017,2,1,0,10,2,,0,,Fog,-1
1/19/2015,21,14,9,12,11,7,98,77,30,1021,1019,1017,3,1,0,14,2,,0,,Fog,-1
1/20/2015,18,13,9,11,10,9,100,77,54,1022,1020,1018,2,1,0,11,5,,0,,Fog,-1
1/21/2015,17,13,9,11,9,8,87,73,52,1023,1021,1020,2,1,0,10,6,,0,8,Fog,-1
1/22/2015,13,12,12,13,12,11,98,93,86,1022,1021,1019,2,0,0,8,2,,6.1,8,Fog-Rain,-1
1/23/2015,19,16,11,13,13,12,96,84,62,1021,1020,1018,2,1,0,10,2,,0,8,Fog,-1
1/24/2015,17,13,10,12,11,9,100,87,65,1023,1021,1019,2,1,0,14,6,,0,,Fog,-1
1/25/2015,18,13,8,11,9,8,100,78,47,1023,1021,1019,2,1,0,14,6,,0,8,Fog,-1
1/26/2015,16,13,11,13,12,11,95,88,75,1022,1020,1018,2,0,0,8,0,,0.76,8,Fog-Rain,-1
1/27/2015,18,14,10,11,10,9,94,74,47,1021,1019,1018,2,1,0,14,3,,0,,Fog,-1
1/28/2015,18,13,8,9,7,4,91,66,30,1020,1018,1016,2,1,0,167,19,,0,,Fog,-1
1/29/2015,18,11,4,9,6,2,98,64,24,1022,1020,1018,2,1,0,158,53,,0,,Fog,-1
1/30/2015,19,13,6,7,6,2,90,58,21,1022,1021,1019,3,2,0,24,8,,0,,Fog,-1
1/31/2015,21,14,7,9,6,2,85,55,18,1020,1018,1016,3,2,2,24,10,,0,,,-1
2/1/2015,24,16,7,11,9,6,94,66,22,1020,1018,1015,2,1,0,11,3,,0,8,Fog,-1
2/2/2015,23,17,10,13,12,10,89,66,37,1020,1017,1016,2,1,0,19,10,,0,,Fog,-1
2/3/2015,23,18,13,13,12,11,90,69,46,1023,1020,1017,2,1,0,14,10,,0,,Fog,-1
2/4/2015,21,16,11,13,12,12,96,81,55,1025,1022,1020,2,1,0,14,8,,0,,Fog,-1
2/5/2015,22,16,9,11,8,2,99,64,16,1021,1020,1017,3,1,0,19,8,,0,,Fog,-1
2/6/2015,24,16,7,10,8,6,97,63,21,1021,1019,1016,3,1,0,11,2,,0,,Fog,-1
2/7/2015,26,17,7,11,9,8,98,66,27,1020,1017,1014,2,1,0,8,2,,0,,Fog,-1
2/8/2015,24,17,9,12,10,9,95,65,29,1019,1017,1015,2,1,0,13,3,,0,,Fog,-1
2/9/2015,25,18,10,12,11,9,89,63,25,1021,1020,1018,3,2,2,23,5,,0,,,-1
2/10/2015,24,17,9,11,9,6,97,64,22,1022,1020,1018,3,2,0,11,3,,0,,Fog,-1
2/11/2015,24,16,8,13,11,8,94,67,32,1019,1017,1015,2,1,0,8,2,,0,,Fog,-1
2/12/2015,23,16,8,12,11,9,93,69,40,1019,1016,1014,2,1,0,19,5,,0,,Fog,-1
2/13/2015,25,17,9,12,9,6,94,60,19,1014,1013,1010,3,2,0,21,5,,0,,Fog,-1
2/14/2015,28,19,11,14,12,11,93,63,28,1012,1010,1007,3,2,2,14,3,,0,,,-1
2/15/2015,27,19,11,15,13,12,95,70,32,1014,1012,1010,2,1,0,8,2,,0,,Fog,-1
2/16/2015,26,20,14,19,16,14,89,72,46,1016,1014,1011,2,2,2,14,6,,0,,,-1
2/17/2015,27,22,17,19,17,15,89,71,49,1014,1012,1009,2,2,2,14,8,,0,,,-1
2/18/2015,29,21,14,18,17,15,96,73,40,1014,1012,1009,2,1,0,13,3,,0,,Fog,-1
2/19/2015,29,23,17,21,19,16,96,75,48,1013,1012,1010,2,1,0,14,6,,2.03,,Fog,-1
2/20/2015,29,23,18,19,18,17,87,67,38,1015,1013,1012,2,2,2,14,8,,0,,,-1
2/21/2015,28,21,15,17,16,13,87,64,36,1016,1014,1012,3,2,2,19,6,,0,,,-1
2/22/2015,28,22,16,18,16,13,82,59,30,1015,1013,1011,2,2,2,26,18,,0,,,-1
2/23/2015,28,22,16,19,18,17,94,73,48,1017,1014,1012,2,2,2,6,3,,0,,,-1
2/24/2015,28,22,15,19,18,16,100,74,50,1013,1011,1009,2,1,0,11,3,,0,8,Fog,-1
2/25/2015,28,23,19,21,18,8,79,63,34,1010,1008,1007,2,2,2,13,6,,0,8,,-1
2/26/2015,27,21,14,10,7,3,59,35,14,1011,1010,1008,2,2,2,11,6,,0,,,-1
2/27/2015,27,19,11,10,8,6,67,41,19,1014,1013,1010,3,2,2,11,5,,0,,,-1
2/28/2015,29,21,12,14,11,8,67,46,18,1016,1013,1011,3,2,2,11,6,,0,,,-1
3/1/2015,19,17,15,17,16,13,100,88,60,1014,1011,1009,2,2,2,24,13,,27.94,8,Rain,-1
3/2/2015,22,18,14,17,16,15,100,90,68,1015,1012,1010,2,2,2,23,13,,7.11,8,Rain,-1
3/3/2015,21,17,13,14,13,13,100,83,52,1016,1014,1012,2,1,0,13,3,,0,8,Fog,-1
3/4/2015,23,17,11,13,12,9,98,70,30,1016,1014,1012,3,2,0,19,5,,0,,Fog,-1
3/5/2015,27,18,9,15,12,9,93,65,29,1017,1015,1014,3,2,2,14,3,,0,,,-1
3/6/2015,27,21,14,16,13,11,86,62,29,1018,1016,1015,3,2,2,19,3,,0,,,-1
3/7/2015,27,20,12,17,15,13,98,79,36,1016,1014,1012,3,2,2,13,3,,8.89,,Rain,-1
3/8/2015,26,20,14,17,16,14,100,77,50,1017,1015,1013,3,2,2,19,5,,0.51,8,Rain,-1
3/9/2015,24,18,13,13,10,8,77,53,26,1022,1021,1017,3,2,2,21,11,,0,,,-1
3/10/2015,23,17,10,16,12,9,91,68,43,1022,1020,1017,2,2,2,14,10,,0,,,-1
3/11/2015,26,19,12,17,13,12,92,69,37,1020,1018,1016,2,1,0,13,8,,0,,,-1
3/12/2015,28,20,12,16,13,12,93,64,26,1020,1017,1015,3,2,0,11,5,,0,,Fog,-1
3/13/2015,28,21,14,17,16,14,94,66,38,1016,1015,1013,2,2,2,10,3,,0,8,,-1
3/14/2015,27,21,16,17,16,15,87,65,49,1017,1015,1013,3,2,2,21,6,,0.25,8,,-1
3/15/2015,19,18,16,18,17,15,96,87,75,1018,1015,1013,2,2,2,19,11,,4.06,8,Rain,-1
3/16/2015,26,20,14,19,17,15,97,82,60,1019,1017,1016,3,2,2,16,6,,0,,,-1
3/17/2015,27,21,14,17,16,15,96,71,41,1019,1016,1014,3,2,2,21,8,,0,,,-1
3/18/2015,26,20,14,17,16,14,92,70,48,1015,1013,1012,3,2,2,27,13,,0,,,-1
3/19/2015,28,21,14,16,15,14,94,65,34,1016,1015,1013,3,2,2,13,5,,0,,,-1
3/20/2015,31,22,14,18,16,14,94,65,28,1016,1015,1013,3,2,2,23,6,,0,,,-1
3/21/2015,32,23,16,20,18,16,96,63,30,1017,1015,1013,3,2,2,13,5,,0,,,-1
3/22/2015,32,24,18,20,18,17,93,63,33,1014,1012,1011,3,2,2,24,8,,0,,,-1
3/23/2015,33,26,19,21,19,18,88,65,33,1011,1010,1008,3,2,2,19,6,,0,,,-1
3/24/2015,34,26,17,26,19,17,93,66,24,1012,1010,1008,3,2,2,8,2,,0,,,-1
3/25/2015,35,27,18,22,20,19,97,65,28,1014,1011,1009,3,2,2,11,2,,0,,,-1
3/26/2015,36,28,20,22,20,17,94,59,25,1017,1013,1011,3,2,0,55,5,,0,8,Rain-Thunderstorm,-1
3/27/2015,36,28,21,19,18,14,73,48,20,1015,1012,1009,3,2,2,24,6,,0,8,,-1
3/28/2015,36,27,17,19,17,15,89,54,20,1013,1010,1008,3,2,2,13,3,,0,,,-1
3/29/2015,30,25,20,18,17,14,76,51,32,1012,1008,1006,2,2,2,23,8,,10.92,8,Rain-Thunderstorm,-1
3/30/2015,28,23,19,19,18,17,87,67,46,1013,1010,1008,3,3,2,26,14,,0,8,Rain-Thunderstorm,-1
3/31/2015,31,24,19,21,19,18,88,65,39,1012,1010,1008,3,2,2,11,6,,0,,,-1
4/1/2015,33,26,18,21,19,17,87,61,28,1010,1008,1005,2,1,0,37,3,,0,,,-1
4/2/2015,34,28,21,21,18,17,70,48,29,1007,1005,1002,2,2,2,19,10,,4.06,8,Rain-Thunderstorm,-1
4/3/2015,30,24,19,22,20,18,92,69,52,1006,1004,1003,3,3,2,14,10,,4.06,8,Thunderstorm,-1
4/4/2015,26,21,17,18,18,17,96,77,52,1007,1005,1004,3,2,2,14,6,,2.03,8,Rain-Thunderstorm,-1
4/5/2015,30,23,16,19,18,16,94,68,36,1009,1007,1006,3,2,2,142,14,,0,,,-1
4/6/2015,31,24,17,19,18,15,96,62,29,1009,1008,1006,3,2,2,11,2,,0,,,-1
4/7/2015,30,24,19,19,18,17,77,62,44,1012,1010,1008,2,2,2,13,8,,0,8,Rain,-1
4/8/2015,32,25,18,18,16,14,83,52,26,1015,1012,1010,3,2,2,16,5,,0,,,-1
4/9/2015,32,26,18,18,17,15,76,51,26,1012,1010,1009,3,2,2,24,8,,0,,,-1
4/10/2015,34,26,18,20,17,13,86,52,19,1010,1009,1006,3,2,2,21,5,,0,,,-1
4/11/2015,36,28,19,19,17,14,82,47,18,1010,1008,1005,3,2,2,14,3,,1.02,8,Hail-Thunderstorm,-1
4/12/2015,28,24,20,19,18,16,86,60,39,1013,1012,1010,3,2,2,23,11,,0,8,Rain,-1
4/13/2015,32,26,19,21,20,19,91,71,37,1015,1013,1011,3,2,2,13,5,,2.03,8,Rain,-1
4/14/2015,32,26,20,22,20,19,92,64,37,1015,1013,1010,3,2,2,11,3,,0,,,-1
4/15/2015,34,27,21,22,21,19,89,60,35,1015,1013,1010,3,2,2,14,3,,0,,,-1
4/16/2015,33,27,21,21,18,16,78,58,36,1016,1014,1013,3,2,2,23,5,,0,,,-1
4/17/2015,35,28,20,19,18,17,86,51,24,1012,1008,1004,3,2,2,21,8,,0,,,-1
4/18/2015,38,30,22,20,18,14,73,45,17,1004,1003,1000,3,2,2,14,5,,0,,,-1
4/19/2015,41,31,21,22,19,16,73,42,16,1005,1004,1001,3,2,2,10,2,,0,,,-1
4/20/2015,39,32,26,22,19,18,56,38,19,1008,1006,1004,2,2,2,11,8,,0,,,-1
4/21/2015,38,32,25,22,15,9,57,31,10,1007,1005,1003,2,2,2,27,10,,0,,,-1
4/22/2015,38,29,21,22,13,7,62,28,8,1006,1004,1001,3,2,2,27,8,,0,,,-1
4/23/2015,39,30,21,18,14,11,58,33,12,1005,1004,1002,3,2,2,34,6,,0,,,-1
4/24/2015,39,31,22,27,18,13,53,39,15,1007,1004,1002,3,2,2,10,2,,0,,,-1
4/25/2015,37,29,22,20,19,17,65,42,28,1008,1005,1003,2,2,2,23,10,,0,,,-1
4/26/2015,35,29,23,22,20,18,61,51,36,1011,1008,1005,2,2,2,26,18,,0,,,-1
4/27/2015,37,30,23,23,22,20,72,51,35,1010,1007,1004,2,2,2,34,14,,0,,,-1
4/28/2015,37,30,24,25,21,17,77,51,36,1007,1005,1002,3,2,2,26,18,,0,,,-1
4/29/2015,37,31,24,22,21,20,69,47,28,1007,1005,1003,3,2,2,11,8,,0,8,,-1
4/30/2015,39,32,25,24,22,18,62,44,30,1007,1004,1001,3,2,2,27,11,,0,,,-1
5/1/2015,37,31,24,23,21,17,68,44,31,1008,1006,1004,3,2,2,19,11,,0.25,,,-1
5/2/2015,37,31,24,21,18,16,63,40,21,1008,1006,1004,3,2,2,11,3,,0,,Rain,-1
5/3/2015,39,30,22,19,17,14,68,40,16,1009,1007,1004,3,2,2,11,3,,0,,,-1
5/4/2015,39,31,22,19,17,14,69,38,14,1008,1007,1005,10,4,2,13,3,,0,,,-1
5/5/2015,41,31,21,19,14,8,73,34,8,1007,1005,1001,3,2,2,21,5,,0,,,-1
5/6/2015,42,33,24,21,13,7,49,25,6,1004,1002,999,3,2,2,23,10,,0,,,-1
5/7/2015,42,34,27,12,10,8,22,14,7,1006,1003,1001,2,2,2,27,14,,0,,,-1
5/8/2015,42,35,28,16,13,10,34,18,9,1006,1003,1001,2,2,2,27,13,,0,,,-1
5/9/2015,42,34,26,21,17,15,47,28,13,1004,1002,999,3,2,2,19,6,,0,,,-1
5/10/2015,42,34,26,20,17,13,40,26,10,1004,1001,998,3,2,2,14,3,,0,,,-1
5/11/2015,39,33,28,23,18,15,44,30,20,1006,1003,1000,2,2,2,27,13,,0,,,-1
5/12/2015,38,32,26,23,22,19,62,45,33,1008,1005,1002,2,2,2,14,10,,0,,,-1
5/13/2015,36,30,24,23,21,19,83,59,34,1008,1006,1004,3,2,2,14,3,,2.03,8,Rain,-1
5/14/2015,36,29,22,22,20,17,75,51,25,1009,1007,1005,3,2,2,11,6,,0,,,-1
5/15/2015,36,30,24,21,20,17,70,51,29,1008,1007,1005,2,2,2,19,5,,0.51,8,,-1
5/16/2015,37,29,22,22,21,19,81,52,31,1006,1004,1001,2,2,2,11,5,,0,,,-1
5/17/2015,40,32,24,23,20,17,66,43,17,1004,1001,998,3,2,2,11,8,,0,,,-1
5/18/2015,43,36,28,23,21,20,49,35,19,1002,1000,997,3,2,2,11,8,,0,,,-1
5/19/2015,41,34,26,27,21,14,62,44,20,1006,1002,1000,2,2,2,50,10,,0,8,Rain,-1
5/20/2015,41,32,22,19,17,13,58,34,12,1005,1002,1000,3,2,2,23,13,,0,,,-1
5/21/2015,42,34,27,21,16,11,53,26,9,1003,1001,998,3,2,2,24,13,,0,,,-1
5/22/2015,43,35,27,17,14,10,36,21,8,1001,999,995,3,2,2,19,8,,0,,,-1
5/23/2015,44,37,29,18,15,12,27,19,10,999,996,994,3,2,2,23,14,,0,,,-1
5/24/2015,43,36,27,21,19,16,43,29,12,999,997,995,3,2,2,14,6,,0,,,-1
5/25/2015,45,37,28,22,17,12,54,25,11,998,996,994,3,2,2,23,8,,0,,,-1
5/26/2015,45,37,28,19,16,14,29,21,11,1001,999,997,3,2,2,23,10,,0,,,-1
5/27/2015,42,33,24,16,12,6,37,21,6,1004,1001,999,3,2,2,19,8,,0,,,-1
5/28/2015,41,33,26,21,17,14,41,28,16,1003,1001,998,2,2,2,32,8,,0,,,-1
5/29/2015,42,34,27,19,18,13,46,28,12,1003,1001,999,2,2,2,14,6,,0,,,-1
5/30/2015,42,34,27,20,18,14,43,29,12,1004,1002,1000,2,2,2,14,5,,0,,,-1
5/31/2015,41,34,29,20,16,11,46,24,9,1003,1001,999,2,2,2,27,21,,0,,,-1
6/1/2015,37,30,23,21,17,14,79,40,23,1009,1003,998,2,2,2,29,11,,3.05,8,Rain-Thunderstorm,-1
6/2/2015,39,31,22,20,18,16,61,38,16,1007,1003,1001,2,2,2,21,11,,0.51,8,Rain-Thunderstorm,-1
6/3/2015,34,29,23,22,20,18,61,48,36,1006,1004,1003,2,2,2,11,8,,0,8,Thunderstorm,-1
6/4/2015,38,31,23,22,21,21,70,48,27,1006,1004,1002,2,2,2,13,3,,0,,,-1
6/5/2015,38,32,26,23,20,18,65,41,22,1006,1004,1001,2,2,2,19,5,,0,,,-1
6/6/2015,39,32,26,22,20,16,68,40,18,1004,1002,999,3,2,2,19,6,,0,,,-1
6/7/2015,42,34,26,23,20,17,61,36,15,1002,1000,996,3,2,2,16,5,,0,,,-1
6/8/2015,43,35,27,23,20,16,65,34,14,1000,999,997,3,2,2,23,5,,0,,,-1
6/9/2015,42,36,30,22,18,16,47,25,15,1000,999,998,2,2,2,27,11,,0,,,-1
6/10/2015,42,37,31,22,22,21,41,33,23,1002,1000,997,2,2,2,27,21,,0,,,-1
6/11/2015,41,36,29,23,21,21,44,33,23,1003,1000,997,3,2,2,29,14,,0,,,-1
6/12/2015,41,35,29,22,21,19,46,35,19,1002,999,995,3,2,2,23,18,,0,,,-1
6/13/2015,39,32,26,22,21,19,78,46,24,1002,999,996,3,2,2,14,8,,5.08,8,Rain-Thunderstorm,-1
6/14/2015,32,26,20,26,23,21,100,75,57,1003,1000,998,2,2,2,13,5,,1.02,8,Rain-Thunderstorm,-1
6/15/2015,36,30,25,25,23,21,80,61,34,1001,1000,997,2,2,2,10,3,,0,,,-1
6/16/2015,38,32,26,25,23,20,79,54,29,1001,999,996,2,2,2,13,2,,0,,,-1
6/17/2015,39,33,26,25,23,22,73,50,28,1001,998,994,2,2,2,11,2,,0,,,-1
6/18/2015,41,34,27,25,24,21,74,46,24,1000,998,994,2,2,2,8,2,,0,,,-1
6/19/2015,42,36,29,27,25,23,61,47,28,998,996,994,2,2,2,19,5,,0,,,-1
6/20/2015,38,33,27,25,23,21,61,47,30,1001,998,995,2,2,2,26,13,,0,,,-1
6/21/2015,34,29,25,25,24,23,89,63,51,1002,998,995,2,2,2,26,11,,7.11,8,Thunderstorm,-1
6/22/2015,38,32,26,27,25,21,77,60,42,998,996,993,3,2,2,14,3,,0,,Thunderstorm,-1
6/23/2015,39,33,27,26,24,22,82,60,33,996,995,992,3,2,2,23,3,,1.02,8,,-1
6/24/2015,37,32,25,27,25,23,89,62,4,998,995,993,2,1,0,10,5,,6.1,8,Fog-Rain,-1
6/25/2015,31,27,22,24,24,23,97,83,66,996,995,993,2,2,2,11,8,,0.25,8,Rain,-1
6/26/2015,37,30,24,24,23,22,89,58,37,996,995,993,2,1,0,23,10,,0,,,-1
6/27/2015,38,32,27,24,23,21,64,48,35,999,997,994,2,2,2,29,14,,0,,,-1
6/28/2015,39,33,27,26,24,22,65,47,33,1002,1000,998,2,2,2,21,6,,0,,,-1
6/29/2015,36,31,26,24,24,23,72,56,45,1007,1004,1001,2,2,2,19,11,,0,,Rain,-1
6/30/2015,36,31,26,24,23,22,69,58,44,1004,1003,1001,2,2,2,14,10,,0,,,-1
7/1/2015,38,31,25,26,23,21,77,55,40,1003,1002,999,2,2,2,10,5,,0,,,-1
7/2/2015,39,33,27,24,23,22,60,46,29,1004,1001,998,2,2,2,13,3,,0,,Thunderstorm,-1
7/3/2015,39,33,27,23,23,22,63,47,29,1001,1000,997,2,2,2,26,11,,0,,,-1
7/4/2015,38,32,26,27,24,22,69,52,41,999,998,996,2,2,2,27,18,,0,,,-1
7/5/2015,38,34,31,27,26,23,57,47,41,997,995,994,2,2,2,26,10,,0,,,-1
7/6/2015,29,28,26,27,25,23,98,78,53,1000,998,995,2,2,2,23,14,,10.92,8,Rain,-1
7/7/2015,34,28,23,27,26,25,98,87,61,999,998,997,2,2,2,8,3,,26.92,8,Rain-Thunderstorm,-1
7/8/2015,36,30,24,28,26,24,93,73,55,1000,999,996,2,2,2,11,2,,0,8,,-1
7/9/2015,33,29,25,28,26,26,88,77,56,1001,999,997,2,2,2,10,3,,1.02,8,Rain-Thunderstorm,-1
7/10/2015,28,27,26,27,26,25,98,91,85,1000,999,997,2,1,0,21,5,,9.91,8,Rain,-1
7/11/2015,26,24,23,26,26,25,100,97,92,1001,1000,999,2,1,0,11,5,,57.91,8,Rain,-1
7/12/2015,26,24,23,26,25,24,99,95,90,1002,998,996,2,2,2,19,6,,7.11,8,Rain,-1
7/13/2015,33,28,23,27,25,24,97,74,54,1003,1001,998,3,2,2,11,3,,0,,,-1
7/14/2015,36,31,26,27,26,25,87,69,51,1001,999,996,2,2,2,19,6,,0,,,-1
7/15/2015,37,32,27,26,25,24,80,56,41,997,994,992,2,2,2,29,16,,0,,,-1
7/16/2015,37,33,29,27,24,23,79,58,44,996,994,992,2,2,2,19,13,,0,8,Rain,-1
7/17/2015,34,31,27,28,27,26,87,76,61,998,997,996,2,2,2,14,8,,0,8,Rain,-1
7/18/2015,33,31,28,28,27,25,81,78,69,999,998,996,2,2,2,14,3,,2.03,8,Rain,-1
7/19/2015,34,30,26,27,26,23,88,71,54,999,998,995,2,2,2,6,0,,0.25,8,Rain-Thunderstorm,-1
7/20/2015,33,28,24,27,26,25,93,77,59,1000,999,996,2,2,2,11,3,,4.06,8,Rain-Thunderstorm,-1
7/21/2015,36,31,26,27,26,25,88,69,49,1001,1000,998,2,2,2,13,8,,0,,,-1
7/22/2015,37,32,27,27,26,24,82,65,43,1003,1001,998,2,2,2,11,6,,0,,,-1
7/23/2015,36,32,27,27,26,26,77,65,50,1004,1002,999,2,2,2,11,8,,0,,,-1
7/24/2015,36,32,28,27,26,26,74,64,52,1003,1001,998,2,2,2,14,10,,0,8,,-1
7/25/2015,36,32,27,27,26,24,90,70,43,1001,999,995,3,2,0,108,13,,6.1,8,Rain-Thunderstorm,-1
7/26/2015,34,30,27,27,26,24,87,72,54,1001,999,996,3,2,2,26,18,,4.06,8,,-1
7/27/2015,34,29,24,26,24,24,84,70,52,1002,1000,998,3,2,2,19,13,,0.25,,,-1
7/28/2015,34,29,24,24,23,22,79,62,49,1001,1000,998,3,2,2,19,11,,0,,,-1
7/29/2015,32,28,24,25,23,22,73,67,55,1000,998,996,2,2,2,19,11,,0,8,,-1
7/30/2015,31,28,25,24,24,23,78,68,60,1000,999,998,2,2,2,14,6,,0.51,8,,-1
7/31/2015,31,28,25,26,24,24,83,71,64,1001,1000,998,2,2,2,14,6,,2.03,8,Rain,-1
8/1/2015,32,29,26,25,24,23,84,71,57,1004,1002,1001,2,2,2,8,0,,0.25,8,,-1
8/2/2015,34,29,25,26,24,23,84,70,52,1005,1004,1002,2,2,2,8,2,,0,,,-1
8/3/2015,36,31,25,26,23,15,84,60,22,1003,1002,1000,2,2,2,11,5,,0,,,-1
8/4/2015,37,31,26,27,26,25,84,66,47,1002,1000,997,2,2,2,10,0,,0.25,8,Rain,-1
8/5/2015,35,31,26,27,27,26,86,78,58,1000,999,997,2,2,2,11,3,,0.76,8,,-1
8/6/2015,34,29,25,28,27,26,95,78,62,1000,998,998,2,2,2,6,2,,0,8,Rain,-1
8/7/2015,34,30,26,28,27,26,95,83,59,1002,1000,999,2,2,2,14,3,,16,8,Rain,-1
8/8/2015,31,28,25,27,27,26,95,85,75,1003,1002,1001,2,2,2,8,2,,0,8,,-1
8/9/2015,29,27,25,27,26,26,98,90,76,1003,1000,998,2,1,0,8,2,,40.89,8,Rain-Thunderstorm,-1
8/10/2015,34,30,25,28,27,27,94,78,56,1002,1000,998,2,2,2,0,0,,0,,,-1
8/11/2015,32,29,27,28,27,26,93,87,72,1004,1003,1001,2,1,0,3,0,,6.1,8,Rain,-1
8/12/2015,35,31,26,27,26,25,91,74,54,1006,1003,1001,2,2,2,0,0,,0,8,,-1
8/13/2015,36,32,28,27,27,26,87,70,52,1004,1002,1000,2,2,2,3,0,,0,,,-1
8/14/2015,33,31,28,27,27,26,84,74,62,1003,1002,1000,2,2,2,14,2,,0,,,-1
8/15/2015,33,30,26,28,27,26,98,83,64,1003,1003,1002,2,2,2,3,2,,9.91,8,Rain,-1
8/16/2015,34,30,26,27,26,26,93,83,64,1005,1003,1002,2,2,2,14,2,,2.03,8,,-1
8/17/2015,35,31,26,27,27,26,95,74,51,1003,1001,999,2,2,2,6,0,,0,,Rain,-1
8/18/2015,36,31,27,27,25,24,89,72,50,1003,1003,1001,2,2,2,16,3,,2.03,8,Rain-Thunderstorm,-1
8/19/2015,35,30,26,26,24,23,81,63,44,1004,1003,1001,3,2,0,175,19,,0,,,-1
8/20/2015,34,31,27,24,24,23,71,58,46,1003,1002,1000,2,2,2,27,16,,0,8,,-1
8/21/2015,34,31,28,28,25,23,90,71,54,1003,1002,1000,2,2,2,19,10,,7.11,8,Rain-Thunderstorm,-1
8/22/2015,33,30,26,25,24,24,79,66,53,1003,1001,999,2,2,2,14,8,,0,8,,-1
8/23/2015,35,31,26,26,25,23,91,67,52,1003,1001,999,2,2,2,13,8,,55.88,8,Rain-Thunderstorm,-1
8/24/2015,34,29,23,26,25,23,97,70,50,1003,1002,1001,3,2,2,11,5,,0,8,Rain-Thunderstorm,-1
8/25/2015,36,31,27,27,24,22,75,57,43,1002,1001,999,3,3,2,21,13,,0,,,-1
8/26/2015,36,32,28,27,25,23,76,58,42,1003,1001,999,3,2,2,14,6,,0,,,-1
8/27/2015,37,32,28,28,26,24,81,62,41,1004,1002,999,3,2,2,11,3,,0,,,-1
8/28/2015,37,32,28,27,26,24,79,64,41,1004,1003,1001,2,2,2,8,2,,0,,,-1
8/29/2015,37,32,27,26,24,23,74,58,38,1003,1001,999,2,2,2,11,3,,0,,,-1
8/30/2015,37,33,29,26,25,23,77,57,38,1003,1001,999,2,2,2,19,8,,0,,,-1
8/31/2015,36,32,28,26,24,22,69,55,37,1004,1002,1000,3,2,2,24,10,,0,,,-1
9/1/2015,36,32,28,24,22,21,66,48,31,1002,1001,999,2,2,2,26,14,,0,,,-1
9/2/2015,36,32,27,23,22,21,60,47,33,1003,1002,1000,2,2,2,24,14,,0,,,-1
9/3/2015,36,32,27,24,22,21,65,47,31,1007,1005,1003,2,2,2,26,10,,0,,,-1
9/4/2015,37,32,27,24,20,18,67,43,22,1009,1008,1007,3,2,2,23,8,,0,,,-1
9/5/2015,36,31,26,23,21,19,64,46,27,1010,1007,1005,3,2,2,23,6,,0,,,-1
9/6/2015,36,31,25,23,21,19,74,47,29,1008,1006,1004,2,2,2,24,6,,0,,,-1
9/7/2015,37,31,26,22,21,18,65,44,23,1007,1006,1004,2,2,2,23,6,,0,,,-1
9/8/2015,36,31,27,23,22,19,67,48,31,1007,1006,1004,3,2,2,35,10,,0,,,-1
9/9/2015,37,31,26,22,21,18,65,46,26,1007,1006,1004,3,2,2,32,11,,0,,,-1
9/10/2015,37,31,25,22,21,18,69,46,24,1009,1007,1004,3,2,2,19,6,,0,,,-1
9/11/2015,36,30,25,24,21,13,74,50,26,1009,1006,1004,3,2,2,14,5,,0,,,-1
9/12/2015,38,32,26,26,23,20,84,57,29,1008,1006,1004,2,2,2,8,2,,0,,,-1
9/13/2015,38,32,27,25,23,21,78,53,29,1009,1006,1003,2,2,2,3,2,,0,,,-1
9/14/2015,38,32,27,25,23,19,75,54,27,1006,1004,1001,2,2,2,10,2,,0,,,-1
9/15/2015,38,32,27,25,24,24,82,56,36,1005,1003,1001,2,2,2,3,0,,0,,,-1
9/16/2015,37,32,28,26,24,22,71,55,38,1006,1003,1001,2,2,2,6,2,,0,,,-1
9/17/2015,36,31,26,25,24,22,79,57,40,1006,1004,1002,2,2,2,6,2,,0,,,-1
9/18/2015,36,32,28,26,26,23,82,64,49,1007,1005,1003,3,2,2,14,5,,2.03,8,,-1
9/19/2015,34,30,26,27,27,25,100,77,55,1006,1004,1001,2,1,0,8,2,,0,8,Rain-Thunderstorm,-1
9/20/2015,36,32,27,27,25,23,83,70,56,1004,1003,1001,2,2,2,11,3,,0,,,-1
9/21/2015,36,31,26,24,24,22,79,64,42,1005,1002,1000,2,2,2,14,3,,0,,,-1
9/22/2015,35,31,26,26,24,23,78,65,43,1004,1002,1000,2,2,2,14,8,,0.25,8,Rain,-1
9/23/2015,32,29,25,23,22,21,73,61,45,1008,1006,1005,2,2,2,24,13,,0,8,,-1
9/24/2015,33,29,24,23,19,17,75,53,29,1006,1005,1003,2,2,2,26,13,,0,,,-1
9/25/2015,34,29,23,21,18,16,72,49,25,1006,1004,1003,3,2,2,21,8,,0,,,-1
9/26/2015,35,29,23,23,21,19,76,54,29,1007,1005,1003,3,2,2,14,5,,0,,,-1
9/27/2015,35,30,25,23,21,19,79,58,37,1008,1007,1006,3,2,2,10,2,,0,,,-1
9/28/2015,34,29,23,22,21,19,82,58,33,1010,1009,1007,2,2,2,11,3,,0,,,-1
9/29/2015,34,28,22,22,21,17,85,58,29,1012,1010,1009,3,2,2,19,6,,0,,,-1
9/30/2015,35,29,22,20,18,16,64,44,23,1013,1011,1010,3,3,2,14,8,,0,,,-1
10/1/2015,35,28,21,20,18,16,76,50,23,1014,1012,1010,3,2,2,13,6,,0,,,-1
10/2/2015,35,28,21,21,19,16,85,53,22,1013,1011,1009,3,2,2,82,8,,0,,,-1
10/3/2015,36,30,23,23,21,19,79,56,28,1012,1009,1006,3,2,0,97,14,,0,,,-1
10/4/2015,37,30,22,22,21,20,81,52,29,1012,1008,1000,3,3,2,10,3,,0,,,-1
10/5/2015,37,29,22,24,22,19,79,59,38,1012,1009,1007,3,2,2,8,2,,0,,,-1
10/6/2015,36,29,23,24,22,19,76,60,41,1011,1009,1007,3,2,2,14,3,,0,,,-1
10/7/2015,34,28,22,24,23,21,85,66,47,1011,1009,1007,2,2,2,19,5,,0,,,-1
10/8/2015,35,29,23,25,23,21,88,66,48,1010,1008,1005,2,2,2,14,3,,0,,,-1
10/9/2015,36,29,22,24,22,19,82,59,40,1007,1005,1002,2,2,2,24,5,,0,,,-1
10/10/2015,37,28,20,23,21,15,82,55,37,1006,1005,1003,3,2,2,19,5,,0,,,-1
10/11/2015,37,29,21,21,19,15,79,51,25,1010,1008,1006,3,3,2,19,5,,0,,,-1
10/12/2015,35,28,21,23,21,17,81,55,33,1012,1010,1008,3,2,0,13,3,,0,,,-1
10/13/2015,35,30,25,25,23,22,84,63,43,1013,1011,1009,2,2,2,10,2,,0,,,-1
10/14/2015,34,30,24,25,22,20,74,62,49,1015,1013,1011,2,2,2,11,6,,0.51,,,-1
10/15/2015,34,28,21,24,22,20,88,66,39,1016,1014,1011,2,2,2,3,0,,0,,,-1
10/16/2015,35,28,22,22,21,11,88,62,14,1015,1014,1012,2,2,2,3,0,,0,,,-1
10/17/2015,34,28,22,23,22,21,88,64,39,1013,1012,1010,2,2,2,11,3,,0,,,-1
10/18/2015,35,28,22,23,22,21,87,71,43,1015,1013,1011,2,1,0,85,8,,0,,,-1
10/19/2015,36,29,22,23,22,21,89,67,37,1014,1012,1010,2,2,2,10,3,,0,,,-1
10/20/2015,36,29,23,23,22,21,86,65,36,1011,1010,1008,2,2,2,10,3,,0,,,-1
10/21/2015,33,27,21,23,21,18,79,63,47,1016,1012,1009,2,1,0,8,2,,0,,,-1
10/22/2015,33,26,18,21,17,15,80,55,25,1014,1012,1010,2,2,2,14,3,,0,,,-1
10/23/2015,32,24,17,17,16,14,77,53,27,1014,1012,1010,2,2,2,14,5,,0,,,-1
10/24/2015,33,26,18,19,16,14,77,52,21,1013,1011,1009,2,2,2,6,2,,0,,,-1
10/25/2015,34,26,18,17,16,13,80,50,19,1015,1013,1010,3,2,2,14,3,,0,,,-1
10/26/2015,33,27,20,18,17,14,74,49,31,1018,1015,1012,2,2,2,16,8,,0,,,-1
10/27/2015,31,24,18,18,17,16,81,56,34,1016,1014,1012,3,2,2,8,3,,0,,,-1
10/28/2015,26,22,17,16,14,12,78,57,35,1017,1015,1013,2,2,2,24,5,,0,,,-1
10/29/2015,28,22,15,18,16,13,80,62,39,1018,1016,1014,2,2,2,3,2,,0,,,-1
10/30/2015,29,23,17,18,17,16,86,67,39,1018,1016,1014,3,2,2,6,2,,0,,Fog,-1
10/31/2015,29,22,16,18,17,16,86,69,40,1017,1016,1014,2,2,2,6,2,,0,,Fog,-1
11/1/2015,31,23,16,21,18,16,96,71,36,1019,1016,1014,2,1,0,3,0,,0,,Fog,-1
11/2/2015,32,24,17,20,18,17,95,72,37,1019,1016,1013,2,2,2,3,0,,0,,Fog,-1
11/3/2015,30,24,18,20,19,17,83,67,42,1016,1014,1012,2,2,2,2,0,,0,,,-1
11/4/2015,32,24,17,20,18,17,90,70,35,1015,1013,1010,2,1,0,3,0,,0,,Fog,-1
11/5/2015,27,23,19,20,19,17,88,76,54,1014,1012,1010,2,2,2,10,5,,1.02,8,Rain,-1
11/6/2015,30,23,17,22,19,16,90,74,49,1014,1012,1011,2,2,2,8,2,,0,,,-1
11/7/2015,29,22,16,20,18,16,90,75,49,1016,1014,1012,2,0,0,8,0,,0,,Fog,-1
11/8/2015,28,22,17,19,18,16,89,70,48,1018,1016,1014,2,1,0,6,2,,0,,Fog,-1
11/9/2015,29,23,16,19,18,16,92,73,40,1017,1015,1013,2,1,0,3,0,,0,,Fog,-1
11/10/2015,29,22,16,21,18,17,96,74,46,1016,1013,1011,2,1,0,6,0,,0,,Fog,-1
11/11/2015,29,22,15,18,15,12,86,61,26,1016,1014,1013,3,1,0,13,3,,0,,Fog,-1
11/12/2015,29,22,16,17,15,13,81,59,32,1017,1015,1014,2,1,0,16,6,,0,,Fog,-1
11/13/2015,29,22,16,17,15,13,83,60,27,1017,1015,1012,2,1,0,19,5,,0,,Fog,-1
11/14/2015,29,23,16,17,16,14,78,59,30,1015,1012,1010,2,1,0,13,3,,0,,Fog,-1
11/15/2015,32,23,15,18,16,14,83,62,26,1014,1012,1010,2,2,2,0,0,,0,,,-1
11/16/2015,29,22,16,16,13,12,82,55,24,1013,1012,1011,2,2,2,8,2,,0,,,-1
11/17/2015,28,21,14,11,11,9,66,45,23,1015,1013,1011,3,2,2,14,6,,0,,,-1
11/18/2015,27,19,11,13,11,9,76,56,23,1018,1016,1014,2,2,2,11,3,,0,,,-1
11/19/2015,27,19,11,16,12,11,86,64,28,1020,1018,1016,2,2,2,8,0,,0,,,-1
11/20/2015,28,20,11,14,13,11,89,65,31,1019,1016,1014,2,1,0,3,0,,0,,Fog,-1
11/21/2015,28,20,11,16,13,11,90,67,29,1018,1015,1013,2,1,0,3,2,,0,,Fog,-1
11/22/2015,29,20,12,14,13,11,93,66,24,1017,1015,1013,2,1,0,3,0,,0,,Fog,-1
11/23/2015,29,20,11,15,12,11,98,74,22,1018,1016,1013,2,2,2,0,0,,0,,,-1
11/24/2015,27,19,11,14,12,11,90,64,29,1019,1016,1014,2,1,0,13,2,,0,,Fog,-1
11/25/2015,28,20,13,13,12,11,78,57,24,1016,1015,1013,2,2,2,19,5,,0,,,-1
11/26/2015,29,20,12,16,12,11,81,58,22,1015,1013,1010,2,2,2,8,0,,0,,,-1
11/27/2015,23,18,13,17,13,7,87,65,43,1012,1011,1009,2,1,0,8,2,,0,,,-1
11/28/2015,24,19,14,19,17,14,95,82,64,1017,1015,1012,2,0,0,6,0,,0,,Fog,-1
11/29/2015,24,18,12,19,16,12,95,81,50,1020,1018,1016,2,0,0,6,2,,0,,Fog,-1
11/30/2015,28,21,14,20,17,14,99,83,56,1020,1017,1014,0,0,0,8,0,,0,,Fog,-1
12/1/2015,26,20,13,17,16,14,100,78,40,1017,1015,1013,2,1,0,8,2,,0,,Fog,-1
12/2/2015,24,19,13,15,14,12,99,73,35,1018,1016,1014,2,1,0,11,2,,0,,Fog,-1
12/3/2015,24,18,11,14,13,12,93,72,42,1019,1017,1014,2,1,0,19,5,,0,,Fog,-1
12/4/2015,27,19,12,13,12,12,92,67,31,1016,1015,1013,2,1,0,14,6,,0,,Fog,-1
12/5/2015,27,19,10,16,13,10,92,72,32,1018,1016,1013,2,1,0,8,0,,0,,Fog,-1
12/6/2015,26,18,10,16,13,11,91,75,46,1018,1016,1014,2,1,0,10,2,,0,,Fog,-1
12/7/2015,26,18,11,17,14,12,94,77,44,1020,1017,1015,2,0,0,8,2,,0,,Fog,-1
12/8/2015,27,19,12,15,13,11,94,74,37,1019,1016,1013,2,1,0,3,0,,0,,Fog,-1
12/9/2015,23,17,11,17,15,12,99,76,45,1017,1015,1013,2,1,0,14,3,,0,8,Fog,-1
12/10/2015,25,19,13,18,16,13,95,77,51,1016,1012,1009,2,1,0,10,2,,0,,Fog,-1
12/11/2015,22,18,14,16,14,12,94,77,44,1013,1011,1009,2,1,0,19,3,,0,,Fog,-1
12/12/2015,16,13,11,13,12,11,97,91,83,1015,1014,1013,0,0,0,11,5,,0,,Fog,-1
12/13/2015,21,13,7,11,8,6,99,68,29,1018,1016,1014,3,2,0,11,3,,0,,Fog,-1
12/14/2015,21,13,6,8,7,6,93,65,27,1019,1017,1015,3,2,2,14,5,,0,,,-1
12/15/2015,22,15,8,10,7,6,91,63,30,1018,1016,1015,3,2,2,13,6,,0,,,-1
12/16/2015,23,14,5,11,7,4,92,65,21,1019,1016,1014,3,2,2,6,2,,0,,,-1
12/17/2015,21,13,5,11,8,6,91,73,35,1018,1017,1015,2,1,0,3,0,,0,,Fog,-1
12/18/2015,21,13,6,9,8,7,98,72,37,1021,1019,1017,2,1,0,14,3,,0,,Fog,-1
12/19/2015,21,13,7,10,8,7,93,71,31,1021,1019,1017,2,1,0,13,3,,0,,Fog,-1
12/20/2015,21,13,5,9,7,5,96,71,28,1021,1019,1016,2,1,0,10,2,,0,,Fog,-1
12/21/2015,21,13,6,11,8,6,94,74,36,1020,1019,1017,2,1,0,8,2,,0,,Fog,-1
12/22/2015,20,13,6,13,9,7,99,80,41,1022,1021,1019,2,1,0,6,0,,0,,Fog,-1
12/23/2015,19,12,6,13,9,7,98,82,53,1022,1021,1020,2,0,0,10,3,,0,,Fog,-1
12/24/2015,19,13,7,9,7,5,99,70,30,1023,1021,1020,2,1,0,19,5,,0,,Fog,-1
12/25/2015,19,12,5,8,6,4,89,65,32,1023,1022,1021,2,1,0,14,6,,0,,,-1
12/26/2015,21,13,5,8,7,6,91,65,27,1023,1021,1018,2,1,0,16,5,,0,,Fog,-1
12/27/2015,22,14,7,12,9,7,92,65,32,1022,1021,1019,2,1,0,11,5,,0,,Fog,-1
12/28/2015,24,18,12,12,11,9,79,58,29,1023,1021,1020,2,2,2,19,11,,0,,,-1
12/29/2015,24,17,11,12,11,9,81,62,38,1020,1019,1016,2,2,2,14,8,,0,,,-1
12/30/2015,25,17,8,12,11,9,95,71,36,1019,1018,1015,2,1,0,6,2,,0,,Fog,-1
12/31/2015,25,17,8,13,10,8,98,71,25,1022,1020,1019,2,1,0,8,2,,0,,Fog,-1
1/1/2014,18,14,10,14,12,10,100,90,70,1023,1021,1020,2,1,0,11,5,,0,,Fog,-1
1/2/2014,18,11,5,11,8,6,100,79,41,1022,1021,1019,2,1,0,14,8,,0,,Fog,-1
1/3/2014,19,12,5,11,8,4,100,74,41,1020,1018,1016,2,2,2,14,5,,0,,Fog,-1
1/4/2014,18,13,7,14,11,8,100,88,66,1019,1016,1014,0,0,0,6,2,,0,,Fog,-1
1/5/2014,19,13,8,14,11,9,100,89,69,1016,1015,1012,0,0,0,3,0,,0,,Fog,-1
1/6/2014,17,12,6,12,9,8,100,88,56,1019,1017,1015,2,1,0,13,5,,0,,Fog,-1
1/7/2014,19,13,6,9,8,7,98,68,38,1019,1018,1016,2,1,0,174,80,,0,,Fog,-1
1/8/2014,21,12,4,10,8,6,100,77,36,1020,1018,1016,2,1,0,8,2,,0,,Fog,-1
1/9/2014,18,12,6,12,10,8,100,85,57,1019,1017,1015,0,0,0,8,0,,0,,Fog,-1
1/10/2014,20,12,5,14,11,6,100,85,61,1018,1016,1015,0,0,0,0,0,,0,,Fog,-1
1/11/2014,18,12,7,12,9,8,100,81,49,1022,1019,1017,2,1,0,14,6,,0,,Fog,-1
1/12/2014,21,13,6,12,10,8,100,81,49,1023,1021,1019,2,1,0,10,2,,0,,Fog,-1
1/13/2014,21,14,7,11,9,8,100,73,31,1022,1020,1018,2,1,0,10,2,,0,,Fog,-1
1/14/2014,22,16,9,14,11,8,100,76,30,1019,1017,1014,2,1,0,6,2,,0,,Fog,-1
1/15/2014,16,13,9,13,11,9,100,94,82,1021,1020,1018,0,0,0,8,2,,0,,Fog,-1
1/16/2014,17,13,9,13,11,11,100,91,72,1021,1020,1018,0,0,0,8,3,,0,,Fog,-1
1/17/2014,13,10,8,13,11,9,100,96,89,1021,1018,1015,2,1,0,10,2,,3.05,8,Fog-Rain,-1
1/18/2014,16,13,10,13,12,10,100,94,79,1024,1019,1015,2,0,0,11,2,,0,8,Fog-Rain,-1
1/19/2014,21,14,8,15,12,10,100,85,59,1026,1024,1022,2,1,0,8,2,,0,,Fog,-1
1/20/2014,22,16,9,13,12,10,100,84,46,1023,1021,1020,2,1,0,10,6,,0,,Fog,-1
1/21/2014,14,13,11,14,13,12,100,97,95,1023,1021,1019,2,1,0,13,6,,5.08,8,Fog-Rain,-1
1/22/2014,18,15,12,16,14,12,99,96,92,1022,1020,1018,2,2,2,10,5,,2.03,8,Rain,-1
1/23/2014,20,17,13,16,14,13,100,90,66,1022,1021,1019,2,1,0,11,6,,0,8,Fog-Rain,-1
1/24/2014,18,14,11,13,12,12,100,89,66,1021,1019,1018,2,1,0,13,8,,0,,Fog,-1
1/25/2014,14,11,9,12,11,11,100,96,86,1023,1020,1018,2,0,0,11,6,,0,8,Fog,-1
1/26/2014,20,14,9,14,12,10,100,86,59,1021,1019,1017,2,1,0,14,8,,0,,Fog,-1
1/27/2014,24,17,10,13,12,11,100,74,40,1021,1019,1017,2,1,0,14,10,,0,,Fog,-1
1/28/2014,24,17,9,14,11,8,94,70,26,1019,1017,1014,2,1,0,14,8,,0,,Fog,-1
1/29/2014,22,16,10,14,13,10,98,81,55,1020,1018,1016,2,0,0,11,3,,0,,Fog,-1
1/30/2014,20,15,10,14,12,11,100,83,60,1021,1019,1017,0,0,0,3,0,,0,,Fog,-1
1/31/2014,21,16,10,13,12,11,100,84,52,1021,1020,1018,2,0,0,11,2,,0,,Fog,-1
2/1/2014,19,16,11,13,11,11,91,79,58,1022,1020,1019,2,1,0,8,2,,0,,Fog,-1
2/2/2014,24,16,7,14,12,8,97,77,47,1020,1017,1015,2,0,0,8,2,,0,,Fog,-1
2/3/2014,28,18,9,14,12,9,95,67,26,1018,1014,1012,2,1,0,13,3,,0,,Fog,-1
2/4/2014,26,19,12,14,13,9,92,61,31,1012,1011,1010,2,1,0,74,34,,0,,Fog,-1
2/5/2014,24,18,12,14,12,8,93,72,27,1013,1011,1010,2,1,0,8,2,,0,8,Fog,-1
2/6/2014,26,18,10,15,13,11,97,69,38,1014,1011,1009,2,1,0,14,3,,0,8,Fog-Rain,-1
2/7/2014,26,21,15,16,14,13,84,65,39,1011,1009,1007,2,2,2,29,14,,0,,Fog,-1
2/8/2014,16,14,11,14,13,10,92,85,71,1013,1011,1010,2,1,0,14,8,,0,8,Fog,-1
2/9/2014,19,13,7,9,7,5,98,65,30,1013,1012,1011,2,1,0,26,10,,0,,Fog,-1
2/10/2014,20,12,4,9,6,2,98,61,21,1014,1012,1011,2,2,2,19,3,,0,8,Fog,-1
2/11/2014,21,13,6,9,7,5,93,65,24,1015,1013,1012,2,1,0,11,3,,0,,Fog,-1
2/12/2014,21,13,6,9,8,6,94,66,26,1015,1013,1012,2,1,0,24,8,,0,,,-1
2/13/2014,22,14,6,11,9,7,99,67,27,1015,1013,1011,2,1,0,11,3,,0,8,Fog,-1
2/14/2014,14,12,11,14,13,12,100,94,80,1015,1012,1009,2,1,0,11,6,,16,8,Rain-Thunderstorm,-1
2/15/2014,17,13,9,13,12,10,99,90,64,1015,1012,1010,2,1,0,8,3,,0,8,Fog,-1
2/16/2014,19,13,7,12,11,8,100,80,49,1017,1015,1014,2,1,0,19,5,,0,,Fog,-1
2/17/2014,21,16,9,12,10,9,91,67,39,1019,1017,1016,2,2,2,34,13,,0,,,-1
2/18/2014,23,16,9,11,9,7,85,59,24,1019,1017,1015,2,2,2,21,8,,0,,,-1
2/19/2014,23,14,7,13,11,8,100,75,42,1019,1017,1014,2,1,0,8,2,,0,,Fog,-1
2/20/2014,24,16,8,16,13,9,100,78,46,1016,1015,1012,2,1,0,10,2,,0,,Fog,-1
2/21/2014,24,17,9,14,12,10,100,72,36,1016,1014,1012,2,1,0,14,5,,0,,Fog,-1
2/22/2014,22,17,12,16,14,13,99,85,60,1020,1017,1014,2,1,0,11,6,,0,,Fog,-1
2/23/2014,22,17,12,15,14,13,99,81,55,1021,1019,1017,2,1,0,14,5,,0,,Fog,-1
2/24/2014,23,17,10,13,11,8,96,70,28,1021,1019,1017,3,1,0,14,6,,0,,Fog,-1
2/25/2014,25,18,10,15,12,9,94,69,26,1020,1017,1015,2,1,0,8,0,,0,8,Fog,-1
2/26/2014,26,19,12,16,14,13,92,71,38,1017,1015,1011,2,1,0,10,2,,0.25,8,Fog-Thunderstorm,-1
2/27/2014,25,19,13,17,15,14,96,76,56,1015,1013,1011,2,2,2,11,3,,8.89,,,-1
2/28/2014,21,17,12,17,14,12,100,88,57,1015,1013,1012,2,1,0,23,11,,9.91,8,Rain-Thunderstorm,-1
3/1/2014,20,16,12,16,14,13,100,89,69,1017,1015,1013,2,2,2,13,2,,0,,,-1
3/2/2014,22,16,10,14,13,12,100,77,46,1019,1017,1015,2,1,0,11,6,,0,,Fog,-1
3/3/2014,26,18,10,13,12,9,96,67,27,1018,1016,1014,3,2,0,11,3,,0,,Fog,-1
3/4/2014,26,19,12,14,13,10,92,66,29,1019,1016,1015,2,1,0,11,3,,0,,Fog,-1
3/5/2014,27,20,13,14,13,12,93,66,30,1018,1016,1013,2,2,2,14,3,,4.06,8,,-1
3/6/2014,26,19,12,13,12,11,93,64,28,1019,1016,1014,3,2,2,11,3,,0,,,-1
3/7/2014,26,18,11,14,12,8,92,62,26,1019,1017,1015,3,2,2,14,5,,0,,,-1
3/8/2014,27,20,13,16,13,11,92,63,29,1020,1017,1015,3,2,2,24,8,,0,,,-1
3/9/2014,29,21,14,17,14,13,96,62,30,1017,1015,1012,3,2,0,26,6,,0.76,8,Fog-Rain-Thunderstorm,-1
3/10/2014,23,19,16,17,14,13,71,62,55,1017,1014,1012,2,2,2,23,6,,4.06,8,Rain-Hail-Thunderstorm,-1
3/11/2014,27,21,15,18,16,13,96,67,49,1015,1013,1010,3,2,2,26,14,,9.91,8,Rain-Hail-Thunderstorm,-1
3/12/2014,27,20,13,18,16,14,97,71,40,1018,1016,1015,3,2,2,11,5,,0,,,-1
3/13/2014,26,19,13,14,12,11,86,59,30,1019,1016,1014,3,2,2,19,11,,0,,,-1
3/14/2014,27,19,12,16,13,12,85,61,32,1017,1015,1012,3,2,2,13,5,,0,,Fog,-1
3/15/2014,29,21,12,16,14,13,95,62,29,1018,1016,1014,2,2,2,10,2,,0,,,-1
3/16/2014,31,23,15,17,15,13,91,59,23,1018,1016,1013,3,2,2,16,5,,0,,,-1
3/17/2014,34,24,16,20,17,13,83,54,23,1014,1012,1009,3,2,2,11,3,,0,,,-1
3/18/2014,30,26,22,19,17,13,73,53,29,1015,1012,1010,3,2,2,16,10,,0,,,-1
3/19/2014,28,22,16,17,14,10,88,57,24,1015,1013,1012,3,2,0,23,8,,0,,Fog,-1
3/20/2014,29,22,15,15,13,9,79,55,22,1013,1011,1009,3,2,0,19,6,,0,,Fog,-1
3/21/2014,32,23,14,18,16,14,92,66,24,1010,1008,1004,3,2,2,11,3,,0,,,-1
3/22/2014,32,24,17,19,17,16,89,58,30,1008,1007,1005,3,2,2,8,3,,0,,,-1
3/23/2014,27,22,17,18,17,14,89,61,42,1012,1010,1008,2,2,2,19,6,,0,8,Rain,-1
3/24/2014,29,23,18,19,18,18,87,72,44,1014,1012,1009,3,2,2,23,8,,1.02,8,Hail-Thunderstorm,-1
3/25/2014,32,24,16,18,17,15,96,62,28,1013,1011,1008,2,2,2,11,2,,0,,,-1
3/26/2014,32,26,19,19,18,17,82,59,31,1012,1011,1008,2,2,2,11,2,,0,,,-1
3/27/2014,29,24,19,19,17,14,78,64,34,1014,1012,1010,2,2,2,10,5,,2.03,8,,-1
3/28/2014,33,26,18,22,19,17,97,68,32,1012,1011,1010,2,2,2,11,3,,2.03,8,Rain-Thunderstorm,-1
3/29/2014,32,26,19,19,18,16,92,55,34,1013,1011,1009,2,2,2,16,8,,0,,,-1
3/30/2014,31,24,17,17,14,9,76,47,17,1012,1010,1008,2,2,2,32,11,,0,,,-1
3/31/2014,31,23,17,16,12,8,71,42,15,1010,1008,1006,2,2,2,23,13,,0,,,-1
4/1/2014,33,24,17,17,14,10,76,46,15,1008,1007,1005,3,2,2,26,10,,0,,,-1
4/2/2014,35,26,17,19,16,14,79,46,22,1007,1006,1002,2,2,2,14,5,,0.25,8,Rain,-1
4/3/2014,32,24,18,17,14,12,78,47,21,1011,1010,1007,3,2,2,26,8,,0,,,-1
4/4/2014,32,26,19,19,15,12,77,48,20,1011,1010,1009,2,2,2,21,11,,0,,,-1
4/5/2014,35,27,19,17,16,14,71,44,21,1011,1009,1007,3,2,2,19,10,,0,,,-1
4/6/2014,38,29,20,21,18,16,77,46,18,1009,1007,1006,3,2,2,19,3,,0,,,-1
4/7/2014,32,27,21,21,18,17,64,48,31,1011,1009,1007,2,2,2,19,13,,0,,,-1
4/8/2014,32,26,19,20,14,12,61,42,21,1012,1010,1008,3,2,2,19,13,,0,,,-1
4/9/2014,33,25,17,16,12,9,75,37,15,1011,1010,1009,3,2,2,26,8,,0,,,-1
4/10/2014,33,26,18,13,11,6,54,31,11,1013,1011,1010,3,2,2,29,11,,0,,,-1
4/11/2014,36,26,17,15,11,6,56,30,9,1011,1009,1006,3,2,2,26,8,,0,,,-1
4/12/2014,37,28,19,17,16,15,70,37,21,1009,1007,1004,2,2,2,11,5,,0,,,-1
4/13/2014,33,28,23,19,16,14,65,41,28,1011,1009,1006,2,2,2,27,13,,0.51,,,-1
4/14/2014,34,28,21,19,17,15,54,45,30,1013,1011,1008,2,2,2,13,8,,0,,Rain,-1
4/15/2014,36,28,20,20,18,16,78,49,20,1012,1009,1007,2,2,2,11,2,,0,,,-1
4/16/2014,34,27,19,19,18,16,88,53,24,1013,1008,1005,2,2,2,8,3,,0,8,Rain,-1
4/17/2014,31,26,20,19,18,17,88,52,35,1008,1007,1006,2,2,2,23,6,,0,,,-1
4/18/2014,30,24,18,20,18,16,92,61,47,1014,1011,1008,3,2,2,37,18,,0,8,Rain-Thunderstorm,-1
4/19/2014,32,26,20,21,18,17,74,58,36,1013,1011,1009,2,2,2,14,5,,0,8,Rain,-1
4/20/2014,33,26,19,18,17,14,85,49,22,1013,1011,1008,2,2,2,11,3,,0,,,-1
4/21/2014,36,27,18,17,13,11,70,37,15,1012,1010,1007,2,2,2,16,8,,0,,,-1
4/22/2014,36,28,20,15,13,12,55,30,15,1014,1012,1009,3,2,2,27,10,,0,,,-1
4/23/2014,36,28,21,18,15,13,53,34,19,1012,1009,1006,3,2,2,16,6,,0,,,-1
4/24/2014,37,29,21,17,15,12,65,37,15,1008,1006,1003,3,2,2,23,6,,0,,,-1
4/25/2014,38,29,21,19,16,13,58,35,17,1009,1006,1004,3,2,2,23,6,,0,,,-1
4/26/2014,38,30,22,17,16,13,57,32,14,1008,1006,1004,3,2,2,16,6,,0,,Rain,-1
4/27/2014,38,29,21,18,14,12,62,31,13,1009,1007,1005,2,2,2,19,5,,0,,,-1
4/28/2014,39,30,21,16,13,11,46,27,11,1008,1006,1003,2,2,2,27,10,,0,,,-1
4/29/2014,41,31,22,17,14,12,48,29,11,1007,1004,1001,3,2,2,26,6,,0,,,-1
4/30/2014,42,32,23,17,14,12,50,27,10,1007,1004,1001,3,2,2,16,3,,0,,,-1
5/1/2014,43,33,24,18,16,13,41,25,12,1004,1002,998,3,2,2,13,5,,0,,,-1
5/2/2014,42,34,26,22,15,12,43,23,15,1004,1002,998,2,2,2,19,10,,0,8,,-1
5/3/2014,38,32,26,20,17,16,38,31,25,1007,1004,1001,2,2,2,19,8,,0,8,,-1
5/4/2014,39,32,22,18,17,16,74,36,16,1006,1003,999,2,2,2,10,3,,0,,,-1
5/5/2014,38,32,26,24,20,18,82,49,26,1009,1005,1003,3,2,2,14,8,,14.99,8,Rain,-1
5/6/2014,36,29,23,22,21,19,72,52,36,1009,1007,1004,2,2,2,14,11,,0,8,,-1
5/7/2014,38,31,24,23,21,18,74,49,23,1008,1005,1002,3,2,2,8,2,,0,,,-1
5/8/2014,39,32,25,23,19,14,67,43,16,1006,1003,999,2,1,0,21,6,,6.1,8,Rain,-1
5/9/2014,38,30,21,21,17,12,79,41,13,1003,1001,998,2,2,2,14,8,,0,,,-1
5/10/2014,38,31,23,19,18,15,62,40,19,1004,1000,999,2,2,2,21,5,,0.51,8,Rain,-1
5/11/2014,35,29,23,21,18,15,59,39,28,1006,1004,1002,2,2,2,13,6,,0,,,-1
5/12/2014,35,30,25,22,19,17,73,50,32,1007,1005,1003,3,2,2,27,13,,0.76,,Rain,-1
5/13/2014,31,24,18,21,20,18,90,66,43,1012,1008,1004,3,2,2,21,8,,0,8,Rain,-1
5/14/2014,32,26,19,21,19,18,86,57,35,1009,1007,1005,2,2,2,19,10,,0,8,Thunderstorm,-1
5/15/2014,35,29,23,18,18,16,62,41,24,1007,1004,1002,2,2,2,16,10,,0,,,-1
5/16/2014,37,31,25,20,18,14,64,39,18,1005,1003,1002,3,2,2,23,10,,0,,,-1
5/17/2014,37,30,24,22,19,17,61,46,22,1010,1007,1004,3,2,2,19,5,,0,,,-1
5/18/2014,39,31,24,22,17,14,70,34,17,1009,1007,1004,2,2,2,27,11,,0,,,-1
5/19/2014,38,31,24,19,16,12,63,31,14,1009,1007,1005,3,2,2,24,10,,0,,,-1
5/20/2014,33,29,23,19,16,14,62,34,15,1012,1007,1003,3,2,2,23,8,,0,,,-1
5/21/2014,38,31,24,19,17,16,57,31,18,1005,1002,1001,2,2,2,19,10,,0,,,-1
5/22/2014,41,32,24,20,17,15,56,32,14,1002,1000,998,3,2,2,27,10,,0,,,-1
5/23/2014,43,34,26,20,19,17,56,33,15,1003,1000,997,3,2,2,29,13,,0.51,8,Rain-Thunderstorm,-1
5/24/2014,41,33,25,25,21,19,91,48,26,1006,1004,1001,3,2,2,24,13,,8.89,8,Snow-Thunderstorm,-1
5/25/2014,39,31,24,22,19,17,78,42,18,1007,1005,1001,3,2,2,60,10,,12.95,,,-1
5/26/2014,36,29,21,23,21,19,79,53,34,1010,1007,1005,3,2,2,14,8,,0,,Thunderstorm,-1
5/27/2014,38,31,24,23,21,18,86,51,23,1008,1005,1002,3,2,2,8,2,,0,,,-1
5/28/2014,41,33,26,24,21,14,74,44,14,1004,1002,999,3,2,2,13,3,,0,,,-1
5/29/2014,43,34,26,24,21,16,75,42,13,1002,1000,997,3,2,2,11,3,,0,,,-1
5/30/2014,43,34,26,25,22,19,76,46,23,1001,999,997,2,2,2,37,8,,0.51,8,Rain-Thunderstorm,-1
5/31/2014,41,33,25,26,21,19,68,40,19,1001,1000,997,2,2,2,19,5,,0,8,,-1
6/1/2014,38,32,26,22,19,15,65,37,24,1005,1003,1000,3,2,2,55,18,,0,8,Rain-Thunderstorm,-1
6/2/2014,39,32,25,22,19,13,57,37,23,1006,1004,1001,3,2,2,14,3,,0,,,-1
6/3/2014,42,34,26,22,19,14,60,34,14,1002,1000,998,3,2,2,14,6,,0,,,-1
6/4/2014,43,34,26,22,19,16,56,32,13,1001,998,996,2,2,2,16,5,,0,,,-1
6/5/2014,44,36,27,22,19,16,54,29,12,999,996,994,3,2,2,14,6,,0,,,-1
6/6/2014,45,37,29,21,19,17,42,28,14,997,995,993,3,2,2,19,10,,0,,,-1
6/7/2014,44,38,31,20,18,17,33,23,14,997,994,993,2,2,2,29,11,,0,,,-1
6/8/2014,45,37,28,21,19,17,42,26,13,995,993,991,2,2,2,19,5,,0,,,-1
6/9/2014,45,38,30,25,21,16,49,30,12,995,993,991,2,2,2,16,5,,0,,,-1
6/10/2014,45,37,28,24,17,14,53,24,11,996,994,992,2,2,2,24,8,,0,,,-1
6/11/2014,43,37,31,19,17,15,33,22,13,998,996,993,3,2,2,27,14,,0,,,-1
6/12/2014,41,36,30,23,21,18,47,37,29,999,997,995,2,2,2,27,14,,3.05,8,Rain-Thunderstorm,-1
6/13/2014,36,29,22,26,22,19,81,55,40,1000,998,995,3,2,2,55,31,,0.76,8,,-1
6/14/2014,37,31,25,27,24,22,78,64,46,1000,998,995,3,2,2,23,5,,3.05,8,Rain-Thunderstorm,-1
6/15/2014,41,34,28,26,25,23,82,55,33,1000,997,995,3,2,2,26,6,,0,,,-1
6/16/2014,41,36,31,27,24,22,50,41,28,998,996,993,3,2,2,21,11,,0,,,-1
6/17/2014,43,37,32,28,23,21,70,39,23,996,994,992,3,2,2,26,14,,0,,,-1
6/18/2014,41,35,29,27,26,24,77,58,33,996,994,992,2,2,2,24,11,,4.06,8,Rain-Thunderstorm,-1
6/19/2014,41,34,28,26,25,24,73,50,31,996,993,990,2,2,2,19,10,,0,,,-1
6/20/2014,43,37,31,26,24,21,60,38,20,993,991,989,3,2,2,26,19,,0,,,-1
6/21/2014,42,37,32,26,24,23,47,40,30,995,993,991,2,2,2,24,13,,0,,,-1
6/22/2014,40,35,30,25,24,22,57,45,29,998,996,994,2,2,2,11,3,,0,,,-1
6/23/2014,38,33,28,24,23,21,65,50,31,1001,997,994,2,2,2,14,5,,3.05,8,,-1
6/24/2014,39,32,26,23,22,22,67,45,30,999,995,993,3,2,2,23,8,,0,,,-1
6/25/2014,38,31,25,25,23,22,84,51,33,999,997,995,2,2,2,37,11,,0,,Rain-Thunderstorm,-1
6/26/2014,38,31,23,26,25,23,95,61,33,1002,1000,998,2,2,2,8,3,,0.25,8,Rain,-1
6/27/2014,39,34,28,27,25,22,82,51,33,1004,1002,999,2,2,2,23,5,,0,,,-1
6/28/2014,39,34,29,26,24,23,65,48,35,1002,1000,996,2,2,2,11,6,,0,,,-1
6/29/2014,39,34,27,27,26,24,88,54,38,999,998,995,2,2,2,26,10,,5.08,8,Rain,-1
6/30/2014,37,31,25,28,26,24,89,70,47,1000,998,995,2,2,2,11,2,,0,8,,-1
7/1/2014,35,32,28,27,26,24,74,65,55,1002,1001,998,2,2,2,11,5,,0,8,,-1
7/2/2014,36,31,25,26,25,23,81,71,52,1003,1001,1000,2,2,2,14,6,,4.06,8,Rain-Thunderstorm,-1
7/3/2014,32,29,26,27,25,23,83,74,64,1000,998,997,2,2,2,14,5,,5.08,,,-1
7/4/2014,37,31,26,28,26,24,90,65,42,999,997,995,2,1,0,14,3,,0.51,8,Rain,-1
7/5/2014,38,33,29,27,25,23,79,54,37,1000,999,996,2,2,2,19,3,,0,,,-1
7/6/2014,37,32,28,25,24,23,70,59,37,1001,1001,1000,2,2,2,21,2,,1.02,8,Thunderstorm,-1
7/7/2014,38,32,27,25,24,22,82,52,31,1000,998,996,2,2,2,14,5,,0,,,-1
7/8/2014,40,34,28,23,22,21,57,39,23,999,997,994,2,2,2,26,6,,0,,,-1
7/9/2014,40,34,29,26,22,18,56,37,27,998,996,994,2,2,2,27,11,,0,,,-1
7/10/2014,41,36,30,26,23,19,57,39,22,999,997,994,2,2,2,27,8,,0,,,-1
7/11/2014,42,36,30,26,23,18,67,40,17,998,996,994,3,2,2,23,6,,0,,,-1
7/12/2014,42,36,30,28,26,23,68,49,25,998,996,992,2,2,2,13,3,,0,,,-1
7/13/2014,40,33,27,28,27,24,85,69,40,1000,998,997,2,2,2,27,6,,25.91,8,Rain-Thunderstorm,-1
7/14/2014,36,31,26,28,27,26,82,68,54,1000,998,994,2,2,2,14,5,,0,,,-1
7/15/2014,39,33,28,28,27,26,82,64,43,997,996,993,2,2,2,11,6,,0,,,-1
7/16/2014,37,32,28,27,26,25,76,63,49,1000,998,994,2,2,2,13,10,,0,,,-1
7/17/2014,37,32,27,27,27,26,98,71,47,998,996,993,2,2,2,14,10,,56.9,8,Rain-Thunderstorm,-1
7/18/2014,29,27,24,26,26,24,95,85,76,996,995,993,2,2,2,11,2,,3.05,8,Rain,-1
7/19/2014,33,29,25,26,25,24,87,72,53,996,995,994,2,2,2,19,5,,0,8,,-1
7/20/2014,34,30,26,27,26,25,86,69,49,998,996,995,2,2,2,14,5,,0,,,-1
7/21/2014,36,31,27,27,26,26,82,66,47,998,996,994,2,2,2,10,3,,0,,,-1
7/22/2014,36,32,29,28,27,25,77,69,55,998,997,996,2,2,2,29,6,,3.05,,Rain,-1
7/23/2014,34,31,28,27,26,26,81,72,56,999,998,996,2,2,2,16,8,,0,8,,-1
7/24/2014,34,30,27,27,25,23,85,65,50,1001,999,997,2,2,2,21,10,,0,,,-1
7/25/2014,34,30,26,25,24,24,75,63,51,1002,1001,999,2,2,2,14,10,,0,8,Rain,-1
7/26/2014,37,32,27,27,26,24,76,62,42,1003,1002,1000,2,2,2,19,6,,0,,,-1
7/27/2014,37,32,28,27,26,25,73,65,41,1004,1002,1000,2,2,2,34,6,,0,,,-1
7/28/2014,33,30,27,27,26,26,91,74,60,1002,1000,998,2,2,2,114,11,,3.05,8,Rain,-1
7/29/2014,34,30,26,27,26,25,91,71,56,1000,999,998,2,2,2,11,5,,0,8,,-1
7/30/2014,36,31,26,27,26,26,87,67,48,1001,1000,997,2,2,2,11,3,,0,8,,-1
7/31/2014,35,31,28,27,27,26,79,65,50,1002,1000,997,2,2,2,16,5,,0,,,-1
8/1/2014,37,32,28,27,26,25,82,61,43,1001,998,995,2,2,2,10,5,,0,,,-1
8/2/2014,35,32,28,27,27,26,92,76,51,998,997,995,2,2,2,8,0,,38.1,8,Rain,-1
8/3/2014,36,31,27,27,26,25,88,67,49,997,995,993,2,2,2,13,3,,0,,,-1
8/4/2014,35,31,28,26,26,25,81,70,51,998,996,995,2,2,2,11,3,,0,,,-1
8/5/2014,33,30,27,27,26,25,82,76,59,999,998,996,2,2,2,11,2,,0.51,8,Rain,-1
8/6/2014,35,31,27,27,26,24,92,68,53,998,997,995,2,2,2,10,3,,0,,,-1
8/7/2014,34,31,27,26,25,25,76,65,52,998,997,995,2,2,2,16,8,,0,,,-1
8/8/2014,35,31,27,27,26,25,79,67,53,1000,998,996,2,2,2,14,5,,0.51,,,-1
8/9/2014,35,31,27,27,26,26,85,69,54,1002,1000,998,2,2,2,16,5,,0,,,-1
8/10/2014,32,30,27,28,27,26,91,83,72,1002,1001,1000,2,2,2,13,3,,76.96,8,Rain-Thunderstorm,-1
8/11/2014,36,30,25,28,26,25,91,73,49,1002,1000,997,2,2,2,8,3,,0,8,Rain,-1
8/12/2014,36,32,27,28,25,23,83,61,48,1001,999,996,2,2,2,13,5,,0,,,-1
8/13/2014,36,31,27,26,24,22,71,57,44,1000,998,996,3,2,2,27,16,,0,,,-1
8/14/2014,36,31,26,24,23,22,82,57,43,999,997,995,3,2,2,29,19,,0,,,-1
8/15/2014,35,31,27,24,23,22,64,54,43,1001,999,998,2,2,2,27,14,,0,,,-1
8/16/2014,34,30,26,25,24,23,77,61,46,1004,1002,1000,2,2,2,19,5,,0,,,-1
8/17/2014,36,31,26,25,22,20,69,52,31,1005,1003,1001,3,2,2,14,10,,0,,,-1
8/18/2014,36,31,27,25,24,23,77,58,40,1007,1005,1004,2,2,2,13,5,,0,,,-1
8/19/2014,37,32,27,26,24,22,77,54,33,1007,1005,1003,2,2,2,16,5,,0,,,-1
8/20/2014,38,33,28,24,23,20,69,45,27,1005,1003,1001,2,2,2,19,8,,0,,,-1
8/21/2014,38,33,28,23,21,19,60,42,25,1003,1001,999,2,2,2,27,11,,0,,,-1
8/22/2014,38,32,26,26,22,21,65,47,29,1004,1002,1001,3,2,2,23,6,,0,,,-1
8/23/2014,38,32,27,25,22,20,72,47,26,1005,1003,1001,2,2,2,23,6,,0,,,-1
8/24/2014,38,33,28,24,22,19,64,46,25,1004,1003,1001,3,2,2,26,8,,0,,,-1
8/25/2014,39,33,27,24,23,21,69,47,28,1004,1003,1001,3,2,2,16,6,,0,,,-1
8/26/2014,39,34,29,24,22,21,63,42,27,1003,1002,999,3,2,2,19,8,,0,,,-1
8/27/2014,38,32,27,25,22,21,57,43,31,1003,1001,998,3,2,2,21,6,,0,,,-1
8/28/2014,37,32,27,26,24,22,76,67,49,1005,1004,1002,3,2,2,35,5,,7.11,8,Rain,-1
8/29/2014,34,30,26,27,25,24,85,69,53,1006,1004,1001,2,2,2,14,3,,0,8,,-1
8/30/2014,34,29,23,27,26,23,88,77,58,1005,1003,1001,2,2,2,14,3,,2.03,8,Rain-Thunderstorm,-1
8/31/2014,34,29,25,27,26,24,92,86,77,1003,1001,999,2,2,2,16,3,,36.07,8,Rain-Thunderstorm,-1
9/1/2014,35,30,24,24,24,23,87,67,45,1003,1001,999,3,2,2,48,13,,0.51,,,-1
9/2/2014,34,30,26,27,24,23,83,71,47,1003,1002,1000,3,2,2,21,10,,2.03,,Rain,-1
9/3/2014,33,29,26,26,25,24,89,76,54,1002,1002,999,2,2,2,26,16,,0.51,8,Rain-Thunderstorm,-1
9/4/2014,32,29,25,26,25,24,89,81,68,1003,1001,999,3,2,0,21,8,,12.95,8,Rain-Thunderstorm,-1
9/5/2014,30,28,25,25,24,24,92,85,69,1003,1000,999,2,2,2,26,11,,10.92,8,Rain-Thunderstorm,-1
9/6/2014,32,28,23,26,25,24,94,78,57,1004,1002,1000,2,2,2,8,2,,0,8,,-1
9/7/2014,34,30,26,27,26,24,88,68,49,1005,1003,1002,2,2,2,6,2,,0,,,-1
9/8/2014,36,31,26,26,26,25,83,67,50,1005,1004,1001,2,2,2,13,2,,0,,,-1
9/9/2014,35,31,27,27,26,26,80,69,53,1004,1002,1000,2,2,2,11,2,,0,,,-1
9/10/2014,36,31,26,27,26,24,85,77,54,1005,1003,1001,2,2,2,13,3,,1.02,8,Rain,-1
9/11/2014,29,27,25,25,24,23,93,85,77,1007,1005,1004,2,1,0,119,11,,14.99,8,Rain,-1
9/12/2014,33,28,23,25,24,23,94,74,50,1008,1005,1001,2,2,2,10,0,,0,,,-1
9/13/2014,34,29,23,26,24,23,90,68,44,1006,1004,1001,2,2,2,11,5,,0,,,-1
9/14/2014,34,30,26,25,23,21,84,65,48,1006,1004,1002,2,2,2,14,5,,0,,,-1
9/15/2014,34,28,22,25,23,21,83,63,42,1006,1004,1002,3,2,2,19,5,,0,,,-1
9/16/2014,34,30,26,26,24,23,83,65,43,1005,1003,1001,2,2,2,21,5,,0,,,-1
9/17/2014,35,30,26,26,24,22,83,62,41,1004,1002,1001,3,2,2,19,5,,0,,,-1
9/18/2014,36,30,25,25,24,22,84,62,38,1005,1004,1002,2,2,2,19,5,,0,,,-1
9/19/2014,36,31,25,25,23,20,83,57,30,1006,1004,1001,3,2,2,14,3,,0,,,-1
9/20/2014,36,31,26,24,23,20,78,56,31,1005,1003,1000,3,2,2,11,3,,0,,,-1
9/21/2014,36,30,25,25,22,21,78,56,34,1005,1004,1002,3,2,2,14,5,,0,,,-1
9/22/2014,36,30,25,24,22,20,73,52,32,1006,1004,1003,3,2,2,29,11,,0,,,-1
9/23/2014,36,30,24,23,20,19,71,48,30,1006,1004,1002,3,3,2,148,24,,0,,,-1
9/24/2014,36,30,24,23,21,19,71,49,28,1007,1006,1004,3,2,2,26,8,,0,,,-1
9/25/2014,36,30,24,23,21,18,79,53,27,1009,1007,1006,3,2,2,19,8,,0,,,-1
9/26/2014,36,30,24,23,21,17,77,52,23,1010,1008,1006,3,2,2,16,5,,0,,,-1
9/27/2014,36,31,25,23,21,18,74,47,26,1011,1009,1008,3,2,2,16,8,,0,,,-1
9/28/2014,36,31,25,23,21,17,73,49,24,1012,1009,1008,3,2,2,14,6,,0,,,-1
9/29/2014,36,30,24,23,21,18,76,49,27,1012,1009,1007,3,2,2,19,6,,0,,,-1
9/30/2014,37,31,24,23,21,16,81,51,21,1011,1009,1007,3,2,2,19,5,,0,,,-1
10/1/2014,37,30,24,23,21,17,75,52,21,1012,1010,1009,3,2,2,11,3,,0,,,-1
10/2/2014,37,31,24,23,21,18,79,53,26,1012,1009,1007,3,2,2,10,2,,0,,,-1
10/3/2014,37,30,24,23,21,18,83,53,24,1010,1008,1006,3,2,2,14,2,,0,,,-1
10/4/2014,38,31,24,24,21,18,77,53,24,1011,1009,1006,3,2,2,0,0,,0,,,-1
10/5/2014,37,31,24,24,22,19,84,56,25,1012,1010,1008,3,2,2,0,0,,0,,,-1
10/6/2014,37,31,24,24,22,18,78,57,25,1013,1010,1007,2,2,2,0,0,,0,,,-1
10/7/2014,36,30,24,24,23,22,81,60,37,1011,1008,1006,2,2,2,6,0,,0,,,-1
10/8/2014,35,30,24,24,21,18,76,54,36,1013,1010,1007,2,2,2,21,3,,0,,,-1
10/9/2014,34,28,22,21,18,16,69,48,25,1013,1010,1008,3,2,2,11,3,,0,,,-1
10/10/2014,34,27,20,27,19,15,74,57,22,1011,1009,1007,3,2,2,14,3,,0,,,-1
10/11/2014,33,27,19,20,18,16,80,58,29,1010,1008,1006,2,2,2,26,5,,0,,,-1
10/12/2014,43,31,18,19,18,16,82,57,25,1011,1008,1000,2,2,2,3,0,,0,,,-1
10/13/2014,33,26,18,23,21,18,82,61,40,1012,1010,1007,2,2,2,14,5,,0,,,-1
10/14/2014,29,26,22,21,20,19,75,67,53,1013,1010,1008,2,2,2,14,6,,2.03,8,,-1
10/15/2014,30,24,19,21,19,18,83,67,41,1016,1013,1004,3,2,2,8,3,,0,,,-1
10/16/2014,31,23,16,19,16,13,87,60,26,1015,1014,1012,3,2,2,19,3,,0,,,-1
10/17/2014,31,23,16,17,15,12,83,52,24,1016,1014,1012,2,1,0,8,2,,0,,,-1
10/18/2014,31,23,16,18,16,14,78,51,28,1015,1013,1011,2,1,0,174,82,,0,,,-1
10/19/2014,31,23,16,17,16,14,90,58,27,1014,1012,1011,2,2,2,11,3,,0,,,-1
10/20/2014,32,24,16,18,17,15,84,56,29,1014,1013,1011,2,2,2,14,3,,0,,,-1
10/21/2014,33,26,18,18,17,16,86,57,28,1016,1014,1012,2,2,2,6,2,,0,,,-1
10/22/2014,34,26,18,21,19,18,89,64,29,1018,1015,1012,2,2,2,3,0,,0,,,-1
10/23/2014,33,26,18,22,19,18,89,66,32,1015,1013,1010,2,1,0,8,0,,0,,Fog,-1
10/24/2014,33,26,19,21,20,19,87,68,39,1014,1012,1009,2,1,0,8,2,,0,,Fog,-1
10/25/2014,32,26,18,22,20,19,91,68,41,1014,1012,1010,2,1,0,3,0,,0,,Fog,-1
10/26/2014,32,26,19,19,19,18,89,65,37,1016,1015,1013,2,2,2,10,2,,0,,,-1
10/27/2014,32,26,19,19,18,16,89,64,27,1016,1014,1011,2,1,0,10,2,,0,,Fog,-1
10/28/2014,32,25,18,20,18,17,87,64,34,1014,1012,1009,2,1,0,10,2,,0,,,-1
10/29/2014,32,26,19,21,19,18,85,66,33,1014,1012,1010,2,1,0,13,2,,0,,Fog,-1
10/30/2014,32,24,18,19,17,14,87,62,24,1031,1014,1010,2,1,0,8,2,,0,,Fog,-1
10/31/2014,30,23,16,17,16,13,84,59,26,1015,1013,1012,2,1,0,11,3,,0,,Fog,-1
11/1/2014,29,22,16,16,14,8,80,53,19,1015,1014,1013,2,1,0,11,3,,0,,,-1
11/2/2014,31,23,16,15,13,10,69,48,18,1015,1014,1012,2,1,0,21,6,,0,,,-1
11/3/2014,31,23,15,17,14,12,79,53,24,1016,1014,1011,2,1,0,14,3,,0,,Fog,-1
11/4/2014,32,24,17,18,16,13,81,56,23,1014,1012,1010,2,1,0,13,5,,0,,Fog,-1
11/5/2014,30,23,17,17,16,14,81,57,29,1014,1013,1011,2,1,0,14,3,,0,,Fog,-1
11/6/2014,31,23,16,17,15,13,75,54,25,1014,1012,1010,2,2,2,14,5,,0,,,-1
11/7/2014,32,24,16,20,18,16,92,66,28,1014,1013,1011,2,2,2,11,2,,0,,,-1
11/8/2014,32,24,17,20,18,16,89,67,33,1016,1014,1013,2,1,0,10,2,,0,,Fog,-1
11/9/2014,31,24,17,18,17,14,86,59,27,1016,1015,1014,2,1,0,11,3,,0,,Fog,-1
11/10/2014,29,23,16,14,13,11,73,51,24,1016,1014,1012,2,1,0,10,3,,0,,,-1
11/11/2014,28,20,11,13,11,7,80,55,16,1016,1015,1013,2,1,0,13,2,,0,,Fog,-1
11/12/2014,27,19,11,12,11,8,81,53,22,1018,1016,1014,2,1,0,11,2,,0,,Fog,-1
11/13/2014,27,19,12,12,10,6,77,51,16,1019,1016,1015,2,1,0,11,3,,0,,Fog,-1
11/14/2014,27,18,9,9,7,3,74,46,12,1019,1016,1014,2,2,2,23,5,,0,,,-1
11/15/2014,27,19,11,10,8,6,74,44,16,1017,1015,1013,2,1,0,11,3,,0,,Fog,-1
11/16/2014,27,18,9,11,8,3,72,45,12,1017,1015,1013,2,2,2,11,2,,0,,,-1
11/17/2014,27,18,9,12,9,6,78,52,17,1019,1016,1014,2,2,2,14,2,,0,,,-1
11/18/2014,28,18,8,12,9,7,80,52,17,1020,1017,1015,2,2,2,8,2,,0,,,-1
11/19/2014,28,18,8,12,9,6,85,58,14,1019,1017,1015,2,1,0,10,2,,0,,,-1
11/20/2014,28,20,12,13,10,8,84,54,19,1017,1015,1013,2,1,0,10,3,,0,,Fog,-1
11/21/2014,27,18,9,13,11,9,83,61,23,1016,1014,1012,2,2,2,11,2,,0,,,-1
11/22/2014,27,18,8,13,10,7,82,59,19,1015,1013,1011,2,2,2,8,2,,0,,,-1
11/23/2014,28,18,8,11,9,4,89,58,13,1017,1015,1012,2,1,0,11,2,,0,,Fog,-1
11/24/2014,26,17,8,11,8,7,75,52,22,1018,1016,1014,2,2,2,10,3,,0,,,-1
11/25/2014,26,17,8,11,8,6,80,52,18,1018,1015,1013,2,2,2,14,2,,0,,,-1
11/26/2014,27,18,9,11,8,4,73,49,16,1014,1011,1009,2,2,2,14,5,,0,,,-1
11/27/2014,29,19,9,13,11,9,85,62,23,1013,1012,1010,2,1,0,0,0,,0,,Fog,-1
11/28/2014,30,20,10,17,13,11,98,68,29,1014,1012,1011,2,1,0,0,0,,0,,Fog,-1
11/29/2014,31,22,13,17,14,13,87,67,31,1015,1012,1010,2,1,0,0,0,,0,,Fog,-1
11/30/2014,30,22,13,14,11,5,94,57,12,1015,1014,1012,2,1,0,14,2,,0,,Fog,-1
12/1/2014,29,20,11,11,8,3,89,45,11,1015,1014,1012,2,1,0,23,6,,0,,Fog,-1
12/2/2014,28,21,13,11,9,7,59,44,16,1015,1014,1013,2,2,2,23,10,,0,,,-1
12/3/2014,33,23,14,27,19,9,89,66,20,1015,1007,997,2,2,2,24,8,,0.51,8,Rain-Thunderstorm,-1
12/4/2014,32,22,13,26,16,8,89,67,20,1017,1010,999,3,2,0,11,5,,0,8,Rain-Thunderstorm,-1
12/5/2014,27,19,10,12,11,7,83,59,18,1019,1017,1015,2,1,0,13,2,,0,,Fog,-1
12/6/2014,27,19,11,11,9,6,88,52,16,1019,1016,1014,2,2,2,11,5,,0,,,-1
12/7/2014,27,19,10,9,7,4,74,48,14,1016,1015,1013,2,2,2,14,3,,0,,,-1
12/8/2014,26,18,10,9,8,6,79,48,16,1016,1015,1013,2,2,2,11,2,,0,,,-1
12/9/2014,29,19,8,12,9,8,87,67,28,1018,1016,1014,2,1,0,0,0,,0,,Fog,-1
12/10/2014,23,16,8,9,4,-3,89,53,8,1020,1017,1015,3,2,0,23,3,,0,,Fog,-1
12/11/2014,29,18,6,25,14,1,93,68,15,1019,1012,1004,2,1,0,13,3,,14.99,8,Rain,-1
12/12/2014,22,13,5,24,11,5,94,66,21,1020,1014,1006,2,2,2,3,0,,0,,,-1
12/13/2014,21,16,10,14,11,8,84,71,39,1018,1016,1014,2,1,0,14,5,,0,8,Fog,-1
12/14/2014,16,14,14,15,14,13,99,89,85,1019,1016,1015,2,1,0,10,6,,12.95,8,Rain-Thunderstorm,-1
12/15/2014,39,26,12,27,14,11,93,76,47,1020,1016,993,2,2,2,10,2,,0,8,Rain,-1
12/16/2014,37,23,9,26,13,9,98,73,33,1023,1017,994,3,1,0,19,5,,0,,Fog,-1
12/17/2014,19,14,9,10,9,7,95,72,36,1022,1021,1019,2,1,0,14,6,,0,,Fog,-1
12/18/2014,17,12,7,9,9,8,97,78,50,1023,1021,1020,2,1,0,11,5,,0,,Fog,-1
12/19/2014,16,12,7,11,9,8,100,83,57,1025,1023,1021,0,0,0,3,0,,0,,Fog,-1
12/20/2014,17,12,7,9,8,8,93,77,46,1022,1019,1016,2,1,0,13,5,,0,8,Fog,-1
12/21/2014,15,11,6,8,7,6,94,79,56,1020,1018,1017,2,0,0,6,3,,0,,Fog,-1
12/22/2014,16,10,4,9,7,4,98,85,61,1019,1017,1015,0,0,0,3,2,,0,,Fog,-1
12/23/2014,16,11,6,8,7,6,97,79,53,1020,1017,1016,2,0,0,10,2,,0,,Fog,-1
12/24/2014,16,10,5,9,7,5,99,82,53,1027,1021,1019,0,0,0,10,2,,0,,Fog,-1
12/25/2014,16,11,6,8,7,6,95,81,46,1023,1020,1019,2,1,0,11,8,,0,,Fog,-1
12/26/2014,17,11,6,9,8,6,98,78,53,1021,1018,1016,2,1,0,14,11,,0,,Fog,-1
12/27/2014,19,12,4,8,6,4,100,69,26,1021,1018,1016,2,1,0,11,2,,0,,Fog,-1
12/28/2014,18,10,2,11,7,2,100,85,51,1022,1020,1018,0,0,0,6,0,,0,,Fog,-1
12/29/2014,21,13,4,10,7,3,100,74,21,1020,1018,1015,2,0,0,11,2,,0,,Fog,-1
12/30/2014,19,12,4,9,7,4,99,71,33,1017,1015,1012,2,0,0,10,2,,0,,Fog,-1
12/31/2014,18,13,8,9,7,1,88,66,23,1019,1016,1014,2,1,0,10,5,,0,,Fog,-1
1/1/2013,15,9,4,9,8,7,99,82,57,1018,1016,1014,2,0,0,0,0,,0,,Fog,-1
1/2/2013,9,7,4,7,7,6,99,93,80,1019,1017,1015,2,0,0,10,2,,0,,Fog,-1
1/3/2013,13,8,4,7,6,4,99,85,52,1020,1019,1017,2,1,0,11,6,,0,,Fog,-1
1/4/2013,16,9,2,6,4,4,98,71,33,1020,1017,1015,2,1,0,8,2,,0,,Fog,-1
1/5/2013,12,7,3,5,4,3,97,86,51,1017,1016,1015,2,0,0,11,3,,0,,Fog,-1
1/6/2013,12,7,2,8,5,3,100,83,66,1020,1018,1016,2,1,0,8,2,,0,,Fog,-1
1/7/2013,13,8,2,5,4,3,100,79,43,1022,1020,1019,2,1,0,11,5,,0,,Fog,-1
1/8/2013,15,9,3,6,4,2,99,67,33,1020,1019,1017,2,1,0,21,8,,0,,Fog,-1
1/9/2013,21,12,4,4,3,0,86,52,15,1020,1018,1015,2,1,0,23,8,,0,,Fog,-1
1/10/2013,13,10,9,8,6,6,77,65,49,1016,1015,1015,2,2,2,11,10,,0,,,-1
1/11/2013,22,14,7,9,7,4,71,49,21,1018,1016,1014,2,2,2,26,8,,0,,,-1
1/12/2013,25,16,7,12,10,8,93,75,46,1019,1016,1014,2,1,0,71,8,,0,,Fog,-1
1/13/2013,23,17,10,14,12,9,89,71,46,1014,1013,1012,2,1,0,11,8,,0,,Fog,-1
1/14/2013,21,16,11,13,12,11,100,89,58,1017,1015,1013,2,0,0,3,0,,0,,Fog,-1
1/15/2013,22,14,6,12,10,8,100,72,39,1017,1016,1014,2,1,0,3,0,,0,,Fog,-1
1/16/2013,24,16,8,14,12,10,100,86,51,1019,1017,1015,2,0,0,0,0,,0,,Fog,-1
1/17/2013,21,17,12,15,14,13,95,81,56,1018,1016,1014,2,1,0,14,3,,10.92,8,Fog-Rain-Hail-Thunderstorm,-1
1/18/2013,16,13,11,15,13,11,100,92,71,1018,1015,1012,2,2,2,19,6,,0,8,Rain,-1
1/19/2013,18,13,7,11,9,4,96,73,29,1022,1022,1020,3,2,0,16,5,,0,,Fog,-1
1/20/2013,17,12,6,9,8,7,97,79,45,1022,1021,1019,2,1,0,21,8,,0,,Fog,-1
1/21/2013,19,13,6,9,7,6,87,72,34,1022,1021,1020,3,2,2,8,5,,0,,,-1
1/22/2013,17,11,4,9,7,4,100,80,31,1023,1022,1021,2,1,0,11,3,,0,,Fog,-1
1/23/2013,20,13,7,8,7,6,98,61,29,1022,1021,1019,2,1,0,11,3,,0,,Fog,-1
1/24/2013,20,13,6,8,7,6,95,66,30,1023,1021,1019,2,1,0,11,3,,0,,Fog,-1
1/25/2013,18,12,6,8,7,4,83,67,28,1022,1021,1020,2,1,0,19,6,,0,,Fog,-1
1/26/2013,21,13,6,9,6,4,92,59,30,1021,1020,1018,3,2,2,14,8,,0,,,-1
1/27/2013,22,14,7,8,7,6,92,66,24,1020,1018,1016,3,2,2,14,5,,0,,,-1
1/28/2013,22,14,7,8,7,5,87,55,24,1020,1018,1016,2,2,2,11,3,,0,,,-1
1/29/2013,23,14,7,10,8,6,93,66,26,1018,1017,1015,2,2,2,19,2,,0,,,-1
1/30/2013,24,15,6,13,9,7,96,70,32,1019,1018,1016,2,1,0,3,0,,0,,Fog,-1
1/31/2013,22,14,7,13,10,8,97,70,33,1020,1019,1016,2,0,0,8,2,,0,,Fog,-1
2/1/2013,24,17,9,15,12,8,96,68,35,1018,1015,1012,2,1,0,8,2,,0,,Fog,-1
2/2/2013,24,18,12,14,13,11,95,78,39,1019,1017,1016,2,1,0,10,2,,0,,Fog,-1
2/3/2013,26,18,9,16,11,8,93,67,22,1017,1015,1013,2,1,0,8,2,,0,8,Fog-Rain,-1
2/4/2013,19,18,16,15,14,13,78,72,66,1017,1015,1013,3,2,0,19,6,,7.87,8,Rain,-1
2/5/2013,18,16,13,17,16,14,100,92,83,1019,1016,1013,2,1,0,23,10,,11.94,8,Rain-Thunderstorm,-1
2/6/2013,21,18,15,17,14,11,99,75,42,1020,1018,1017,3,2,0,23,10,,0,8,Fog-Rain,-1
2/7/2013,21,14,9,10,9,8,78,56,36,1021,1019,1016,3,3,2,19,13,,0,,,-1
2/8/2013,22,16,10,11,9,8,93,72,36,1018,1017,1015,3,2,2,14,10,,0,,,-1
2/9/2013,22,16,8,10,9,7,90,64,27,1019,1017,1015,3,2,2,19,8,,0,,,-1
2/10/2013,23,15,7,13,11,8,95,69,34,1019,1017,1015,2,1,0,11,3,,0,,Fog,-1
2/11/2013,23,16,8,13,11,8,98,70,29,1019,1016,1014,3,1,0,14,3,,0,,Fog,-1
2/12/2013,23,16,9,12,11,7,95,71,26,1020,1017,1016,2,1,0,11,5,,0,,Fog,-1
2/13/2013,25,18,10,13,11,8,94,70,29,1018,1016,1014,3,2,2,14,8,,0,,,-1
2/14/2013,27,18,10,13,11,8,93,65,26,1016,1014,1012,3,2,2,10,5,,0,,,-1
2/15/2013,23,18,12,16,13,12,89,69,40,1014,1012,1009,3,2,2,23,5,,0,8,Rain-Thunderstorm,-1
2/16/2013,16,14,13,14,13,13,96,92,85,1010,1008,1005,2,2,2,21,10,,6.1,8,Rain,-1
2/17/2013,17,14,12,13,13,12,100,91,73,1015,1012,1009,2,2,2,0,0,,2.03,8,Rain,-1
2/18/2013,20,14,9,14,12,11,100,79,57,1016,1016,1014,3,1,0,26,8,,0,,Fog,-1
2/19/2013,22,17,11,15,13,12,98,81,47,1017,1016,1014,2,2,2,19,5,,0,,,-1
2/20/2013,23,17,10,15,14,13,95,75,46,1019,1017,1015,2,1,0,23,5,,0,,Fog,-1
2/21/2013,27,20,13,16,14,13,100,69,35,1017,1015,1013,3,1,0,11,5,,0,,Fog,-1
2/22/2013,27,21,15,16,15,13,86,65,40,1020,1016,1014,2,2,2,19,10,,0,8,Thunderstorm,-1
2/23/2013,22,20,14,16,14,13,90,73,59,1020,1016,1014,2,2,2,21,11,,3.05,8,Rain,-1
2/24/2013,23,17,11,14,13,12,97,79,47,1020,1019,1017,3,2,2,19,5,,0,,,-1
2/25/2013,24,17,11,14,13,12,98,73,37,1020,1019,1016,3,2,2,14,3,,0,,,-1
2/26/2013,26,18,9,14,12,11,95,72,37,1019,1016,1013,2,1,0,108,11,,0,,,-1
2/27/2013,28,22,16,14,13,8,84,56,22,1016,1014,1013,3,2,2,14,8,,0,,,-1
2/28/2013,26,19,13,14,11,8,86,57,21,1019,1017,1015,3,2,2,19,6,,0,,,-1
3/1/2013,25,19,12,10,9,7,66,47,27,1018,1017,1015,2,2,2,34,23,,0,,,-1
3/2/2013,27,19,12,13,11,8,74,57,24,1017,1016,1015,3,2,2,29,18,,0,,,-1
3/3/2013,28,20,13,14,13,11,87,63,26,1017,1016,1014,3,2,2,26,8,,0,,,-1
3/4/2013,29,21,12,13,11,6,96,67,14,1017,1016,1014,2,2,2,14,6,,0,,,-1
3/5/2013,31,21,12,17,13,11,92,62,20,1018,1016,1014,2,2,2,11,3,,0,,,-1
3/6/2013,30,22,13,17,14,9,91,65,20,1017,1016,1014,3,2,2,23,5,,0,,,-1
3/7/2013,31,23,16,17,15,11,90,57,22,1017,1015,1013,3,2,2,21,8,,0,,,-1
3/8/2013,32,22,13,16,13,10,89,47,19,1017,1015,1013,3,2,2,14,6,,0,,,-1
3/9/2013,33,23,13,18,14,10,89,51,15,1014,1010,1007,3,2,2,19,3,,0,,,-1
3/10/2013,32,24,17,18,15,12,79,56,25,1010,1008,1006,3,2,2,11,5,,0,,,-1
3/11/2013,31,23,17,19,18,17,81,66,41,1012,1011,1009,2,2,2,6,0,,0,,,-1
3/12/2013,31,24,17,19,17,13,84,62,24,1012,1011,1010,2,1,0,11,5,,0,,Fog,-1
3/13/2013,24,18,18,17,17,17,85,72,58,1011,1010,1009,2,2,2,0,0,,0,,,-1
3/14/2013,28,23,18,18,16,14,83,60,43,1014,1012,1009,3,2,2,23,13,,0,,,-1
3/15/2013,30,22,14,17,14,10,87,52,20,1018,1016,1014,3,2,2,14,6,,0,,,-1
3/16/2013,28,21,14,17,15,14,90,65,30,1018,1016,1015,2,2,2,11,3,,0,,,-1
3/17/2013,30,22,14,16,15,13,87,62,29,1018,1015,1012,3,2,2,19,5,,0,,,-1
3/18/2013,29,23,17,18,16,14,77,57,32,1012,1010,1008,2,2,2,29,18,,0,,,-1
3/19/2013,27,22,18,20,18,17,83,70,46,1020,1011,1007,2,2,2,26,11,,0,,,-1
3/20/2013,34,28,21,19,16,10,87,42,21,1011,1009,1008,2,2,2,11,5,,0.51,,Thunderstorm,-1
3/21/2013,33,26,18,18,17,12,82,57,20,1011,1009,1007,3,2,2,19,8,,0,,,-1
3/22/2013,32,26,19,18,16,10,69,49,20,1008,1007,1005,2,2,2,23,13,,0,,,-1
3/23/2013,34,27,19,18,17,16,81,50,23,1009,1007,1006,3,2,2,19,6,,0,,,-1
3/24/2013,34,28,22,20,18,16,70,49,27,1012,1010,1008,2,2,2,19,10,,0,,,-1
3/25/2013,29,23,17,17,13,8,76,47,16,1014,1011,1009,3,2,2,23,13,,0,,,-1
3/26/2013,29,23,17,15,13,12,59,43,25,1010,1008,1007,2,2,2,23,16,,0,,,-1
3/27/2013,24,21,18,16,15,14,76,62,44,1010,1009,1008,2,2,2,3,2,,0,,,-1
3/28/2013,33,24,16,19,16,14,86,61,28,1011,1009,1006,3,2,2,21,5,,4.06,8,,-1
3/29/2013,28,22,17,18,17,16,89,70,45,1011,1010,1008,3,2,2,19,3,,6.1,,,-1
3/30/2013,29,22,15,17,15,14,92,56,28,1010,1009,1007,3,2,2,27,8,,0,,,-1
3/31/2013,31,24,17,17,16,13,83,59,24,1010,1009,1008,3,2,2,14,5,,0,,,-1
4/1/2013,33,26,18,17,14,6,82,46,11,1010,1009,1007,3,2,2,13,3,,0,,,-1
4/2/2013,36,27,18,18,16,12,80,55,16,1014,1010,1007,2,2,2,14,5,,8.89,,Rain,-1
4/3/2013,32,25,18,18,14,13,56,40,21,1011,1009,1007,3,2,2,19,11,,0,,,-1
4/4/2013,33,26,18,17,13,7,73,48,13,1010,1008,1006,3,2,2,21,6,,0,,,-1
4/5/2013,33,26,18,13,11,6,53,33,12,1008,1007,1005,3,2,2,26,14,,0,,,-1
4/6/2013,34,26,18,12,9,6,54,28,9,1008,1006,1005,2,2,2,26,13,,0,,,-1
4/7/2013,37,28,18,12,10,6,43,26,8,1007,1005,1003,2,2,2,23,8,,0,,,-1
4/8/2013,37,29,20,17,13,8,53,30,10,1009,1006,1004,3,2,2,14,5,,0,,,-1
4/9/2013,37,29,22,17,15,12,56,35,14,1008,1005,1001,2,2,2,11,3,,0.25,,,-1
4/10/2013,37,29,22,16,13,10,43,26,13,1009,1007,1004,3,2,2,27,13,,0,,Rain-Thunderstorm,-1
4/11/2013,36,30,23,14,12,9,47,28,13,1008,1007,1005,2,2,2,14,5,,0,,,-1
4/12/2013,36,29,23,16,13,9,46,29,15,1009,1007,1006,2,2,2,23,6,,0,,,-1
4/13/2013,36,29,21,16,13,11,47,28,13,1010,1008,1007,2,2,2,19,6,,2.03,,,-1
4/14/2013,36,29,22,18,16,12,57,38,15,1009,1007,1005,2,2,2,16,6,,0,,Thunderstorm,-1
4/15/2013,36,28,20,20,16,13,65,42,18,1006,1004,1002,2,2,2,14,5,,0,,,-1
4/16/2013,40,30,21,17,12,6,68,30,7,1003,1001,996,3,2,2,24,6,,0,,,-1
4/17/2013,37,29,22,13,10,7,31,20,9,1003,1002,1000,3,2,2,11,10,,0,,,-1
4/18/2013,38,29,19,15,13,9,44,28,10,1005,1003,1000,2,2,2,14,3,,0,,,-1
4/19/2013,38,29,20,16,12,8,60,33,9,1006,1003,1000,3,2,2,11,3,,0,,,-1
4/20/2013,38,29,21,16,14,11,53,31,12,1005,1003,1000,2,2,2,14,5,,0,,,-1
4/21/2013,32,28,23,18,16,13,41,36,32,1008,1006,1004,3,2,2,19,11,,0,,,-1
4/22/2013,33,27,21,18,17,16,62,45,27,1013,1010,1007,2,2,2,14,11,,0,,,-1
4/23/2013,34,28,21,19,17,15,63,43,23,1012,1010,1007,3,2,2,14,6,,0,,,-1
4/24/2013,37,30,23,20,18,14,66,42,19,1011,1009,1006,3,2,2,8,2,,0,,,-1
4/25/2013,38,31,23,21,18,14,71,40,16,1010,1008,1005,2,2,2,8,3,,0,,,-1
4/26/2013,35,29,24,22,19,17,63,44,27,1010,1008,1006,2,2,2,23,5,,0,,,-1
4/27/2013,38,30,22,20,16,14,61,34,17,1009,1007,1005,3,2,2,23,8,,0,8,,-1
4/28/2013,37,31,24,17,14,9,48,29,11,1007,1006,1003,2,2,2,21,11,,0,,,-1
4/29/2013,39,32,24,17,13,11,41,25,12,1007,1005,1003,3,2,2,19,10,,0,,,-1
4/30/2013,39,32,25,18,17,15,54,36,16,1007,1005,1003,2,2,2,19,5,,0,,,-1
5/1/2013,38,31,23,10,8,4,23,14,6,1005,1004,1001,2,2,2,26,11,,0,,,-1
5/2/2013,36,29,22,15,11,7,34,24,9,1004,1001,999,2,2,2,24,8,,0,,,-1
5/3/2013,38,30,22,16,12,9,47,28,13,1001,1000,998,2,2,2,23,11,,0,,,-1
5/4/2013,42,31,19,19,16,11,52,32,10,1001,999,996,2,2,2,11,3,,0,,,-1
5/5/2013,41,32,24,20,16,4,51,31,7,1002,1000,999,2,2,2,10,2,,0,,,-1
5/6/2013,41,33,26,22,19,15,55,39,17,1004,1001,999,2,2,2,8,3,,0,,,-1
5/7/2013,41,33,25,22,17,9,67,35,8,1003,1002,1000,2,2,2,24,5,,0,,,-1
5/8/2013,42,33,24,17,14,8,48,26,7,1003,1001,999,2,2,2,19,5,,0,,,-1
5/9/2013,42,34,27,20,14,11,45,23,9,1003,1001,998,2,2,2,14,10,,0,,,-1
5/10/2013,41,33,25,19,17,14,48,29,16,1003,1001,998,2,2,2,19,5,,0,,,-1
5/11/2013,36,30,24,17,16,13,39,30,20,1001,1000,997,2,2,2,23,16,,0,,,-1
5/12/2013,36,31,27,19,17,16,48,38,21,1005,1003,1001,3,2,2,11,6,,0,,,-1
5/13/2013,37,30,23,19,17,14,58,35,16,1006,1004,1001,2,2,2,11,3,,0,,,-1
5/14/2013,39,32,24,19,17,12,61,34,15,1004,1002,1000,2,2,2,13,3,,0,,,-1
5/15/2013,40,32,24,19,17,14,62,34,14,1003,1000,997,2,2,2,11,3,,0,,,-1
5/16/2013,41,33,25,23,17,12,51,33,11,1000,999,996,2,2,2,23,5,,0,,,-1
5/17/2013,42,33,24,19,14,4,55,30,5,1002,1000,999,2,2,2,23,8,,0,,,-1
5/18/2013,43,33,24,21,18,15,59,39,12,1001,999,998,2,2,2,48,8,,0,,,-1
5/19/2013,44,34,26,19,16,13,60,28,11,1001,1000,999,2,2,2,27,11,,0,,,-1
5/20/2013,44,38,31,19,16,14,30,22,11,1000,999,998,2,2,2,19,10,,0,,,-1
5/21/2013,45,37,28,18,14,12,40,21,9,1001,999,997,2,2,2,26,11,,0,,,-1
5/22/2013,44,37,30,21,16,12,40,22,11,1001,999,996,2,2,2,29,13,,0,,,-1
5/23/2013,46,38,31,21,18,16,31,23,12,999,998,996,2,2,2,26,18,,0,,,-1
5/24/2013,45,37,29,24,20,18,49,28,13,999,996,994,2,2,2,26,11,,0,,,-1
5/25/2013,43,37,30,22,19,16,35,24,14,1001,998,996,2,2,2,23,11,,0,,,-1
5/26/2013,43,36,29,18,16,14,26,18,11,1001,998,996,2,2,2,21,13,,0,,,-1
5/27/2013,42,36,30,21,20,19,46,31,18,1001,999,998,2,2,2,21,6,,0,,,-1
5/28/2013,43,36,29,22,18,11,46,31,8,1002,1000,999,2,2,2,23,5,,0,,,-1
5/29/2013,42,34,28,19,16,12,42,25,10,1002,1000,998,2,2,2,14,6,,0,,,-1
5/30/2013,37,32,28,19,16,12,45,28,16,1001,999,998,2,2,2,14,3,,0,,,-1
5/31/2013,41,32,24,23,21,19,58,39,23,1000,998,996,2,2,2,19,6,,0,,,-1
6/1/2013,38,32,27,24,23,22,65,52,34,1004,999,977,2,2,2,21,14,,0,,,-1
6/2/2013,36,31,26,26,24,22,68,56,36,1004,1001,999,3,2,2,23,14,,0,,,-1
6/3/2013,40,34,28,26,26,24,71,48,35,1001,1000,998,2,2,2,16,11,,0,,,-1
6/4/2013,42,34,28,26,23,21,70,45,22,1002,1000,997,2,2,2,10,8,,0,,,-1
6/5/2013,43,37,30,26,22,16,47,35,13,1001,998,996,2,2,2,23,6,,0,,,-1
6/6/2013,43,34,26,27,25,23,89,60,27,999,997,995,2,2,2,19,10,,14.99,8,Rain-Thunderstorm,-1
6/7/2013,39,32,26,26,24,23,71,51,37,1000,998,995,2,2,2,14,6,,0,8,,-1
6/8/2013,38,33,29,27,26,24,63,56,42,999,997,995,2,2,2,14,10,,0,,,-1
6/9/2013,40,35,30,27,24,17,65,44,18,997,995,993,2,2,2,19,14,,0,,,-1
6/10/2013,41,36,29,27,24,22,68,41,28,998,995,992,2,2,2,14,6,,0,,,-1
6/11/2013,33,31,29,27,24,23,66,59,54,1003,999,995,2,2,2,23,14,,0,8,,-1
6/12/2013,39,33,27,27,25,24,75,56,39,1001,998,993,2,2,2,11,6,,0,,,-1
6/13/2013,33,31,29,27,25,24,72,67,62,1001,999,997,2,2,2,23,11,,0,8,,-1
6/14/2013,38,33,28,27,25,24,87,68,37,999,998,996,2,2,2,23,5,,11.94,8,Rain,-1
6/15/2013,37,32,25,25,24,23,95,62,39,999,998,996,3,2,2,16,10,,6.1,,Rain,-1
6/16/2013,31,27,23,27,25,24,100,89,72,999,997,996,2,2,2,11,8,,44.96,8,Rain,-1
6/17/2013,30,27,23,26,25,24,99,88,71,997,995,993,2,2,2,16,8,,17.02,8,Rain,-1
6/18/2013,31,27,23,27,26,24,96,84,71,998,996,994,2,1,0,11,5,,0,8,Fog-Rain,-1
6/19/2013,35,30,24,27,25,23,90,73,39,1000,999,998,2,2,2,14,3,,5.08,,Rain,-1
6/20/2013,38,32,25,26,24,22,86,53,30,1000,997,995,2,1,0,13,3,,0,,Fog,-1
6/21/2013,41,34,27,28,23,17,77,47,18,997,995,993,2,2,2,19,5,,0,,,-1
6/22/2013,40,37,33,26,22,19,49,35,25,998,996,995,2,2,2,23,14,,0,,,-1
6/23/2013,39,34,29,28,26,22,66,51,29,998,996,994,2,2,2,23,6,,0,,,-1
6/24/2013,39,34,30,28,25,21,72,55,33,998,996,995,2,2,2,21,10,,0,,,-1
6/25/2013,34,31,28,27,26,25,81,70,54,1001,999,998,2,2,2,19,14,,0,,,-1
6/26/2013,34,31,27,27,26,26,81,71,55,1001,1000,998,2,2,2,14,8,,0,,,-1
6/27/2013,37,32,28,27,26,23,81,63,53,998,997,995,2,2,2,21,5,,2.03,,,-1
6/28/2013,37,31,26,28,25,24,76,64,50,999,996,993,2,2,2,14,8,,0,8,,-1
6/29/2013,39,33,28,27,26,23,77,59,32,996,995,993,2,2,2,26,13,,4.06,,,-1
6/30/2013,37,31,25,25,24,21,69,54,31,998,997,995,2,2,2,23,8,,0,,,-1
7/1/2013,39,33,28,27,26,23,72,51,33,998,995,992,2,2,2,14,6,,0,8,,-1
7/2/2013,37,33,29,28,26,24,71,56,48,1005,997,994,2,2,2,19,10,,2.03,,,-1
7/3/2013,35,31,27,27,27,26,86,71,57,999,998,995,2,2,2,11,5,,0.76,8,Rain,-1
7/4/2013,37,33,28,27,27,26,82,67,48,999,997,995,2,2,2,14,10,,0,,,-1
7/5/2013,36,32,28,27,27,26,82,62,47,998,998,996,2,2,2,19,10,,0,,,-1
7/6/2013,34,31,27,27,26,26,86,72,55,1002,1001,999,2,2,2,14,11,,0,,,-1
7/7/2013,33,31,28,28,27,27,87,79,68,1002,1000,998,2,2,2,11,6,,0,8,,-1
7/8/2013,36,31,27,27,26,26,79,74,60,999,998,995,2,2,2,11,8,,0,8,,-1
7/9/2013,34,30,25,28,26,24,98,76,58,998,997,996,2,2,2,14,6,,70.1,8,Rain,-1
7/10/2013,35,29,23,27,26,24,96,76,51,998,996,993,2,2,2,19,5,,2.03,,,-1
7/11/2013,36,31,27,28,26,26,87,69,54,998,997,995,2,2,2,16,3,,0,,,-1
7/12/2013,33,30,27,28,27,27,95,86,72,1002,1000,998,2,2,2,14,8,,21.08,8,Rain,-1
7/13/2013,37,31,26,27,27,27,95,72,52,1001,999,996,2,2,2,21,8,,0,,,-1
7/14/2013,37,32,28,27,27,25,86,71,46,999,998,995,2,2,2,14,5,,4.06,8,,-1
7/15/2013,36,31,27,28,27,27,91,74,53,1000,998,996,2,2,2,21,8,,0,8,,-1
7/16/2013,35,31,28,28,27,26,96,82,61,1001,999,997,2,1,0,21,13,,33.02,8,Rain-Thunderstorm,-1
7/17/2013,34,30,27,28,28,27,94,79,67,1000,998,996,2,2,2,21,10,,0,8,,-1
7/18/2013,34,31,28,28,28,27,90,76,70,998,996,993,2,2,2,11,6,,7.11,8,,-1
7/19/2013,35,31,28,27,26,25,91,74,52,998,995,993,2,2,2,14,10,,0,8,,-1
7/20/2013,31,28,24,27,26,24,98,89,72,1001,999,997,2,1,0,14,8,,122.94,8,Rain-Thunderstorm,-1
7/21/2013,31,27,24,27,26,25,97,89,77,999,997,994,2,1,0,6,2,,0,8,Fog,-1
7/22/2013,32,29,27,27,27,26,93,81,68,998,996,995,2,2,2,11,2,,1.02,8,Rain,-1
7/23/2013,35,30,26,28,27,26,87,71,54,1000,998,996,2,2,2,10,6,,1.02,,,-1
7/24/2013,37,32,28,28,27,27,96,83,49,999,997,996,2,2,2,14,3,,19.05,8,Rain,-1
7/25/2013,34,31,27,28,26,25,93,84,62,997,995,994,2,2,2,14,5,,8.89,8,,-1
7/26/2013,35,30,24,27,26,25,91,75,63,997,995,993,2,2,2,14,5,,0,8,,-1
7/27/2013,35,31,26,28,27,26,96,77,54,999,997,996,2,2,2,11,5,,14.99,,Rain,-1
7/28/2013,36,31,27,28,27,26,96,71,48,999,998,995,3,2,2,11,5,,0,,,-1
7/29/2013,36,31,27,28,27,26,96,75,58,999,998,996,2,2,2,14,3,,28.96,,,-1
7/30/2013,33,29,26,28,27,27,87,77,68,999,997,995,2,2,2,11,5,,0,8,,-1
7/31/2013,33,30,27,27,26,24,82,77,64,998,997,996,2,2,2,14,11,,0,8,,-1
8/1/2013,34,30,26,27,26,26,87,75,58,1000,998,996,2,2,2,11,3,,0,8,,-1
8/2/2013,36,31,27,27,26,26,80,66,51,1001,999,997,2,2,2,19,10,,0,,,-1
8/3/2013,36,32,27,26,26,26,78,62,46,1002,1001,999,2,2,2,14,10,,0,,,-1
8/4/2013,35,32,29,26,26,26,78,64,52,1001,994,976,2,2,2,8,5,,0,,,-1
8/5/2013,34,31,27,27,27,26,87,76,63,1002,1001,999,2,2,2,11,8,,7.87,8,Rain,-1
8/6/2013,30,28,26,26,26,25,96,88,80,1004,1002,1001,2,2,2,11,3,,12.95,8,Rain-Thunderstorm,-1
8/7/2013,31,28,25,27,26,24,93,86,70,1004,1002,1000,2,2,2,8,2,,0.51,8,Rain-Thunderstorm,-1
8/8/2013,31,28,26,27,26,26,90,85,76,1003,1001,999,2,2,2,11,6,,16,8,Rain,-1
8/9/2013,29,27,25,26,26,24,90,86,77,1002,1001,999,2,2,2,10,5,,9.91,8,Thunderstorm,-1
8/10/2013,34,29,25,27,26,26,96,80,56,1001,1001,999,2,2,2,13,5,,5.08,8,,-1
8/11/2013,33,30,27,27,26,26,91,78,67,1003,1001,1000,3,2,2,11,5,,0,8,,-1
8/12/2013,31,28,28,27,27,26,87,83,76,1002,1001,1000,2,2,2,10,6,,0,,,-1
8/13/2013,33,30,27,27,26,25,79,72,68,1001,999,998,2,2,2,19,11,,0,,,-1
8/14/2013,34,30,26,26,26,26,91,74,51,1002,1000,998,2,2,2,19,10,,7.11,8,,-1
8/15/2013,31,28,24,27,26,24,92,85,75,1004,1002,1000,2,2,2,14,11,,0,8,Rain,-1
8/16/2013,29,27,24,27,26,25,95,90,86,1002,1001,1000,2,1,0,13,3,,45.97,8,Rain-Thunderstorm,-1
8/17/2013,32,28,23,27,26,24,98,91,76,1001,1000,997,2,2,2,77,10,,43.94,8,Rain-Thunderstorm,-1
8/18/2013,31,27,24,27,26,24,97,85,70,1001,1000,999,2,2,2,3,0,,0.25,,Thunderstorm,-1
8/19/2013,31,28,26,27,26,25,95,84,70,1002,1001,1000,2,2,2,19,5,,12.95,8,Rain,-1
8/20/2013,33,29,24,26,26,26,95,88,60,1000,999,998,2,1,0,19,3,,95,8,Rain-Thunderstorm,-1
8/21/2013,34,29,24,26,26,25,98,82,51,1001,999,998,3,1,0,29,8,,0.51,8,Fog-Rain,-1
8/22/2013,33,30,27,26,25,25,91,77,60,1004,1001,1000,2,2,2,11,6,,0.25,8,,-1
8/23/2013,35,30,25,27,27,26,83,70,52,1003,1001,999,2,2,2,8,3,,0,,,-1
8/24/2013,36,32,28,28,27,26,92,74,48,1002,1001,1001,2,2,2,74,18,,0,,,-1
8/25/2013,31,29,28,29,28,28,95,89,83,1000,999,998,2,2,2,3,2,,12.95,8,Rain,-1
8/26/2013,37,32,27,28,27,25,92,70,44,1000,998,995,2,2,2,14,5,,0,,,-1
8/27/2013,35,32,29,28,26,24,89,61,49,1001,999,998,3,2,2,23,11,,0,,,-1
8/28/2013,33,30,26,24,24,22,75,61,51,1005,1003,1001,2,2,2,29,13,,0,,,-1
8/29/2013,35,31,27,26,24,23,70,57,48,1005,1004,1002,2,2,2,23,8,,0,,,-1
8/30/2013,32,28,24,26,25,24,93,73,61,1005,1004,1002,2,2,2,8,2,,0,8,Rain,-1
8/31/2013,34,30,26,27,25,23,74,71,70,1004,1003,1002,2,2,2,10,8,,0,8,,-1
9/1/2013,36,31,26,26,24,23,81,68,42,1004,1003,1002,3,2,2,23,8,,0,,,-1
9/2/2013,36,31,27,24,23,22,58,50,40,1006,1004,1002,3,2,2,23,18,,0,,,-1
9/3/2013,36,32,27,23,22,22,63,48,38,1003,1002,1000,3,2,2,23,13,,0,,,-1
9/4/2013,35,31,28,23,22,21,57,46,39,1004,1002,1001,3,2,2,26,18,,0,,,-1
9/5/2013,36,31,27,22,21,19,61,48,37,1004,1001,1000,3,2,2,26,13,,0,,,-1
9/6/2013,35,31,27,23,23,21,66,53,40,1006,1003,1002,2,2,2,23,14,,0,,,-1
9/7/2013,36,30,25,23,22,20,72,52,34,1007,1004,1003,3,2,2,14,5,,0,,,-1
9/8/2013,29,28,27,24,24,23,79,71,64,1008,1006,1004,2,2,2,3,0,,0,,,-1
9/9/2013,35,31,28,25,23,21,73,56,39,1010,1007,1006,2,2,2,182,27,,2.03,,,-1
9/10/2013,35,30,24,25,23,21,85,66,34,1008,1006,1004,2,2,2,19,3,,0,,,-1
9/11/2013,35,30,25,26,24,22,81,60,36,1007,1006,1004,3,2,2,10,2,,0,,,-1
9/12/2013,35,31,26,26,24,23,86,62,45,1009,1008,1006,2,2,2,8,3,,0,,,-1
9/13/2013,36,31,26,27,26,24,78,66,44,1010,1007,1006,2,2,2,8,2,,0,8,,-1
9/14/2013,36,32,27,26,25,23,88,67,44,1007,1005,1001,2,2,2,8,2,,0,,,-1
9/15/2013,37,31,26,26,24,22,85,59,33,1004,1002,999,3,2,2,11,2,,0,,,-1
9/16/2013,33,29,24,23,22,22,76,58,42,1004,1002,1000,2,2,2,14,8,,0,,,-1
9/17/2013,36,29,23,23,21,18,85,56,27,1005,1003,1001,3,2,2,11,3,,0,,,-1
9/18/2013,36,29,23,23,22,18,83,59,25,1005,1003,1001,3,2,2,19,3,,0,,,-1
9/19/2013,36,31,25,24,22,21,88,61,35,1003,1002,1000,2,2,2,8,2,,0,,,-1
9/20/2013,34,29,25,25,24,23,82,71,58,1004,1003,1002,2,2,2,21,6,,0,,,-1
9/21/2013,34,29,24,26,24,22,99,88,70,1003,1003,1003,2,2,2,11,5,,28.96,8,Rain,-1
9/22/2013,34,28,22,26,24,23,93,80,54,1004,1002,1000,2,2,2,11,2,,0,,,-1
9/23/2013,35,30,25,26,25,24,90,71,47,1003,1001,999,2,2,2,11,3,,0,,,-1
9/24/2013,36,31,26,26,25,24,85,65,48,1004,1003,1000,3,2,2,11,5,,0,,,-1
9/25/2013,34,30,25,26,24,22,98,73,51,1007,1005,1003,3,2,2,13,5,,32,,,-1
9/26/2013,34,29,24,26,25,24,94,81,51,1009,1007,1005,2,2,2,10,5,,0,,,-1
9/27/2013,34,29,24,25,24,24,85,69,49,1007,1006,1003,3,2,2,21,6,,0.51,,,-1
9/28/2013,34,29,24,26,24,23,87,70,43,1007,1006,1004,2,2,2,3,0,,0,,,-1
9/29/2013,31,29,26,26,26,24,84,79,68,1005,1004,1002,2,2,2,11,3,,28.96,8,Rain,-1
9/30/2013,31,27,23,26,24,23,89,84,65,1007,1005,1003,2,2,2,11,6,,4.06,8,Rain,-1
10/1/2013,34,29,23,24,23,23,89,70,48,1009,1007,1005,2,2,2,13,6,,0,,,-1
10/2/2013,34,30,26,23,22,22,78,64,42,1011,1010,1008,3,2,2,13,5,,0,,,-1
10/3/2013,33,28,23,22,21,21,78,55,40,1010,1009,1007,3,2,2,14,5,,0,,,-1
10/4/2013,26,24,22,24,23,21,88,82,75,1010,1007,1006,2,2,2,19,10,,2.03,8,Rain,-1
10/5/2013,34,28,22,25,23,22,88,69,43,1007,1005,1002,3,2,2,8,2,,0,8,,-1
10/6/2013,33,29,25,25,24,23,90,71,46,1007,1005,1004,2,2,2,8,2,,0,,,-1
10/7/2013,34,30,26,24,24,23,86,65,46,1010,1009,1007,2,2,2,3,3,,0,,,-1
10/8/2013,33,30,27,25,24,24,84,70,54,1010,1010,1009,2,2,2,0,0,,0,,,-1
10/9/2013,36,30,24,26,24,24,80,64,47,1012,1010,1008,3,2,2,11,5,,0,,,-1
10/10/2013,34,29,23,25,24,22,89,69,45,1013,1011,1009,2,2,2,11,2,,0,,,-1
10/11/2013,26,23,21,24,23,22,100,86,70,1014,1011,1009,2,1,0,11,5,,39.12,8,Rain-Thunderstorm,-1
10/12/2013,31,26,21,25,23,22,95,84,69,1010,1009,1006,2,2,2,14,2,,0,,,-1
10/13/2013,33,28,23,26,24,23,94,83,51,1010,1008,1006,2,2,2,3,0,,1.02,,,-1
10/14/2013,32,28,24,25,24,23,95,76,50,1008,1007,1005,2,2,2,19,5,,0,,,-1
10/15/2013,32,27,21,23,22,22,95,76,48,1010,1009,1008,2,2,2,11,3,,0,,,-1
10/16/2013,33,27,20,23,22,21,95,75,40,1011,1009,1007,2,2,2,0,0,,0,,,-1
10/17/2013,34,28,21,24,23,22,94,76,49,1012,1010,1008,2,1,0,3,0,,0,,Fog,-1
10/18/2013,33,28,24,23,23,22,91,74,50,1012,1011,1009,2,2,2,0,0,,0,,,-1
10/19/2013,33,26,19,22,20,18,89,69,36,1013,1011,1010,2,2,2,11,2,,0,,,-1
10/20/2013,32,24,17,20,19,18,90,69,33,1013,1011,1009,2,2,2,6,2,,0,,,-1
10/21/2013,32,24,17,19,18,17,82,63,32,1012,1010,1007,2,2,2,8,2,,0,,,-1
10/22/2013,33,27,21,21,19,17,85,59,30,1012,1011,1009,2,2,2,0,0,,0,,,-1
10/23/2013,32,24,18,21,19,19,90,65,39,1015,1013,1011,2,2,2,10,2,,0,,,-1
10/24/2013,31,24,18,20,19,18,88,73,50,1016,1013,1011,2,2,2,3,0,,0,,,-1
10/25/2013,29,24,19,21,19,17,89,75,36,1013,1011,1010,2,1,0,10,2,,0,,Fog,-1
10/26/2013,31,24,18,20,19,19,91,78,49,1014,1011,1009,2,1,0,3,0,,0,,Fog,-1
10/27/2013,30,24,18,19,18,16,90,67,32,1013,1011,1008,2,1,0,10,2,,0,,Fog,-1
10/28/2013,30,24,19,18,17,14,85,63,27,1011,1010,1008,2,1,0,14,3,,0,,Fog,-1
10/29/2013,31,23,15,19,17,14,85,62,26,1012,1011,1009,2,1,0,11,3,,0,,Fog,-1
10/30/2013,32,23,15,19,17,13,93,68,27,1015,1013,1011,2,1,0,10,2,,0,,Fog,-1
10/31/2013,30,23,17,18,17,15,90,62,37,1014,1013,1011,2,2,2,11,2,,0,,,-1
11/1/2013,30,24,18,21,18,16,87,66,36,1016,1013,1011,2,2,2,3,2,,0.51,,,-1
11/2/2013,28,22,16,19,17,14,91,68,35,1015,1014,1013,2,1,0,11,3,,0,,Fog,-1
11/3/2013,28,21,13,14,13,9,80,56,21,1017,1016,1014,2,1,0,19,6,,0,,Fog,-1
11/4/2013,28,20,12,16,13,8,85,54,19,1020,1017,1016,2,1,0,8,2,,0,,Fog,-1
11/5/2013,25,19,12,16,14,13,91,74,43,1020,1017,1016,0,0,0,0,0,,0,,Fog,-1
11/6/2013,27,20,13,17,15,14,93,67,34,1019,1016,1014,2,1,0,8,2,,0,,Fog,-1
11/7/2013,27,20,14,19,16,14,89,73,43,1018,1016,1014,2,1,0,11,6,,0,8,Fog-Rain,-1
11/8/2013,25,20,14,17,16,14,94,81,58,1017,1015,1013,2,0,0,145,11,,0,8,Fog,-1
11/9/2013,26,19,12,17,16,14,98,73,42,1019,1016,1015,2,1,0,3,0,,0,,Fog,-1
11/10/2013,26,19,12,15,13,12,94,74,48,1018,1016,1015,2,0,0,8,2,,0,,Fog,-1
11/11/2013,26,19,12,13,12,12,83,61,32,1016,1014,1011,2,1,0,14,5,,0,,Fog,-1
11/12/2013,26,19,11,14,12,11,89,71,39,1015,1014,1012,2,2,2,6,0,,0,,,-1
11/13/2013,26,18,11,13,12,11,89,66,28,1016,1014,1012,2,2,2,11,3,,0,,,-1
11/14/2013,26,18,11,14,12,10,84,63,29,1017,1015,1013,2,1,0,14,3,,0,,Fog,-1
11/15/2013,26,18,10,13,12,10,91,67,27,1018,1016,1014,2,1,0,8,0,,0,,Fog,-1
11/16/2013,27,18,9,15,12,9,90,69,32,1020,1018,1016,2,1,0,0,0,,0,,Fog,-1
11/17/2013,26,17,9,11,11,9,95,68,35,1020,1018,1015,2,1,0,11,2,,0,,Fog,-1
11/18/2013,27,19,11,12,11,9,84,56,24,1019,1017,1015,2,1,0,14,5,,0,,Fog,-1
11/19/2013,27,19,11,14,12,9,86,62,27,1017,1016,1014,2,2,2,21,6,,0,,,-1
11/20/2013,28,19,10,13,11,7,89,59,18,1015,1013,1010,3,2,2,11,3,,0,,,-1
11/21/2013,28,19,10,14,12,10,90,67,26,1015,1013,1011,2,2,2,11,2,,0,,,-1
11/22/2013,27,19,11,16,13,11,92,74,39,1017,1015,1013,2,1,0,6,2,,0,,Fog,-1
11/23/2013,27,19,11,17,13,11,93,78,44,1017,1015,1012,2,1,0,6,0,,0,,Fog,-1
11/24/2013,27,19,11,14,12,11,92,61,24,1017,1015,1013,2,1,0,14,3,,0,,,-1
11/25/2013,28,21,13,13,12,12,80,53,26,1016,1013,1011,2,2,2,23,8,,0,,,-1
11/26/2013,28,22,15,14,13,11,66,50,25,1013,1012,1010,2,2,2,16,10,,0,,,-1
11/27/2013,28,20,12,16,14,12,90,65,35,1016,1014,1012,2,2,2,10,3,,0,,,-1
11/28/2013,28,19,11,16,13,12,96,73,29,1019,1017,1016,2,2,2,11,2,,0,,,-1
11/29/2013,27,19,10,14,12,11,98,67,26,1020,1017,1015,2,1,0,19,3,,0,,Fog,-1
11/30/2013,27,19,12,14,13,11,88,69,32,1017,1016,1013,2,2,2,42,8,,0,,,-1
12/1/2013,28,19,10,13,12,10,96,65,27,1018,1016,1014,2,2,2,8,2,,0,,,-1
12/2/2013,28,19,9,14,12,11,98,73,30,1019,1016,1014,2,2,2,11,2,,0,,,-1
12/3/2013,27,18,9,14,13,11,99,74,32,1018,1016,1014,2,1,0,11,2,,0,,Fog,-1
12/4/2013,26,18,10,14,12,11,97,75,32,1019,1017,1015,2,1,0,14,3,,0,,Fog,-1
12/5/2013,25,18,10,13,12,11,86,69,37,1017,1015,1013,2,2,2,21,8,,0,,,-1
12/6/2013,25,18,10,14,12,9,98,69,39,1016,1014,1012,2,2,2,10,5,,0,,,-1
12/7/2013,26,18,9,16,13,9,100,80,40,1016,1014,1013,2,1,0,6,2,,0,,Fog,-1
12/8/2013,26,18,9,18,14,11,99,84,54,1016,1014,1011,2,1,0,0,0,,0,,Fog,-1
12/9/2013,25,17,9,16,13,11,100,79,40,1015,1013,1011,2,1,0,14,2,,0,,Fog,-1
12/10/2013,24,17,9,15,13,10,100,81,48,1015,1014,1012,2,1,0,11,2,,0,,Fog,-1
12/11/2013,24,17,9,14,12,10,100,74,39,1016,1014,1012,2,1,0,23,5,,0,,Fog,-1
12/12/2013,24,18,12,13,12,11,86,63,36,1015,1013,1010,2,2,2,27,11,,0,,,-1
12/13/2013,24,18,11,13,12,11,95,69,36,1014,1012,1010,2,2,2,23,14,,0,,,-1
12/14/2013,24,17,9,15,13,9,100,76,45,1014,1012,1010,2,1,0,2,0,,0,,Fog,-1
12/15/2013,24,17,9,17,13,10,100,86,58,1016,1015,1013,2,1,0,8,3,,0,,Fog,-1
12/16/2013,24,16,8,18,14,10,100,90,64,1017,1015,1013,2,0,0,6,2,,0,,Fog,-1
12/17/2013,22,16,9,17,14,12,100,93,70,1016,1014,1012,0,0,0,3,2,,0,,Fog,-1
12/18/2013,22,16,9,17,14,10,100,93,68,1015,1013,1011,0,0,0,11,2,,0,,Fog,-1
12/19/2013,22,17,11,17,14,12,100,90,70,1015,1012,1011,2,1,0,11,3,,0,,Fog,-1
12/20/2013,19,16,11,16,14,13,100,91,74,1017,1015,1014,2,1,0,10,3,,0,,Fog,-1
12/21/2013,16,14,12,15,14,13,97,94,92,1019,1017,1015,0,0,0,3,2,,0,,Fog,-1
12/22/2013,17,14,12,16,14,12,100,94,85,1020,1018,1017,0,0,0,8,2,,0,,Fog,-1
12/23/2013,18,16,12,14,13,12,100,88,65,1022,1020,1019,2,1,0,19,8,,0,,Fog,-1
12/24/2013,19,14,8,13,12,10,100,85,59,1024,1022,1019,2,1,0,19,5,,0,,Fog,-1
12/25/2013,20,13,7,10,8,7,97,64,32,1022,1021,1019,2,1,0,174,21,,0,,Fog,-1
12/26/2013,21,13,6,8,7,6,95,68,32,1021,1020,1017,2,1,0,19,3,,0,,Fog,-1
12/27/2013,17,11,6,12,9,7,94,79,52,1020,1019,1017,2,1,0,6,2,,0,,Fog-Rain,-1
12/28/2013,20,12,4,8,7,5,96,70,31,1021,1019,1017,2,2,2,16,3,,0,,,-1
12/29/2013,19,12,4,8,6,3,98,69,35,1021,1019,1017,2,1,0,11,5,,0,,Fog,-1
12/30/2013,19,11,2,13,8,4,100,80,43,1021,1018,1016,2,1,0,11,3,,6.1,8,Fog-Rain,-1
12/31/2013,17,13,11,14,13,12,99,89,77,1022,1020,1017,2,2,2,11,8,,0,8,Rain,-1
12/5/2012,24,17,10,9,7,3,78,48,16,1016,1015,1014,2,2,2,19,5,,0,,,-1
12/6/2012,26,18,11,9,7,7,72,40,20,1017,1015,1013,2,2,2,19,6,,0,,,-1
12/7/2012,26,18,10,9,7,5,70,46,17,1015,1014,1012,2,2,2,19,8,,0,,,-1
12/8/2012,27,18,9,12,8,4,80,55,23,1015,1014,1011,3,2,2,11,2,,0,,,-1
12/9/2012,28,18,9,13,11,8,81,58,20,1014,1012,1010,3,2,2,11,2,,0,,,-1
12/10/2012,27,18,9,14,12,10,86,64,31,1014,1012,1010,2,1,0,3,0,,0,,Fog,-1
12/11/2012,18,14,11,15,13,11,96,86,77,1015,1013,1012,2,1,0,16,3,,2.03,8,Rain,-1
12/12/2012,22,14,7,14,11,8,95,73,37,1016,1015,1013,3,2,2,0,0,,0,,,-1
12/13/2012,24,18,12,13,13,12,99,69,34,1015,1014,1012,3,2,0,8,2,,0,,Fog,-1
12/14/2012,23,18,14,14,13,12,82,62,45,1020,1018,1016,3,2,2,26,13,,0,,,-1
12/15/2012,24,19,13,15,13,12,83,66,37,1020,1019,1016,2,2,2,10,2,,0,,,-1
12/16/2012,23,19,14,15,14,13,91,77,55,1022,1021,1019,2,1,0,8,2,,0,,Fog,-1
12/17/2012,23,17,11,14,11,7,92,61,26,1021,1020,1017,3,2,2,23,8,,0,,,-1
12/18/2012,24,17,10,8,7,6,70,46,20,1020,1018,1016,2,2,2,26,13,,0,,,-1
12/19/2012,22,18,13,8,7,5,63,44,22,1017,1016,1014,3,2,2,26,14,,0,,,-1
12/20/2012,21,15,9,8,6,4,82,53,28,1015,1014,1013,2,2,2,23,14,,0,,,-1
12/21/2012,23,15,7,8,7,5,83,57,21,1018,1016,1014,3,2,2,19,3,,0,,,-1
12/22/2012,22,14,6,10,8,7,91,67,28,1019,1017,1015,2,1,0,11,2,,0,,Fog,-1
12/23/2012,18,13,8,12,10,8,98,85,58,1022,1019,1017,0,0,0,3,2,,0,,Fog,-1
12/24/2012,19,13,7,11,9,8,100,80,39,1020,1017,1014,0,0,0,10,2,,0,,Fog,-1
12/25/2012,16,11,7,9,8,7,98,85,52,1018,1017,1016,2,0,0,8,3,,0,,Fog,-1
12/26/2012,18,13,9,11,9,7,98,76,45,1018,1017,1015,2,1,0,8,3,,0,,Fog,-1
12/27/2012,11,11,11,9,9,9,85,84,82,1016,1016,1015,0,0,0,8,8,,0,,Fog,-1
12/28/2012,12,9,6,9,8,6,93,81,66,1015,1014,1012,2,1,0,14,6,,0,,Fog,-1
12/29/2012,21,14,8,11,9,6,89,65,33,1016,1015,1013,2,1,0,8,3,,0,,Fog,-1
12/30/2012,17,12,7,9,8,6,98,70,40,1017,1016,1014,2,1,0,11,8,,0,,Fog,-1
12/31/2012,13,8,5,8,7,6,100,80,60,1017,1016,1014,2,1,0,14,13,,0,,Fog,-1
