SAST,Max TemperatureC,Mean TemperatureC,Min TemperatureC,Dew PointC,MeanDew PointC,Min DewpointC,Max Humidity, Mean Humidity, Min Humidity, Max Sea Level PressurehPa, Mean Sea Level PressurehPa, Min Sea Level PressurehPa, Max VisibilityKm, Mean VisibilityKm, Min VisibilitykM, Max Wind SpeedKm/h, Mean Wind SpeedKm/h, Max Gust SpeedKm/h,Precipitationmm, CloudCover, Events,WindDirDegrees
1/1/2015,25,19,14,14,13,11,82,68,44,1022,1019,1017,,,,10,3,37,0,,,357
1/2/2015,28,22,17,16,14,11,88,68,35,1020,1019,1017,,,,3,2,,0,,,47
1/3/2015,28,22,16,16,14,12,88,75,42,1022,1020,1019,,,,8,2,,0,,,334
1/4/2015,31,22,13,14,11,7,88,54,24,1021,1019,1017,,,,8,2,,0,,,219
1/5/2015,31,23,16,16,14,11,88,58,31,1020,1019,1017,,,,6,2,,0,,,321
1/6/2015,31,23,17,17,14,10,88,59,27,1022,1020,1018,,,,6,2,,0,,,344
1/7/2015,29,22,16,16,14,13,94,67,40,1025,1023,1021,,,,8,3,,0,,,47
1/8/2015,28,22,17,15,14,12,88,62,37,1025,1023,1020,,,,6,3,,0,,,277
1/9/2015,27,23,19,16,14,13,83,64,42,1025,1023,1021,,,,8,2,27,0,,,96
1/10/2015,28,22,16,16,14,13,88,62,39,1026,1024,1022,,,,6,3,26,0,,,275
1/11/2015,28,23,18,15,12,9,73,52,32,1024,1022,1021,,,,10,3,,0,,,102
1/12/2015,29,22,15,13,9,4,82,46,23,1024,1022,1019,,,,8,3,,0,,,75
1/13/2015,27,22,17,15,13,9,82,61,34,1021,1020,1017,,,,6,2,,0,,,346
1/14/2015,23,20,17,17,14,12,88,72,56,1023,1021,1019,,,,11,5,,0,,,74
1/15/2015,27,22,17,15,14,13,82,69,42,1023,1021,1019,,,,11,5,34,0,,,64
1/19/2015,26,22,17,15,12,10,72,52,39,1023,1020,1018,,,,8,3,26,0,,,29
1/20/2015,27,21,15,13,11,9,88,59,32,1025,1023,1021,,,,6,3,,0,,,30
1/21/2015,27,20,13,15,12,10,82,64,37,1027,1025,1024,,,,6,2,26,0,,,313
1/22/2015,28,21,15,14,11,7,88,56,26,1028,1026,1024,,,,10,2,,0,,,28
1/23/2015,31,22,13,13,11,6,88,57,23,1026,1023,1020,,,,8,2,,0,,,232
1/24/2015,29,22,16,14,13,11,82,58,33,1023,1021,1018,,,,6,2,,0,,,344
1/25/2015,30,23,16,14,12,10,88,59,29,1023,1020,1016,,,,11,3,,0,,,295
1/26/2015,29,22,16,15,13,10,88,60,32,1023,1021,1020,,,,8,3,,0,,,296
1/27/2015,30,25,18,15,13,11,83,53,35,1023,1021,1018,,,,6,3,,0,,,152
1/28/2015,21,19,17,16,15,14,88,79,64,1022,1021,1019,,,,3,2,,0,,,15
1/29/2015,27,21,15,16,13,11,88,70,37,1024,1022,1019,,,,11,2,,0,,,358
1/30/2015,26,20,15,14,13,11,88,66,42,1024,1022,1019,,,,6,2,,0,,,48
1/31/2015,25,21,17,17,14,13,88,74,50,1022,1020,1018,,,,10,2,,0,,,293
2/1/2015,29,22,15,15,13,6,88,61,23,1019,1016,1012,,,,8,2,,0,,,275
2/2/2015,28,22,17,16,12,6,94,59,28,1015,1014,1011,,,,8,3,,0,,,297
2/3/2015,30,20,11,12,7,4,67,44,20,1015,1014,1012,,,,6,2,,0,,,300
2/4/2015,31,23,16,16,12,4,88,54,19,1016,1015,1013,,,,6,3,,0,,,328
2/5/2015,31,23,15,13,9,3,82,49,19,1017,1015,1013,,,,6,2,,0,,,279
2/6/2015,31,22,14,11,2,-2,59,29,14,1018,1016,1015,,,,10,3,27,0,,,271
2/7/2015,29,21,14,16,11,2,77,55,30,1022,1020,1018,,,,8,2,26,0,,,14
2/8/2015,20,16,14,13,11,11,82,75,64,1023,1021,1020,,,,6,2,,0,,,156
2/9/2015,31,31,31,11,11,10,29,28,27,1020,1020,1020,,,,6,5,,0,,,15
2/10/2015,32,24,17,16,13,9,83,50,24,1023,1022,1020,,,,8,2,,0,,,299
2/11/2015,33,24,17,12,10,6,72,44,18,1025,1022,1020,,,,6,2,,0,,,192
2/12/2015,30,24,19,15,13,11,68,57,33,1026,1023,1020,,,,6,3,,0,,,40
2/13/2015,30,22,15,14,13,11,88,56,31,1022,1020,1017,,,,8,2,,0,,,324
2/14/2015,28,22,17,15,11,0,88,52,24,1019,1017,1014,,,,10,3,,0,,,293
2/15/2015,28,21,14,13,6,0,73,43,20,1019,1016,1015,,,,8,3,,0,,,192
2/16/2015,27,21,15,13,11,8,88,61,30,1023,1021,1019,,,,8,3,,0,,,18
2/17/2015,25,19,13,14,12,11,88,71,44,1024,1022,1020,,,,10,3,,0,,,10
2/18/2015,29,21,14,13,11,6,88,58,26,1023,1021,1019,,,,8,3,,0,,,277
2/19/2015,30,22,15,12,9,6,77,50,23,1022,1020,1018,,,,6,2,,0,,,303
2/20/2015,31,26,20,13,11,7,56,39,22,1022,1019,1018,,,,6,5,,0,,,344
2/21/2015,21,18,16,16,12,10,83,69,56,1022,1021,1019,,,,8,2,,0,,,248
2/22/2015,30,22,15,14,10,7,73,51,25,1025,1023,1021,,,,8,3,,0,,,123
2/23/2015,27,21,15,14,12,10,94,64,34,1028,1026,1024,,,,8,5,,0,,,20
2/24/2015,28,22,16,12,9,7,77,50,30,1026,1023,1019,,,,6,3,,0,,,242
2/25/2015,26,20,14,14,11,9,88,63,36,1021,1019,1016,,,,13,6,45,0,,,282
2/26/2015,27,20,14,12,11,10,82,58,34,1019,1018,1017,,,,11,2,29,0,,,274
2/27/2015,26,21,16,15,12,9,88,61,36,1023,1020,1018,,,,14,2,40,0,,,327
2/28/2015,25,19,14,15,13,10,94,76,39,1022,1021,1019,,,,8,3,29,0,,,105
3/1/2015,25,19,13,14,12,8,94,73,34,1021,1018,1015,,,,6,2,,0,,,267
3/2/2015,23,18,14,12,10,8,77,61,41,1028,1023,1019,,,,13,10,37,0,,,99
3/3/2015,25,18,12,10,7,2,82,55,22,1029,1027,1025,,,,10,6,,0,,,76
3/4/2015,28,20,13,8,6,3,67,37,20,1027,1023,1021,,,,6,2,,0,,,343
3/5/2015,28,20,12,10,7,6,72,47,25,1024,1022,1021,,,,6,2,24,0,,,232
3/6/2015,27,21,16,14,12,9,82,63,37,1027,1024,1023,,,,10,5,,0,,,96
3/7/2015,24,19,15,14,12,11,82,66,44,1025,1024,1022,,,,8,2,,0,,,187
3/8/2015,27,20,14,13,10,6,82,55,26,1024,1022,1020,,,,11,3,27,0,,,144
3/9/2015,27,20,14,11,7,3,77,46,21,1026,1024,1022,,,,14,6,37,0,,,94
3/10/2015,29,21,13,11,7,3,82,48,20,1027,1024,1022,,,,8,2,,0,,,109
3/11/2015,29,22,15,10,7,5,59,43,22,1025,1023,1022,,,,10,2,,0,,,76
3/12/2015,26,21,16,13,12,9,82,60,34,1026,1024,1021,,,,10,3,,0,,,30
3/13/2015,28,21,14,13,11,9,82,57,30,1024,1022,1021,,,,6,2,,0,,,9
3/14/2015,29,22,16,12,11,9,77,51,30,1026,1024,1023,,,,10,3,,0,,,43
3/15/2015,29,22,15,13,11,7,88,51,25,1028,1024,1021,,,,8,3,,0,,,209
3/16/2015,29,22,15,13,11,6,88,57,25,1026,1023,1020,,,,10,5,,0,,,269
3/17/2015,30,22,14,13,8,2,77,47,18,1023,1021,1019,,,,6,2,,0,,,301
3/18/2015,28,21,14,14,12,10,88,64,32,1024,1022,1019,,,,11,3,26,0,,,353
3/19/2015,27,21,16,17,14,13,88,76,42,1025,1022,1021,,,,6,2,,0,,,290
3/20/2015,28,20,13,14,12,9,88,64,30,1026,1024,1023,,,,3,2,,0,,,281
3/21/2015,27,21,16,15,14,12,88,72,45,1028,1025,1023,,,,10,2,29,0,,,356
3/22/2015,20,18,16,16,14,14,88,83,73,1028,1026,1025,,,,6,2,,0,,,214
3/23/2015,25,22,18,15,13,11,77,61,41,1024,1023,1023,,,,3,2,,0,,,263
3/24/2015,25,19,14,14,12,10,82,64,39,1024,1023,1022,,,,6,2,,0,,,332
3/25/2015,23,20,17,15,13,11,83,68,50,1025,1024,1022,,,,6,2,,0,,,205
3/26/2015,25,20,16,15,13,12,88,73,44,1026,1023,1022,,,,6,2,,0,,,314
3/27/2015,28,21,15,15,13,10,88,67,42,1024,1022,1021,,,,3,2,,0,,,299
3/28/2015,24,18,13,14,12,11,94,69,47,1024,1022,1020,,,,6,2,,0,,,284
3/29/2015,26,20,14,8,4,0,67,38,18,1022,1021,1020,,,,6,3,,0,,,208
3/30/2015,24,18,13,13,11,8,88,66,36,1025,1023,1022,,,,6,2,,0,,,71
3/31/2015,25,19,14,13,12,10,88,67,41,1028,1026,1024,,,,6,2,,0,,,12
4/1/2015,27,20,13,13,11,7,88,60,28,1027,1025,1023,,,,6,2,,0,,,145
4/2/2015,28,20,13,11,9,5,88,53,24,1025,1023,1021,,,,8,2,,0,,,81
4/3/2015,21,17,14,11,9,8,77,65,49,1022,1021,1019,,,,3,0,,0,,,310
4/4/2015,24,19,15,14,12,11,88,67,44,1019,1018,1016,,,,3,2,,0,,,331
4/5/2015,26,19,13,13,9,3,88,62,32,1020,1017,1016,,,,8,2,,0,,,260
4/6/2015,26,18,10,12,6,2,72,46,24,1024,1022,1020,,,,8,2,,0,,,16
4/7/2015,20,17,13,12,11,11,88,73,56,1026,1025,1024,,,,8,3,,0,,,21
4/8/2015,21,16,11,14,12,9,88,79,56,1028,1026,1025,,,,3,2,,0,,,303
4/9/2015,21,16,11,12,11,8,94,76,53,1028,1026,1024,,,,8,2,,0,,,11
4/10/2015,20,14,9,12,9,6,88,73,46,1027,1025,1023,,,,3,0,,0,,,31
4/11/2015,10,,10,8,8,8,87,87,87,1024,1024,1024,,,,0,0,,0,,,-1
4/12/2015,25,18,12,14,10,6,88,67,32,1027,1025,1024,,,,6,3,,0,,,218
4/13/2015,25,18,10,11,7,1,88,58,22,1029,1027,1025,,,,6,2,,0,,,44
4/14/2015,26,17,8,8,5,1,81,50,20,1025,1022,1019,,,,8,2,,0,,,269
4/15/2015,25,19,12,7,3,-2,63,39,17,1019,1018,1017,,,,11,5,32,0,,,248
4/16/2015,26,16,7,6,0,-5,63,35,20,1025,1021,1018,,,,11,3,32,0,,,273
4/17/2015,22,14,8,8,4,0,62,47,38,1026,1024,1023,,,,6,3,,0,,,295
4/18/2015,20,17,13,11,10,9,88,68,49,1028,1026,1024,,,,6,3,,0,,,345
4/19/2015,21,16,12,11,10,9,94,75,49,1025,1023,1022,,,,8,3,,0,,,336
4/20/2015,23,17,10,13,9,5,94,70,33,1025,1023,1022,,,,6,2,,0,,,303
4/21/2015,25,18,10,9,7,3,82,57,27,1027,1026,1025,,,,6,2,,0,,,313
4/22/2015,22,18,14,11,10,7,82,66,46,1029,1027,1025,,,,8,3,26,0,,,358
4/23/2015,24,18,12,10,9,7,88,61,38,1029,1027,1025,,,,8,3,,0,,,44
4/24/2015,20,16,12,12,11,7,88,77,56,1031,1030,1028,,,,8,3,,0,,,115
4/25/2015,25,18,12,9,6,1,82,53,22,1031,1028,1026,,,,6,3,,0,,,224
4/26/2015,25,18,11,9,5,0,71,50,22,1027,1025,1023,,,,8,2,,0,,,236
4/27/2015,27,19,11,8,4,-1,67,45,17,1024,1023,1021,,,,10,2,27,0,,,245
4/28/2015,26,18,10,8,4,-2,76,46,16,1024,1022,1020,,,,10,2,26,0,,,277
4/29/2015,26,18,10,8,4,2,67,43,22,1021,1020,1018,,,,10,2,,0,,,284
4/30/2015,24,17,11,3,-3,-8,37,26,11,1021,1019,1018,,,,13,6,37,0,,,236
5/1/2015,24,14,5,-2,-6,-11,53,29,9,1025,1023,1021,,,,3,2,,0,,,208
5/2/2015,25,15,5,4,-1,-4,61,39,16,1026,1025,1023,,,,6,2,,0,,,276
5/3/2015,26,16,7,0,-4,-9,49,31,9,1027,1025,1024,,,,6,2,,0,,,273
5/4/2015,27,17,8,0,-2,-6,53,32,14,1027,1026,1024,,,,6,2,,0,,,288
5/5/2015,28,19,10,1,0,-1,50,34,16,1027,1025,1023,,,,6,2,,0,,,287
5/6/2015,28,19,11,0,-2,-6,47,26,13,1024,1022,1021,,,,8,5,,0,,,236
5/7/2015,24,16,8,10,4,-8,77,48,19,1030,1028,1024,,,,6,3,,0,,,355
5/8/2015,23,17,10,10,9,8,88,68,38,1033,1030,1029,,,,6,2,,0,,,360
5/9/2015,24,17,9,11,7,1,93,60,23,1029,1027,1024,,,,6,2,,0,,,241
5/10/2015,23,16,9,6,4,1,71,50,25,1025,1024,1023,,,,10,3,,0,,,225
5/11/2015,22,16,10,12,7,4,82,63,33,1027,1025,1024,,,,6,3,29,0,,,225
5/12/2015,22,16,9,9,6,5,87,62,33,1027,1026,1024,,,,8,2,32,0,,,317
5/13/2015,25,17,9,8,1,-9,82,44,12,1024,1023,1021,,,,11,3,,0,,,283
5/14/2015,26,16,7,-1,-6,-8,43,26,10,1024,1022,1021,,,,8,3,,0,,,243
5/15/2015,27,17,8,2,-2,-4,46,32,14,1026,1025,1023,,,,6,2,,0,,,325
5/16/2015,27,18,10,2,0,-2,51,36,15,1028,1026,1025,,,,3,2,,0,,,322
5/17/2015,26,18,10,8,1,-2,77,38,16,1029,1028,1026,,,,6,2,,0,,,349
5/18/2015,24,17,9,10,7,4,88,62,29,1030,1028,1027,,,,3,0,,0,,,352
5/19/2015,25,17,8,8,3,-2,82,50,18,1029,1028,1026,,,,6,2,,0,,,324
5/20/2015,25,17,8,5,2,-1,71,45,19,1030,1029,1028,,,,6,2,,0,,,18
5/21/2015,25,17,8,5,2,-1,71,44,19,1032,1030,1029,,,,3,2,,0,,,301
5/22/2015,23,16,9,6,3,0,63,43,25,1033,1031,1030,,,,11,5,,0,,,103
5/23/2015,20,13,7,9,6,5,94,70,40,1032,1030,1027,,,,6,0,,0,,,16
5/24/2015,23,14,6,7,4,2,87,60,25,1028,1026,1024,,,,6,0,,0,,,337
5/25/2015,24,16,8,5,2,-1,76,49,19,1026,1024,1022,,,,8,2,,0,,,251
5/26/2015,25,17,8,4,1,-1,66,42,19,1026,1025,1023,,,,3,2,,0,,,201
5/27/2015,25,17,8,2,-1,-3,57,38,17,1027,1026,1025,,,,3,2,,0,,,288
5/28/2015,25,16,6,1,-2,-4,61,35,16,1028,1026,1024,,,,6,2,,0,,,275
5/29/2015,25,17,8,0,-2,-3,50,31,16,1027,1025,1023,,,,6,3,,0,,,247
5/30/2015,25,17,8,0,-2,-6,54,34,13,1026,1024,1023,,,,6,2,,0,,,236
5/31/2015,24,16,7,1,-1,-4,61,38,15,1025,1023,1021,,,,6,2,,0,,,357
6/1/2015,22,14,7,5,2,-1,71,48,25,1025,1022,1021,,,,6,2,,0,,,28
6/2/2015,20,14,9,7,6,4,82,60,35,1026,1024,1021,,,,11,3,,0,,,52
6/3/2015,16,13,10,9,7,-3,88,74,40,1022,1020,1018,,,,10,5,,0,,,344
6/4/2015,13,8,4,3,1,-3,76,62,43,1021,1019,1018,,,,11,8,37,0,,,239
6/5/2015,16,8,0,0,-4,-8,81,51,22,1026,1023,1020,,,,10,6,27,0,,,140
6/6/2015,16,8,1,-2,-3,-7,75,50,27,1028,1026,1025,,,,6,3,,0,,,44
6/7/2015,16,8,1,0,-1,-2,87,59,31,1027,1025,1023,,,,6,2,,0,,,28
6/8/2015,19,10,1,1,-2,-6,87,51,18,1027,1025,1024,,,,6,2,,0,,,271
6/9/2015,20,11,3,-1,-3,-7,65,43,17,1029,1027,1026,,,,6,2,,0,,,24
6/10/2015,18,11,4,1,-1,-3,75,53,26,1029,1028,1026,,,,8,2,,0,,,60
6/11/2015,15,9,3,5,2,1,93,65,41,1027,1026,1024,,,,8,2,,0,,,246
6/12/2015,18,11,5,5,2,-4,87,57,22,1030,1027,1026,,,,8,3,,0,,,143
6/13/2015,20,12,4,2,0,-2,81,52,23,1032,1029,1028,,,,6,3,,0,,,256
6/14/2015,21,12,3,0,-1,-3,81,48,20,1030,1028,1026,,,,8,3,,0,,,244
6/15/2015,22,13,5,0,-3,-7,65,42,15,1027,1025,1023,,,,6,2,,0,,,247
6/16/2015,22,12,3,0,-4,-7,75,39,15,1024,1021,1019,,,,8,3,,0,,,285
6/17/2015,12,7,3,-1,-4,-7,75,46,26,1025,1021,1018,,,,13,6,39,0,,,212
6/18/2015,17,8,0,-2,-5,-8,80,45,19,1028,1026,1024,,,,6,3,,0,,,300
6/19/2015,20,10,1,-3,-4,-7,65,41,17,1033,1030,1028,,,,6,2,,0,,,172
6/20/2015,18,10,2,4,0,-4,87,56,30,1036,1033,1032,,,,6,2,,0,,,63
6/21/2015,19,11,3,4,1,-1,87,58,28,1034,1032,1030,,,,6,2,,0,,,242
6/22/2015,20,11,3,2,1,0,81,55,26,1031,1029,1027,,,,3,2,,0,,,307
6/23/2015,20,11,3,0,-2,-7,75,50,16,1029,1027,1025,,,,6,2,,0,,,245
6/24/2015,19,11,3,0,-2,-4,75,50,21,1027,1026,1024,,,,8,2,,0,,,309
6/25/2015,21,12,3,-1,-3,-6,65,41,16,1028,1026,1025,,,,6,2,,0,,,335
6/26/2015,19,12,5,4,1,-3,66,48,28,1032,1030,1028,,,,13,5,26,0,,,60
6/27/2015,11,10,9,8,5,2,82,71,62,1030,1028,1026,,,,10,6,24,0,,,16
6/28/2015,17,12,6,8,7,4,87,71,48,1029,1027,1026,,,,8,3,,0,,,313
6/29/2015,21,12,4,5,0,-5,87,53,17,1028,1027,1025,,,,8,3,,0,,,251
6/30/2015,20,12,4,1,0,-1,75,48,26,1029,1028,1026,,,,6,2,,0,,,343
7/1/2015,19,12,5,8,4,2,93,70,37,1031,1029,1028,,,,6,2,,0,,,2
7/2/2015,20,12,4,5,2,1,87,58,28,1032,1030,1029,,,,6,2,,0,,,292
7/3/2015,20,13,7,2,2,0,71,50,28,1031,1030,1028,,,,6,2,,0,,,359
7/4/2015,21,13,6,3,2,0,76,52,27,1030,1029,1027,,,,6,2,,0,,,303
7/5/2015,22,13,5,4,1,-1,76,50,22,1028,1027,1025,,,,3,2,,0,,,319
7/6/2015,23,14,6,0,-2,-6,66,42,15,1032,1029,1028,,,,8,3,,0,,,149
7/7/2015,18,12,7,5,3,-1,81,58,32,1036,1033,1032,,,,10,5,,0,,,56
7/8/2015,19,12,5,6,3,0,87,59,28,1032,1029,1026,,,,6,2,,0,,,283
7/9/2015,21,12,4,2,1,-2,81,51,21,1030,1028,1027,,,,8,2,,0,,,166
7/10/2015,20,12,5,6,2,0,93,57,28,1032,1030,1028,,,,3,2,,0,,,20
7/11/2015,18,12,7,5,2,1,76,57,32,1030,1028,1025,,,,8,2,,0,,,358
7/12/2015,21,12,4,4,1,0,81,54,25,1026,1024,1023,,,,8,2,,0,,,340
7/13/2015,22,13,5,2,0,-2,70,46,20,1026,1024,1022,,,,6,2,,0,,,299
7/14/2015,20,13,6,6,3,0,76,55,35,1028,1026,1024,,,,10,3,27,0,,,17
7/15/2015,19,13,8,7,5,3,87,64,35,1028,1026,1024,,,,8,5,,0,,,358
7/16/2015,22,13,6,7,3,-2,87,56,25,1025,1021,1017,,,,19,3,48,0,,,9
7/17/2015,14,7,1,-2,-7,-13,65,39,15,1024,1021,1019,,,,14,10,45,0,,,233
7/18/2015,19,9,0,-6,-9,-13,64,34,11,1026,1024,1023,,,,6,2,,0,,,235
7/19/2015,20,10,2,-7,-9,-12,48,33,12,1028,1027,1026,,,,8,2,,0,,,299
7/20/2015,23,14,6,6,-1,-8,76,42,22,1029,1027,1025,,,,6,2,,0,,,357
7/21/2015,22,13,5,4,1,-2,76,47,21,1028,1026,1025,,,,8,2,,0,,,58
7/22/2015,19,13,7,4,1,0,71,50,30,1031,1029,1027,,,,13,5,34,0,,,54
7/23/2015,16,10,5,6,4,2,87,63,45,1028,1024,1021,,,,8,3,26,0,,,11
7/24/2015,15,12,9,9,8,4,94,79,63,1021,1020,1018,,,,8,2,,0,,,349
7/25/2015,12,8,4,8,-1,-7,87,58,34,1025,1022,1020,,,,13,3,,0,,,228
7/26/2015,15,8,1,0,-1,-3,87,64,31,1028,1026,1023,,,,10,5,,0,,,163
7/27/2015,17,9,2,1,-2,-6,87,54,20,1029,1027,1025,,,,6,2,,0,,,355
7/28/2015,18,9,1,0,-1,-3,87,54,28,1027,1025,1023,,,,6,2,,0,,,327
7/29/2015,21,12,3,1,-1,-2,81,51,21,1024,1022,1020,,,,8,2,26,0,,,333
7/30/2015,21,13,6,1,-8,-15,58,30,9,1022,1020,1019,,,,10,3,,0,,,244
7/31/2015,13,8,3,-2,-8,-12,52,34,24,1028,1025,1021,,,,13,6,40,0,,,208
8/1/2015,19,10,1,-8,-12,-22,48,27,6,1032,1030,1029,,,,6,3,,0,,,250
8/2/2015,19,9,0,-5,-8,-11,51,32,13,1034,1031,1030,,,,6,2,,0,,,9
8/3/2015,21,11,1,-3,-5,-8,65,39,14,1031,1029,1027,,,,6,2,,0,,,322
8/4/2015,23,13,3,-2,-5,-8,65,36,12,1028,1027,1025,,,,6,2,,0,,,272
8/5/2015,21,14,8,-5,-10,-15,37,22,9,1029,1027,1026,,,,11,5,,0,,,210
8/6/2015,22,12,3,-1,-7,-14,43,28,13,1032,1029,1028,,,,6,3,,0,,,302
8/7/2015,23,13,4,1,-3,-9,75,39,12,1032,1030,1028,,,,3,2,,0,,,231
8/8/2015,24,14,4,-5,-8,-11,52,26,10,1031,1029,1027,,,,8,3,,0,,,247
8/9/2015,24,14,5,-6,-8,-11,39,24,10,1029,1026,1024,,,,10,2,,0,,,248
8/10/2015,24,14,6,-7,-9,-13,36,21,9,1024,1022,1020,,,,6,2,27,0,,,275
8/11/2015,19,12,6,7,3,0,87,60,32,1026,1024,1023,,,,6,2,,0,,,356
8/12/2015,19,12,5,5,2,0,81,53,28,1026,1024,1021,,,,8,2,,0,,,343
8/13/2015,23,14,6,6,-1,-9,87,44,14,1024,1022,1019,,,,11,3,29,0,,,312
8/14/2015,26,17,9,-6,-8,-10,32,19,9,1028,1025,1023,,,,10,3,,0,,,263
8/15/2015,26,17,9,8,1,-7,71,39,16,1031,1029,1027,,,,8,2,,0,,,12
8/16/2015,27,17,8,1,-2,-5,57,33,12,1032,1030,1028,,,,8,2,,0,,,104
8/17/2015,26,17,9,3,-1,-2,58,34,16,1032,1029,1026,,,,6,2,,0,,,19
8/18/2015,27,18,9,1,-1,-4,54,33,14,1027,1024,1021,,,,8,2,,0,,,263
8/19/2015,27,17,8,2,-1,-5,57,33,13,1023,1022,1020,,,,6,2,,0,,,346
8/20/2015,25,18,10,5,3,-2,62,42,24,1024,1023,1021,,,,10,2,,0,,,13
8/21/2015,26,17,9,10,7,4,88,55,24,1025,1024,1023,,,,6,2,,0,,,349
8/22/2015,,,,,,,,,,,,,,,,,,,0,,,-1
8/23/2015,27,19,11,11,8,5,88,55,26,1029,1027,1025,,,,6,2,26,0,,,358
8/24/2015,26,18,10,10,6,2,88,54,21,1031,1029,1027,,,,8,3,,0,,,22
8/25/2015,27,18,10,8,3,-4,76,45,13,1031,1028,1027,,,,6,2,,0,,,14
8/26/2015,28,19,11,4,0,-3,58,32,14,1029,1027,1024,,,,3,2,,0,,,305
8/27/2015,27,19,12,7,3,0,67,38,17,1027,1025,1023,,,,10,3,,0,,,284
8/28/2015,28,19,11,5,3,2,58,39,19,1026,1024,1022,,,,6,2,,0,,,311
8/29/2015,29,20,12,5,3,0,58,35,15,1027,1025,1024,,,,6,2,,0,,,4
8/30/2015,29,21,13,7,4,2,63,37,19,1027,1025,1023,,,,6,2,24,0,,,26
8/31/2015,29,20,12,8,3,-1,67,36,14,1025,1022,1019,,,,8,2,,0,,,26
9/1/2015,26,19,13,5,2,-1,54,37,21,1021,1020,1018,,,,11,3,35,0,,,280
9/2/2015,22,16,9,-2,-5,-9,46,27,14,1025,1023,1021,,,,10,5,,0,,,194
9/3/2015,22,18,8,6,3,1,87,42,25,1031,1026,1025,,,,16,8,45,0,,,67
9/4/2015,12,10,8,7,6,4,87,77,67,1032,1031,1029,,,,13,10,39,0,,,102
9/5/2015,14,11,9,9,7,6,93,81,59,1030,1028,1026,,,,10,6,,0,,,60
9/6/2015,15,11,8,8,7,6,87,74,55,1028,1026,1024,,,,3,2,,0,,,360
9/7/2015,22,13,6,9,6,4,93,64,31,1024,1021,1019,,,,6,2,,0,,,357
9/8/2015,25,18,10,8,6,5,76,55,28,1022,1020,1018,,,,6,2,,0,,,329
9/9/2015,26,18,11,8,7,5,82,52,26,1022,1020,1018,,,,8,2,,0,,,340
9/10/2015,30,21,13,13,6,-2,88,46,13,1026,1023,1020,,,,10,2,,0,,,308
9/11/2015,30,23,15,10,-2,-6,72,24,12,1031,1028,1026,,,,11,5,,0,,,190
9/12/2015,23,18,13,10,9,3,82,61,39,1032,1029,1027,,,,10,5,34,0,,,23
9/13/2015,25,18,10,9,7,4,87,56,29,1034,1031,1030,,,,8,3,,0,,,77
9/14/2015,24,17,9,8,6,3,87,56,29,1034,1031,1028,,,,8,3,,0,,,3
9/15/2015,25,17,8,6,3,1,76,49,21,1030,1026,1023,,,,10,2,,0,,,252
9/16/2015,28,19,10,2,-1,-4,51,30,13,1023,1021,1018,,,,3,2,,0,,,307
9/17/2015,30,20,10,1,-2,-6,50,28,10,1019,1018,1016,,,,11,3,27,0,,,281
9/18/2015,29,20,11,3,-1,-7,54,26,12,1024,1020,1018,,,,10,3,,0,,,311
9/19/2015,24,18,12,11,9,7,82,62,34,1031,1027,1024,,,,10,5,,0,,,35
9/20/2015,16,14,14,11,11,11,82,79,72,1031,1030,1030,,,,10,6,89,0,,,18
9/22/2015,16,16,15,6,6,5,52,52,51,1026,1026,1026,,,,2,2,27,0,,,160
9/23/2015,30,21,13,8,6,3,63,39,18,1028,1025,1024,,,,6,2,,0,,,329
9/24/2015,31,21,12,9,7,2,77,46,17,1029,1027,1025,,,,6,2,,0,,,352
9/25/2015,31,22,14,12,9,6,77,52,21,1028,1026,1024,,,,8,2,26,0,,,6
9/26/2015,32,22,13,8,5,0,63,38,13,1026,1023,1020,,,,6,2,,0,,,43
9/27/2015,29,20,12,5,4,2,58,37,18,1024,1021,1018,,,,6,2,,0,,,342
9/28/2015,30,21,12,5,2,0,58,34,14,1021,1020,1018,,,,6,2,,0,,,327
9/29/2015,32,23,14,3,1,-2,45,26,11,1022,1020,1018,,,,6,2,,0,,,352
9/30/2015,31,23,15,8,3,-2,59,29,12,1022,1019,1015,,,,10,5,32,0,,,8
10/1/2015,28,21,14,7,-1,-10,51,27,9,1020,1018,1015,,,,13,5,32,0,,,273
10/2/2015,27,18,9,3,-1,-4,50,30,14,1022,1020,1019,,,,6,3,,0,,,300
10/3/2015,30,20,11,10,6,1,77,44,15,1026,1024,1022,,,,6,2,,0,,,329
10/4/2015,32,23,14,11,6,2,72,39,16,1028,1027,1025,,,,8,2,,0,,,349
10/5/2015,33,23,14,7,4,1,55,31,13,1028,1027,1025,,,,6,2,,0,,,338
10/6/2015,32,23,15,5,2,-1,48,29,12,1028,1027,1024,,,,8,2,,0,,,343
10/7/2015,32,23,15,8,4,0,59,32,13,1028,1026,1024,,,,6,2,29,0,,,326
10/8/2015,34,26,17,7,3,-1,49,28,11,1027,1025,1023,,,,8,2,,0,,,344
10/9/2015,33,24,17,6,3,-1,42,25,12,1026,1024,1021,,,,8,3,,0,,,305
10/10/2015,31,23,15,10,5,0,67,33,14,1025,1022,1019,,,,8,3,26,0,,,350
10/11/2015,33,24,17,8,-1,-7,43,20,12,1024,1022,1020,,,,6,3,,0,,,297
10/12/2015,30,23,17,11,7,2,63,38,17,1025,1023,1021,,,,8,5,27,0,,,6
10/13/2015,32,22,13,10,5,1,72,35,14,1023,1021,1019,,,,8,3,27,0,,,353
10/14/2015,27,23,17,13,6,1,77,37,23,1022,1021,1017,,,,11,5,32,0,,,33
10/15/2015,27,21,15,14,10,0,88,57,30,1021,1018,1015,,,,6,3,,0,,,337
10/16/2015,29,20,11,12,6,0,77,47,15,1025,1021,1018,,,,10,3,37,0,,,322
10/17/2015,24,19,14,12,11,10,77,63,44,1028,1026,1025,,,,10,5,,0,,,36
10/18/2015,29,21,14,12,8,3,82,52,20,1030,1027,1025,,,,8,3,,0,,,37
10/19/2015,31,22,14,11,7,1,67,40,16,1030,1027,1025,,,,11,2,,0,,,62
10/20/2015,28,21,14,10,8,2,72,44,21,1029,1027,1024,,,,6,3,,0,,,86
10/21/2015,28,21,14,13,9,4,73,54,25,1026,1024,1021,,,,8,2,,0,,,17
10/22/2015,28,21,14,12,9,8,72,52,28,1027,1025,1023,,,,11,5,,0,,,79
10/23/2015,29,21,14,11,9,7,77,52,25,1027,1025,1022,,,,8,3,,0,,,15
10/25/2015,,,,,,,,,,,,,,,,,,,0,,,-1
10/26/2015,30,23,17,14,8,4,73,39,20,1029,1026,1023,,,,6,3,26,0,,,73
10/27/2015,27,22,18,11,8,5,64,41,26,1029,1028,1026,,,,8,6,,0,,,88
10/28/2015,29,21,14,12,7,-4,82,45,17,1028,1024,1020,,,,11,3,32,0,,,119
10/29/2015,28,19,10,7,2,-1,66,35,15,1023,1021,1018,,,,10,3,,0,,,92
10/30/2015,31,22,13,10,5,-3,77,40,13,1021,1019,1016,,,,8,3,,0,,,70
10/31/2015,34,24,15,7,3,0,55,27,12,1019,1017,1015,,,,8,3,27,0,,,295
11/1/2015,35,27,19,7,1,-6,35,20,9,1017,1014,1010,,,,11,3,32,0,,,297
11/2/2015,24,17,11,0,-4,-8,44,24,14,1022,1017,1014,,,,11,8,35,0,,,226
11/3/2015,23,14,7,0,-3,-6,49,29,14,1027,1025,1022,,,,11,6,32,0,,,119
11/4/2015,23,16,8,2,-1,-5,66,33,16,1032,1030,1027,,,,11,8,,0,,,78
11/5/2015,26,16,7,3,-2,-6,61,33,12,1032,1030,1027,,,,8,3,,0,,,33
11/6/2015,27,17,8,2,-2,-10,66,34,8,1029,1027,1024,,,,6,2,,0,,,338
11/7/2015,31,21,11,2,-2,-7,41,21,11,1024,1022,1018,,,,6,2,,0,,,310
11/8/2015,32,24,17,7,3,-2,52,27,12,1023,1021,1019,,,,8,3,,0,,,314
11/9/2015,36,26,15,3,1,-1,42,21,10,1024,1022,1020,,,,8,2,,0,,,304
11/10/2015,36,26,17,4,1,-1,39,21,10,1023,1020,1017,,,,8,2,,0,,,298
11/11/2015,36,26,17,7,2,-2,48,22,9,1020,1018,1015,,,,10,3,27,0,,,314
11/12/2015,34,27,21,7,2,-1,34,22,11,1020,1019,1017,,,,8,3,,0,,,271
11/13/2015,31,26,20,9,5,1,46,27,16,1021,1020,1018,,,,13,5,35,0,,,296
11/14/2015,29,23,18,9,7,4,56,36,20,1021,1018,1015,,,,8,3,,0,,,341
11/15/2015,32,23,14,13,-1,-19,88,35,4,1019,1016,1013,,,,14,3,37,0,,,286
11/16/2015,27,20,13,13,9,-11,94,61,13,1024,1021,1019,,,,13,6,29,0,,,62
11/17/2015,26,19,13,13,12,11,94,67,39,1023,1020,1015,,,,10,5,34,0,,,339
11/18/2015,26,20,14,13,11,8,88,66,34,1021,1019,1017,,,,13,5,39,0,,,355
11/19/2015,27,20,13,13,11,9,88,61,37,1024,1020,1017,,,,11,5,34,0,,,18
11/20/2015,28,20,12,16,11,6,94,60,25,1020,1016,1012,,,,10,3,27,0,,,332
11/21/2015,27,21,14,15,8,-5,88,57,18,1017,1013,1011,,,,11,5,29,0,,,310
11/22/2015,26,17,9,0,-5,-9,50,25,10,1023,1020,1017,,,,11,5,29,0,,,170
11/23/2015,29,19,10,0,-3,-7,50,24,10,1027,1025,1023,,,,6,3,,0,,,252
11/24/2015,31,21,11,10,2,-5,59,31,9,1026,1023,1020,,,,8,2,,0,,,304
11/25/2015,32,23,14,10,6,1,72,38,14,1020,1017,1013,,,,11,3,,0,,,322
11/26/2015,32,23,14,8,0,-8,48,22,11,1018,1014,1011,,,,10,3,24,0,,,290
11/27/2015,33,23,14,11,3,-10,72,33,10,1022,1016,1012,,,,19,8,40,0,,,140
11/28/2015,22,17,12,10,9,8,77,60,43,1026,1025,1022,,,,13,8,26,0,,,39
11/29/2015,28,20,13,11,9,5,88,53,26,1028,1027,1025,,,,10,3,,0,,,3
11/30/2015,30,22,15,13,10,6,82,49,22,1028,1026,1023,,,,6,2,,0,,,350
12/1/2015,34,24,16,12,9,4,63,39,17,1025,1023,1020,,,,8,2,,0,,,310
12/2/2015,31,26,20,13,9,5,60,37,19,1024,1022,1019,,,,6,3,,0,,,268
12/3/2015,26,21,16,16,14,12,88,71,44,1027,1024,1022,,,,14,3,37,0,,,93
12/4/2015,31,22,14,15,12,7,94,61,25,1026,1024,1021,,,,11,5,32,0,,,277
12/5/2015,33,24,16,14,11,4,88,48,17,1024,1022,1019,,,,8,2,,0,,,293
12/6/2015,36,26,17,13,8,-2,77,39,10,1023,1020,1018,,,,8,2,24,0,,,276
12/7/2015,35,27,18,16,11,6,73,41,16,1023,1020,1017,,,,8,2,,0,,,330
12/8/2015,30,26,21,15,12,9,60,45,29,1024,1022,1019,,,,10,5,27,0,,,323
12/9/2015,31,24,19,12,8,5,60,36,19,1024,1023,1021,,,,8,3,,0,,,254
12/10/2015,33,26,18,13,11,8,64,40,21,1024,1022,1020,,,,6,2,,0,,,323
12/11/2015,34,26,18,15,13,8,83,49,20,1024,1021,1018,,,,13,3,37,0,,,319
12/12/2015,22,19,18,16,15,14,88,80,64,1022,1020,1018,,,,3,2,,0,,,44
12/13/2015,,,,,,,,,,,,,,,,,,,0,,,-1
12/14/2015,29,23,18,18,11,-2,83,55,14,1017,1014,1011,,,,11,3,29,0,,,338
12/15/2015,28,21,15,16,13,9,82,62,35,1020,1019,1016,,,,10,5,,0,,,34
12/16/2015,29,23,18,16,14,11,88,66,37,1021,1019,1018,,,,6,3,26,0,,,353
12/17/2015,30,23,17,15,13,9,82,60,30,1027,1023,1020,,,,10,3,,0,,,43
12/18/2015,31,23,17,16,13,9,83,55,25,1026,1024,1022,,,,8,2,,0,,,2
12/19/2015,33,24,17,16,11,9,83,47,23,1025,1023,1020,,,,10,3,,0,,,43
12/20/2015,33,27,20,13,11,7,64,43,20,1024,1022,1018,,,,11,5,39,0,,,23
12/21/2015,32,24,17,16,13,8,88,62,22,1023,1019,1016,,,,8,3,35,0,,,334
12/22/2015,33,24,15,15,12,8,88,53,22,1022,1019,1017,,,,6,2,,0,,,357
12/23/2015,33,26,19,16,14,10,78,52,26,1024,1022,1020,,,,8,3,27,0,,,358
12/24/2015,35,27,19,16,13,9,83,48,20,1024,1022,1020,,,,8,3,,0,,,313
12/25/2015,26,23,21,16,12,8,73,47,34,1026,1023,1021,,,,13,3,37,0,,,28
12/26/2015,29,23,17,14,13,11,82,55,33,1024,1023,1020,,,,10,3,26,0,,,350
12/27/2015,29,22,16,15,13,8,88,66,32,1025,1024,1021,,,,13,2,47,0,,,26
12/28/2015,32,23,16,17,12,8,82,56,26,1028,1025,1023,,,,6,3,26,0,,,74
12/29/2015,32,26,20,13,9,5,64,39,19,1028,1026,1024,,,,13,5,27,0,,,141
12/30/2015,31,23,17,13,7,1,77,39,15,1028,1026,1023,,,,13,8,,0,,,79
12/31/2015,22,20,18,10,7,3,56,46,29,1025,1024,1024,,,,3,2,,0,,,100
1/1/2014,28,22,17,12,7,2,72,41,20,1023,1020,1017,,,,10,5,,0,,,114
1/2/2014,31,22,14,11,8,5,72,42,20,1021,1019,1017,,,,10,3,29,0,,,127
1/3/2014,30,23,16,12,10,5,77,46,20,1021,1020,1017,,,,8,3,,0,,,67
1/4/2014,29,22,16,14,12,9,82,52,29,1020,1017,1014,,,,6,2,,0,,,12
1/5/2014,28,22,16,13,12,9,77,54,32,1015,1011,1008,,,,6,2,,0,,,11
1/6/2014,24,21,18,15,13,11,73,64,50,1014,1012,1010,,,,6,2,,0,,,265
1/7/2014,26,21,17,16,14,12,83,64,44,1016,1015,1013,,,,6,2,,0,,,309
1/8/2014,26,22,18,16,14,13,83,66,47,1019,1017,1016,,,,10,3,,0,,,49
1/9/2014,29,23,18,16,14,11,83,61,37,1020,1017,1015,,,,6,3,,0,,,349
1/10/2014,30,23,17,15,11,6,72,49,27,1019,1017,1016,,,,8,2,,0,,,268
1/11/2014,29,22,16,15,11,6,73,51,29,1025,1022,1019,,,,8,3,,0,,,1
1/12/2014,30,24,18,16,14,11,83,62,33,1026,1024,1021,,,,6,3,,0,,,360
1/13/2014,31,23,15,15,11,3,88,52,17,1024,1022,1019,,,,10,2,,0,,,314
1/14/2014,28,21,14,16,12,11,82,61,35,1024,1023,1020,,,,8,5,,0,,,30
1/15/2014,27,21,15,15,12,8,88,62,39,1025,1023,1021,,,,8,3,,0,,,337
1/16/2014,31,23,17,11,8,2,68,39,17,1025,1023,1021,,,,11,6,,0,,,169
1/17/2014,31,23,15,14,7,0,82,42,14,1025,1023,1020,,,,11,3,27,0,,,101
1/18/2014,32,23,14,11,7,5,72,42,20,1022,1021,1020,,,,6,2,,0,,,74
1/19/2014,,,,,,,,,,,,,,,,,,,0,,,-1
1/20/2014,28,20,13,16,12,10,82,64,32,1024,1022,1020,,,,6,2,,0,,,360
1/21/2014,27,22,17,14,12,10,73,57,36,1025,1023,1021,,,,11,5,39,0,,,52
1/22/2014,27,21,16,14,12,10,82,58,34,1025,1023,1020,,,,8,3,,0,,,61
1/23/2014,27,21,16,18,14,12,88,71,42,1022,1021,1018,,,,6,2,,0,,,305
1/24/2014,29,23,17,16,13,10,88,59,32,1020,1019,1016,,,,8,2,,0,,,213
1/25/2014,31,23,16,16,13,10,88,58,29,1020,1018,1016,,,,10,3,,0,,,104
1/26/2014,27,22,17,14,13,11,82,60,39,1022,1021,1019,,,,13,8,32,0,,,85
1/27/2014,24,20,16,16,13,12,83,66,50,1023,1022,1020,,,,13,8,,0,,,83
1/28/2014,25,21,17,16,14,13,88,67,47,1022,1020,1018,,,,10,3,,0,,,48
1/29/2014,28,23,18,16,14,11,83,62,35,1020,1019,1016,,,,10,5,,0,,,32
1/30/2014,29,24,19,16,14,11,83,63,33,1020,1019,1017,,,,6,3,,0,,,31
1/31/2014,26,22,18,18,17,15,94,80,54,1022,1019,1017,,,,8,5,,0,,,68
2/1/2014,27,22,18,18,16,15,94,72,48,1021,1019,1017,,,,8,3,,0,,,28
2/2/2014,28,23,19,18,17,16,88,72,48,1019,1018,1015,,,,11,3,,0,,,41
2/3/2014,21,19,17,17,16,15,94,84,73,1021,1019,1018,,,,11,6,,0,,,89
2/4/2014,25,21,17,16,14,14,88,73,54,1020,1018,1015,,,,6,3,,0,,,21
2/5/2014,26,21,16,17,15,13,88,71,47,1017,1015,1013,,,,3,2,,0,,,282
2/6/2014,28,23,19,18,16,13,88,69,45,1018,1015,1013,,,,10,2,,0,,,72
2/7/2014,27,22,17,17,15,13,94,69,44,1019,1017,1015,,,,10,6,,0,,,72
2/8/2014,28,23,18,16,15,12,88,67,39,1019,1017,1014,,,,3,3,,0,,,1
2/9/2014,25,20,16,16,15,13,88,72,47,1019,1017,1015,,,,6,3,,0,,,23
2/10/2014,28,22,17,16,14,11,88,67,37,1021,1019,1018,,,,8,3,,0,,,96
2/11/2014,28,20,15,13,12,8,88,65,28,1022,1021,1020,,,,3,2,,0,,,77
2/12/2014,30,26,21,9,6,4,46,27,22,1022,1019,1017,,,,11,6,34,0,,,88
2/13/2014,29,21,14,16,12,7,83,60,32,1023,1021,1019,,,,8,3,,0,,,88
2/14/2014,26,21,17,16,12,8,88,59,32,1025,1023,1022,,,,10,3,,0,,,102
2/15/2014,27,21,16,13,11,8,77,54,32,1026,1024,1021,,,,10,6,,0,,,95
2/16/2014,28,21,14,12,7,0,88,48,16,1023,1021,1019,,,,10,3,,0,,,101
2/17/2014,27,20,14,10,8,5,77,50,24,1024,1023,1021,,,,8,3,,0,,,48
2/18/2014,29,21,13,12,10,8,82,50,27,1023,1021,1018,,,,10,2,,0,,,210
2/19/2014,28,23,18,14,13,11,73,56,37,1021,1019,1016,,,,10,6,,0,,,46
2/20/2014,27,22,17,14,14,12,82,63,42,1018,1016,1014,,,,6,3,,0,,,320
2/21/2014,24,20,17,18,14,12,88,72,57,1024,1020,1017,,,,13,5,34,0,,,117
2/22/2014,26,21,17,16,15,13,88,72,50,1025,1024,1022,,,,8,5,,0,,,38
2/23/2014,27,22,18,17,15,13,88,71,42,1025,1023,1021,,,,6,3,,0,,,352
2/24/2014,26,22,18,15,14,13,83,67,50,1023,1021,1018,,,,6,3,,0,,,359
2/25/2014,27,22,17,16,14,10,88,69,36,1021,1020,1017,,,,6,3,,0,,,304
2/26/2014,24,20,16,15,14,11,88,75,53,1023,1021,1019,,,,8,3,,0,,,100
2/27/2014,25,20,16,15,13,10,88,77,39,1023,1021,1019,,,,3,3,,0,,,3
2/28/2014,27,20,13,15,12,8,88,63,32,1021,1019,1016,,,,3,2,,0,,,304
3/1/2014,22,18,15,16,14,11,88,76,57,1021,1019,1017,,,,6,2,,0,,,275
3/2/2014,16,16,16,14,14,14,88,88,88,1021,1021,1020,,,,2,2,,0,,,75
3/7/2014,25,21,18,17,16,14,88,72,57,1023,1021,1020,,,,3,3,,0,,,324
3/8/2014,26,21,17,17,16,14,94,77,47,1023,1021,1019,,,,6,2,,0,,,14
3/9/2014,23,20,17,17,16,14,94,83,61,1022,1020,1018,,,,6,3,,0,,,15
3/10/2014,21,18,16,16,15,14,94,83,64,1023,1022,1021,,,,14,6,35,0,,,85
3/11/2014,20,18,15,18,16,13,100,92,88,1022,1020,1018,,,,10,5,,0,,,13
3/12/2014,24,20,16,17,15,14,94,78,53,1022,1019,1018,,,,6,2,,0,,,309
3/13/2014,21,18,15,15,13,11,88,79,64,1027,1024,1022,,,,11,3,,0,,,84
3/14/2014,17,16,14,14,13,12,94,82,72,1027,1026,1024,,,,6,3,,0,,,4
3/15/2014,24,19,14,15,13,12,88,74,53,1026,1024,1023,,,,3,2,,0,,,287
3/16/2014,26,20,14,15,13,11,94,69,39,1025,1024,1022,,,,6,2,,0,,,276
3/17/2014,25,20,16,16,15,13,88,74,54,1024,1023,1021,,,,3,2,,0,,,307
3/18/2014,26,20,15,15,14,13,94,69,44,1025,1022,1020,,,,6,2,,0,,,30
3/19/2014,26,21,17,17,15,13,88,68,44,1022,1020,1018,,,,10,2,,0,,,299
3/20/2014,28,20,12,15,6,-1,88,48,15,1023,1021,1019,,,,3,2,,0,,,241
3/21/2014,23,19,15,14,13,6,82,70,50,1028,1026,1024,,,,8,3,,0,,,29
3/22/2014,23,19,14,14,13,11,88,71,50,1026,1025,1023,,,,6,3,,0,,,11
3/23/2014,27,19,12,13,12,10,88,65,37,1026,1024,1024,,,,6,2,,0,,,35
3/24/2014,26,20,14,14,12,10,94,68,39,1028,1026,1025,,,,8,2,,0,,,36
3/25/2014,25,19,13,13,12,10,88,67,39,1026,1024,1022,,,,6,2,,0,,,18
3/26/2014,27,19,12,15,13,10,94,69,42,1022,1021,1018,,,,6,2,,0,,,292
3/27/2014,27,22,17,14,11,7,82,59,30,1024,1022,1020,,,,6,3,,0,,,193
3/28/2014,23,18,14,14,12,10,82,68,44,1027,1024,1023,,,,6,3,,0,,,66
3/29/2014,24,19,15,13,12,10,88,68,41,1025,1023,1021,,,,3,2,,0,,,348
3/30/2014,26,19,13,13,11,6,88,65,28,1023,1022,1021,,,,6,2,,0,,,216
3/31/2014,25,18,12,13,11,9,88,69,38,1025,1023,1021,,,,6,2,,0,,,58
4/1/2014,23,17,12,13,12,10,94,70,50,1023,1021,1019,,,,6,2,,0,,,318
4/2/2014,22,16,12,14,12,10,88,81,57,1022,1020,1019,,,,6,2,,0,,,5
8/2/2014,,,,,,,,,,,,,,,,,,,0,,,-1
8/3/2014,5,,5,-6,-6,-6,45,45,45,1030,1030,1030,,,,0,0,,0,,,-1
9/23/2014,15,14,14,3,3,3,48,47,45,1028,1027,1027,,,,2,2,,0,,,155
9/24/2014,25,18,11,4,1,-3,62,35,16,1029,1026,1023,,,,10,3,29,0,,,3
9/25/2014,28,19,11,6,3,1,67,35,17,1026,1024,1021,,,,8,3,,0,,,328
9/26/2014,30,21,12,5,3,0,62,36,15,1024,1022,1020,,,,6,2,,0,,,341
9/27/2014,30,21,12,8,3,-2,67,32,13,1021,1020,1018,,,,13,3,32,0,,,318
9/28/2014,25,20,16,9,7,-1,63,44,24,1022,1020,1017,,,,11,8,34,0,,,38
9/29/2014,23,18,14,12,11,9,88,68,44,1022,1020,1018,,,,11,6,,0,,,5
9/30/2014,26,18,10,13,-2,-13,88,36,7,1022,1019,1017,,,,14,5,35,0,,,259
10/1/2014,24,16,7,0,-4,-13,53,31,10,1023,1021,1017,,,,14,5,35,0,,,203
10/2/2014,23,16,8,5,1,-7,76,43,18,1025,1022,1020,,,,11,5,,0,,,13
10/3/2014,24,16,8,6,3,-1,71,47,20,1025,1022,1020,,,,10,3,,0,,,24
10/4/2014,21,13,7,6,4,3,87,56,31,1028,1026,1025,,,,8,3,,0,,,58
10/5/2014,24,16,7,5,4,2,81,48,24,1030,1028,1026,,,,6,2,,0,,,358
10/6/2014,26,17,9,5,2,-1,71,41,18,1029,1027,1025,,,,8,2,,0,,,8
10/7/2014,27,18,10,3,1,-2,58,35,16,1026,1023,1020,,,,6,2,,0,,,357
10/8/2014,30,20,11,0,-1,-3,47,26,12,1020,1017,1015,,,,10,2,32,0,,,290
10/9/2014,31,22,14,0,-2,-4,38,20,12,1020,1016,1014,,,,10,5,27,0,,,287
10/10/2014,28,20,13,12,7,-1,82,45,22,1026,1022,1019,,,,13,5,34,0,,,44
10/11/2014,21,17,13,13,12,10,88,74,53,1028,1026,1024,,,,11,6,27,0,,,13
10/12/2014,28,20,12,14,12,10,94,68,32,1027,1025,1022,,,,8,3,,0,,,347
10/13/2014,32,26,20,10,-4,-10,30,14,9,1024,1022,1021,,,,11,6,32,0,,,235
10/14/2014,29,21,13,11,7,-6,77,38,18,1024,1022,1019,,,,6,5,,0,,,353
10/15/2014,23,19,15,15,11,8,82,63,44,1020,1018,1015,,,,8,2,,0,,,306
10/16/2014,26,19,12,12,4,-10,88,53,10,1016,1012,1008,,,,16,5,48,0,,,286
10/17/2014,20,14,8,3,1,-2,66,45,24,1021,1017,1013,,,,11,8,35,0,,,162
10/18/2014,23,14,6,1,-2,-6,66,37,14,1025,1022,1020,,,,13,6,35,0,,,128
10/19/2014,28,18,8,3,-1,-8,66,34,9,1023,1021,1019,,,,8,3,,0,,,224
10/20/2014,30,20,10,5,0,-3,62,31,12,1023,1022,1020,,,,6,2,,0,,,335
10/21/2014,30,20,11,10,5,0,76,43,14,1026,1023,1021,,,,14,3,40,0,,,10
10/22/2014,28,20,12,13,8,4,82,56,21,1026,1024,1022,,,,10,5,,0,,,2
10/23/2014,28,19,11,11,9,7,88,65,28,1024,1022,1017,,,,13,5,,0,,,30
10/24/2014,29,20,12,12,8,2,88,53,18,1021,1020,1017,,,,11,3,,0,,,341
10/25/2014,28,20,12,12,8,5,88,54,26,1026,1021,1017,,,,11,3,32,0,,,71
10/26/2014,19,16,13,12,11,8,94,74,52,1029,1026,1024,,,,11,5,,0,,,85
10/27/2014,23,17,11,9,8,6,88,63,33,1029,1027,1024,,,,10,5,,0,,,35
10/28/2014,26,18,10,10,8,7,87,58,32,1026,1024,1021,,,,8,2,,0,,,357
10/29/2014,29,20,12,10,7,5,77,47,23,1025,1022,1020,,,,6,2,,0,,,335
10/30/2014,32,23,14,10,5,0,72,36,13,1023,1021,1018,,,,8,2,,0,,,273
10/31/2014,31,23,17,12,7,0,64,36,14,1023,1021,1018,,,,8,3,,0,,,16
11/1/2014,26,21,17,12,11,9,72,54,36,1023,1021,1018,,,,10,5,35,0,,,29
11/2/2014,20,17,14,12,9,6,77,62,40,1026,1023,1020,,,,10,6,,0,,,102
11/3/2014,22,18,14,15,13,12,88,80,53,1025,1024,1022,,,,10,3,39,0,,,40
11/4/2014,17,16,16,15,14,14,94,89,88,1024,1023,1022,,,,6,5,,0,,,12
11/5/2014,24,20,15,4,2,0,48,30,21,1026,1025,1024,,,,6,5,,0,,,192
11/6/2014,26,19,12,11,8,6,77,53,28,1029,1027,1025,,,,8,3,,0,,,34
11/7/2014,29,21,13,12,8,4,88,52,22,1027,1025,1022,,,,6,2,,0,,,291
11/8/2014,27,20,14,13,12,8,94,72,30,1024,1022,1019,,,,10,3,,0,,,340
11/9/2014,29,21,14,14,11,6,94,60,27,1022,1020,1017,,,,8,3,,0,,,302
11/10/2014,21,18,16,15,13,11,88,73,53,1023,1021,1019,,,,8,2,,0,,,87
11/11/2014,17,16,15,16,14,13,94,89,82,1026,1024,1023,,,,10,3,,0,,,73
11/12/2014,17,16,14,15,14,13,94,90,82,1023,1021,1019,,,,6,3,24,0,,,360
11/13/2014,26,20,15,15,13,10,94,68,39,1021,1019,1017,,,,6,0,26,0,,,292
11/14/2014,30,21,13,14,9,5,82,51,20,1023,1021,1018,,,,8,2,,0,,,334
11/15/2014,22,17,12,15,12,4,88,75,53,1024,1021,1019,,,,11,2,35,0,,,301
11/16/2014,24,17,9,7,1,-3,50,36,22,1024,1022,1020,,,,8,3,,0,,,223
11/17/2014,19,14,9,11,7,1,87,66,49,1027,1024,1022,,,,10,2,,0,,,102
11/18/2014,19,13,8,7,6,5,87,69,40,1029,1027,1025,,,,6,2,,0,,,11
11/19/2014,22,14,8,10,8,6,87,67,41,1025,1022,1020,,,,6,2,,0,,,315
11/20/2014,23,16,9,7,6,4,87,54,29,1020,1019,1017,,,,16,2,48,0,,,357
11/21/2014,25,18,12,10,7,5,68,50,28,1023,1021,1019,,,,8,2,26,0,,,118
11/22/2014,28,20,13,11,9,7,77,52,26,1025,1023,1021,,,,8,2,,0,,,350
11/23/2014,21,18,14,14,12,10,88,73,53,1026,1024,1021,,,,8,2,,0,,,342
11/24/2014,26,19,12,14,11,9,88,66,34,1025,1023,1021,,,,8,3,27,0,,,242
11/25/2014,29,21,13,12,11,8,88,57,27,1024,1022,1019,,,,10,3,,0,,,334
11/26/2014,29,22,15,14,12,8,82,58,30,1023,1021,1017,,,,14,5,40,0,,,24
11/27/2014,18,16,13,13,12,11,94,79,68,1022,1019,1016,,,,11,6,39,0,,,348
11/28/2014,26,20,14,12,8,3,88,53,23,1021,1019,1017,,,,11,3,,0,,,258
11/29/2014,28,21,14,12,9,6,77,50,30,1025,1022,1020,,,,8,3,,0,,,8
11/30/2014,25,19,14,13,12,9,88,72,41,1026,1024,1021,,,,11,5,40,0,,,23
12/1/2014,27,19,11,11,8,5,88,56,26,1025,1023,1020,,,,8,2,,0,,,55
12/2/2014,27,20,13,12,11,8,82,58,30,1024,1021,1019,,,,8,2,,0,,,20
12/3/2014,28,20,13,12,8,3,82,52,21,1023,1021,1019,,,,6,2,,0,,,324
12/4/2014,30,21,13,10,7,4,72,44,20,1023,1021,1020,,,,8,2,,0,,,304
12/5/2014,31,23,15,10,7,3,59,39,17,1026,1023,1020,,,,10,3,34,0,,,247
12/6/2014,28,21,15,13,12,8,88,60,32,1027,1025,1021,,,,11,5,,0,,,338
12/7/2014,29,21,13,13,10,6,94,57,23,1025,1022,1018,,,,19,3,48,0,,,4
12/8/2014,25,19,14,14,12,10,88,67,44,1024,1021,1018,,,,10,3,,0,,,311
12/9/2014,20,17,13,14,13,12,94,83,68,1022,1020,1018,,,,6,2,,0,,,16
12/10/2014,25,20,15,15,14,13,94,72,47,1022,1020,1017,,,,3,2,,0,,,335
12/11/2014,28,21,15,16,13,9,94,67,37,1023,1021,1018,,,,13,3,35,0,,,358
12/12/2014,25,20,15,15,13,12,88,74,44,1023,1020,1018,,,,6,3,,0,,,257
12/13/2014,26,20,15,16,14,12,88,69,42,1024,1022,1020,,,,8,2,,0,,,47
12/14/2014,25,20,16,15,14,13,88,70,50,1024,1022,1018,,,,8,3,,0,,,357
12/15/2014,27,21,15,14,12,11,82,60,39,1021,1019,1017,,,,8,3,,0,,,309
12/16/2014,20,18,16,16,14,11,88,77,64,1023,1020,1018,,,,11,3,,0,,,102
12/17/2014,22,18,14,14,12,10,82,68,53,1023,1021,1020,,,,11,6,,0,,,69
12/18/2014,25,21,17,15,14,13,82,70,50,1021,1020,1019,,,,8,3,,0,,,358
12/19/2014,27,23,20,15,13,11,73,54,37,1022,1019,1017,,,,6,3,,0,,,286
12/20/2014,29,22,15,16,13,9,88,62,29,1022,1020,1017,,,,8,2,,0,,,338
12/21/2014,30,22,14,15,11,6,88,54,22,1021,1020,1017,,,,6,2,,0,,,318
12/22/2014,30,23,16,16,13,10,77,56,30,1022,1021,1019,,,,6,2,,0,,,354
12/23/2014,27,22,18,16,15,13,83,68,45,1022,1021,1020,,,,6,3,,0,,,344
12/24/2014,28,21,15,16,14,13,88,70,39,1023,1021,1020,,,,6,2,,0,,,282
12/25/2014,31,23,17,17,15,13,88,65,33,1022,1020,1017,,,,11,3,35,0,,,355
12/26/2014,29,23,17,17,16,14,94,69,42,1021,1018,1015,,,,10,3,27,0,,,143
12/27/2014,22,19,17,17,16,15,94,83,69,1020,1017,1015,,,,11,5,,0,,,22
12/28/2014,24,21,18,19,17,16,94,83,65,1019,1017,1016,,,,3,2,,0,,,43
12/29/2014,27,21,16,15,13,12,83,63,42,1022,1020,1018,,,,11,6,27,0,,,111
12/30/2014,30,22,14,14,10,5,77,52,25,1021,1019,1017,,,,6,3,,0,,,52
12/31/2014,25,21,17,15,13,9,83,66,46,1020,1018,1016,,,,8,3,26,0,,,21
11/20/2013,28,22,17,18,14,11,83,63,35,1019,1017,1014,,,,10,3,,0,,,339
11/21/2013,22,18,15,16,14,11,94,78,53,1023,1020,1017,,,,10,5,,0,,,40
11/22/2013,23,18,13,14,12,11,94,73,50,1026,1024,1022,,,,8,5,,0,,,44
11/23/2013,26,20,14,13,10,3,88,59,23,1025,1023,1021,,,,8,3,,0,,,208
11/24/2013,24,19,15,12,9,7,72,56,36,1026,1025,1022,,,,11,6,,0,,,37
11/25/2013,26,19,12,12,10,9,82,59,34,1025,1022,1019,,,,11,3,29,0,,,347
11/26/2013,29,21,13,11,9,5,82,51,22,1022,1020,1016,,,,13,5,34,0,,,268
11/27/2013,28,20,13,14,9,6,88,53,25,1022,1021,1018,,,,11,3,24,0,,,42
11/28/2013,22,17,12,15,12,11,94,78,57,1024,1022,1019,,,,13,6,27,0,,,57
11/29/2013,21,16,12,13,12,10,94,75,60,1024,1021,1018,,,,13,6,32,0,,,35
11/30/2013,29,21,14,14,13,9,94,66,32,1023,1018,1015,,,,10,5,34,0,,,345
12/1/2013,25,20,15,14,13,12,94,66,44,1027,1023,1019,,,,8,5,,0,,,26
12/2/2013,25,20,16,15,13,11,88,72,47,1028,1026,1024,,,,10,3,,0,,,7
12/3/2013,24,20,16,15,14,13,88,79,50,1026,1023,1021,,,,13,3,39,0,,,330
12/4/2013,27,20,13,16,12,8,94,67,30,1023,1021,1019,,,,6,3,,0,,,243
12/5/2013,25,19,14,14,12,10,88,66,41,1024,1021,1019,,,,10,3,,0,,,55
12/6/2013,23,18,14,14,12,11,88,75,53,1024,1023,1021,,,,6,3,,0,,,360
12/7/2013,23,19,15,14,12,9,94,70,41,1026,1025,1023,,,,10,3,,0,,,12
12/8/2013,24,19,14,16,13,10,88,73,46,1026,1024,1022,,,,6,2,,0,,,293
12/9/2013,24,19,15,14,12,11,88,68,44,1024,1022,1020,,,,6,3,,0,,,294
12/10/2013,17,16,14,15,14,13,94,91,82,1020,1019,1018,,,,6,3,,0,,,360
12/11/2013,25,19,14,16,13,11,88,76,41,1019,1017,1014,,,,10,3,,0,,,292
12/12/2013,26,19,12,14,13,10,94,75,39,1019,1017,1015,,,,8,3,,0,,,319
12/13/2013,28,20,12,15,11,2,94,63,19,1020,1018,1016,,,,11,3,,0,,,273
12/14/2013,28,21,14,15,13,11,88,66,37,1020,1018,1016,,,,8,2,,0,,,326
12/15/2013,31,23,16,18,12,2,94,59,18,1020,1018,1015,,,,8,3,26,0,,,291
12/16/2013,30,23,16,14,6,0,77,40,16,1020,1018,1016,,,,10,2,,0,,,244
12/17/2013,26,21,16,15,13,9,88,69,42,1021,1019,1016,,,,11,5,32,0,,,11
12/18/2013,26,20,14,14,13,8,88,68,38,1024,1020,1017,,,,11,5,34,0,,,14
12/19/2013,23,18,13,14,12,11,94,75,50,1024,1022,1020,,,,10,5,,0,,,21
12/20/2013,25,20,16,14,13,11,88,71,44,1025,1023,1022,,,,6,3,,0,,,22
12/21/2013,28,21,14,14,12,8,88,60,30,1026,1025,1023,,,,6,2,,0,,,283
12/22/2013,29,22,16,15,13,10,88,57,30,1026,1024,1021,,,,6,2,,0,,,172
12/23/2013,28,22,17,15,13,10,83,64,35,1023,1022,1019,,,,10,3,,0,,,298
12/24/2013,22,19,17,15,13,11,83,68,56,1022,1021,1019,,,,6,2,,0,,,270
12/25/2013,21,19,17,16,14,12,88,76,64,1023,1022,1021,,,,3,2,,0,,,178
12/26/2013,24,19,15,15,14,14,94,76,57,1024,1023,1020,,,,6,2,,0,,,323
12/27/2013,24,20,16,15,14,13,88,71,53,1023,1021,1018,,,,8,3,,0,,,36
12/28/2013,26,22,18,17,15,14,88,70,50,1021,1020,1018,,,,6,3,,0,,,339
12/29/2013,20,17,14,15,14,13,94,86,73,1022,1021,1020,,,,10,5,,0,,,107
12/30/2013,25,20,15,13,12,10,88,67,41,1022,1021,1019,,,,8,5,,0,,,111
12/31/2013,27,21,15,12,8,5,82,48,26,1022,1021,1019,,,,13,5,,0,,,100
