AEDT,Max TemperatureC,Mean TemperatureC,Min TemperatureC,Dew PointC,MeanDew PointC,Min DewpointC,Max Humidity, Mean Humidity, Min Humidity, Max Sea Level PressurehPa, Mean Sea Level PressurehPa, Min Sea Level PressurehPa, Max VisibilityKm, Mean VisibilityKm, Min VisibilitykM, Max Wind SpeedKm/h, Mean Wind SpeedKm/h, Max Gust SpeedKm/h,Precipitationmm, CloudCover, Events,WindDirDegrees
1/1/2015,24,18,12,16,12,11,85,66,36,1017,1014,1011,,,,26,11,,0,8,,-1
1/2/2015,39,27,14,15,9,4,89,42,6,1015,1012,1008,,,,26,16,,0,8,,-1
1/3/2015,39,32,25,18,12,6,52,24,10,1011,1009,1005,,,,50,34,,4.06,8,,-1
1/4/2015,23,20,16,17,13,4,76,56,23,1020,1016,1008,,,,32,19,,0.25,8,,-1
1/5/2015,24,19,13,13,12,10,73,58,40,1021,1020,1019,,,,27,14,,0,8,,-1
1/6/2015,28,22,16,18,16,14,81,64,38,1020,1019,1016,,,,24,11,,0,8,,-1
1/7/2015,38,28,17,18,17,14,90,53,17,1017,1013,1008,6,6,6,32,14,,2.03,8,,-1
1/8/2015,28,24,21,21,19,17,85,67,43,1011,1009,1007,,,,24,13,,0.25,8,,-1
1/9/2015,21,17,13,19,14,11,99,83,65,1013,1010,1007,3,2,2,26,18,,7.11,8,,-1
1/10/2015,19,16,13,13,13,12,93,70,59,1015,1013,1012,,,,16,8,,0,8,,-1
1/11/2015,27,22,17,16,16,14,88,62,42,1016,1014,1013,,,,42,24,,0,8,,-1
1/12/2015,31,22,14,16,14,13,80,52,24,1015,1012,1008,,,,35,19,,0,,,-1
1/13/2015,25,21,18,19,17,14,92,70,39,1008,1001,994,3,3,3,26,13,,13.97,8,,-1
1/14/2015,22,20,18,19,16,13,92,77,62,1007,1001,995,10,9,8,32,19,,0,8,,-1
1/15/2015,19,17,14,14,12,9,83,66,51,1010,1008,1007,,,,26,19,,0,8,,-1
1/16/2015,26,19,12,13,9,8,72,45,23,1010,1007,1004,,,,27,14,,0,8,,-1
1/17/2015,23,19,15,12,11,9,69,52,30,1014,1010,1007,,,,35,26,,0,8,,-1
1/18/2015,19,17,14,11,8,6,61,47,39,1019,1016,1013,,,,29,21,,0,8,,-1
1/19/2015,23,17,11,11,8,6,60,47,27,1019,1016,1012,,,,24,14,,0,8,,-1
1/20/2015,31,21,11,15,12,8,84,50,20,1011,1006,1002,,,,29,13,,0,8,,-1
1/21/2015,32,26,19,17,14,12,66,42,21,1009,1008,1005,,,,26,13,,0,8,,-1
1/22/2015,34,26,18,18,17,14,90,65,20,1012,1009,1005,6,6,6,32,11,,0,8,,-1
1/23/2015,25,21,17,17,15,12,76,60,44,1009,1006,1003,,,,32,14,,0,8,,-1
1/24/2015,25,20,15,16,13,12,73,58,40,1008,1005,1001,,,,26,13,,0,8,,-1
1/25/2015,21,18,14,13,9,6,77,52,28,1013,1007,1002,5,5,5,32,16,,0,8,,-1
1/26/2015,19,16,12,11,8,5,82,52,32,1018,1015,1013,,,,29,16,,0,8,,-1
1/27/2015,19,14,9,9,8,7,73,53,37,1018,1017,1016,,,,29,18,,0,8,,-1
1/28/2015,24,17,10,10,9,8,75,48,27,1020,1018,1017,,,,40,21,,0,8,,-1
1/29/2015,22,16,9,11,9,7,83,54,32,1021,1019,1017,,,,35,19,,0,8,,-1
1/30/2015,21,16,12,11,9,7,80,55,32,1018,1015,1013,,,,27,16,,0,8,,-1
1/31/2015,21,17,13,13,12,9,77,64,48,1013,1012,1011,,,,35,14,,0,8,,-1
2/1/2015,19,16,13,14,13,11,84,70,61,1016,1013,1012,,,,34,21,,0.76,8,,-1
2/2/2015,21,18,15,13,12,11,65,58,49,1023,1020,1016,,,,32,21,,0,8,,-1
2/3/2015,19,17,14,11,11,10,64,55,44,1023,1022,1020,,,,26,14,,0,8,,-1
2/4/2015,19,16,13,12,9,8,72,51,38,1021,1020,1019,,,,32,21,,0,8,,-1
2/5/2015,27,20,13,13,12,10,72,53,31,1024,1022,1021,,,,32,19,,0,,,-1
2/6/2015,34,23,12,14,12,8,82,43,11,1025,1022,1019,,,,26,14,,0,,,-1
2/7/2015,34,27,18,15,12,10,65,34,15,1021,1018,1016,,,,37,16,,0,8,,-1
2/8/2015,26,22,18,16,13,12,74,53,36,1025,1020,1015,,,,27,19,,0,8,,-1
2/9/2015,27,19,11,15,11,8,76,53,33,1026,1023,1020,,,,37,19,,0,8,,-1
2/10/2015,31,22,14,18,16,13,86,59,33,1022,1020,1018,,,,24,14,,0,,,-1
2/11/2015,24,21,17,19,17,14,91,72,55,1023,1019,1017,,,,35,13,,0,8,,-1
2/12/2015,24,21,17,17,13,11,76,57,35,1026,1023,1020,,,,32,16,,0,8,,-1
2/13/2015,32,23,15,19,16,14,94,65,24,1023,1021,1018,,,,32,11,,13.97,8,,-1
2/14/2015,23,21,19,19,18,16,98,81,57,1020,1018,1017,,,,21,8,,0,8,,-1
2/15/2015,33,26,18,17,15,11,86,53,18,1018,1014,1011,,,,16,6,,0,8,,-1
2/16/2015,27,22,18,17,14,13,73,59,37,1019,1015,1010,,,,29,16,,0,,,-1
2/17/2015,20,18,16,14,13,12,71,63,58,1019,1018,1017,,,,23,18,,0,8,,-1
2/18/2015,21,18,16,15,14,13,77,67,58,1022,1020,1019,,,,23,11,,0,8,,-1
2/19/2015,27,22,17,19,17,15,83,69,46,1020,1017,1014,,,,21,14,,0,8,,-1
2/20/2015,27,21,15,19,17,12,97,73,32,1016,1015,1014,10,9,8,24,8,,0,,,-1
2/21/2015,37,27,17,17,15,11,84,50,14,1016,1013,1009,,,,27,10,,0,8,,-1
2/22/2015,34,28,22,17,16,13,57,36,23,1013,1012,1011,,,,27,13,,0,8,,-1
2/23/2015,29,23,17,17,16,14,85,66,36,1019,1013,1010,,,,39,14,,1.02,,,-1
2/24/2015,20,17,14,12,9,7,62,47,33,1021,1020,1019,,,,32,21,,0,8,,-1
2/25/2015,27,20,13,15,13,11,83,58,34,1017,1013,1009,,,,27,18,,0,8,,-1
2/26/2015,23,18,14,17,14,11,89,69,49,1012,1010,1009,,,,23,11,,0,,,-1
2/27/2015,23,18,13,14,13,12,92,66,44,1012,1010,1009,,,,21,10,,0,,,-1
2/28/2015,32,24,16,18,13,10,92,52,16,1011,1006,999,,,,39,16,,1.02,,,-1
3/1/2015,21,18,16,19,13,11,98,62,43,1018,1012,1005,,,,29,19,,0,,,-1
3/2/2015,22,16,9,13,9,7,83,55,31,1019,1016,1014,,,,19,10,,0,,,-1
3/3/2015,22,18,14,13,12,9,70,55,38,1017,1016,1015,,,,21,11,,0,8,,-1
3/4/2015,22,18,13,12,11,9,70,52,36,1016,1013,1009,,,,23,10,,0,,,-1
3/5/2015,20,17,13,13,7,4,80,46,31,1018,1014,1009,,,,37,27,,0.25,8,,-1
3/6/2015,19,17,14,14,12,7,76,63,46,1014,1011,1010,,,,32,26,,0.25,8,,-1
3/7/2015,22,19,15,15,13,12,77,64,45,1012,1011,1010,,,,21,16,,0.25,8,,-1
3/8/2015,19,17,14,14,13,12,85,72,55,1013,1012,1011,,,,14,8,,0,,,-1
3/10/2015,21,18,15,11,10,9,62,46,39,1018,1017,1016,,,,24,19,,0,,,-1
3/11/2015,22,17,11,13,10,8,80,59,39,1017,1015,1014,,,,26,10,,0,,,-1
3/12/2015,20,16,12,13,9,7,74,55,38,1023,1019,1016,,,,32,16,,0,8,,-1
3/13/2015,21,17,13,9,8,6,62,46,31,1024,1022,1020,,,,24,18,,0,8,,-1
3/14/2015,28,18,8,14,9,5,85,58,14,1020,1015,1010,,,,37,13,,2.03,8,,-1
3/15/2015,19,17,13,14,9,5,91,57,37,1019,1016,1014,10,10,10,29,19,,0.25,8,,-1
3/16/2015,24,17,8,12,10,8,89,56,26,1017,1014,1010,,,,21,11,,0,,,-1
3/17/2015,26,21,16,13,11,8,70,42,22,1009,1005,1000,,,,40,18,,3.05,8,,-1
3/18/2015,23,20,17,16,15,14,82,66,49,1008,1004,1001,,,,21,11,,0.25,8,,-1
3/19/2015,32,23,14,17,13,12,94,56,21,1011,1006,1002,10,10,10,50,21,,0.25,8,,-1
3/20/2015,19,17,13,12,9,6,64,49,33,1026,1018,1012,10,10,10,27,16,,0,8,,-1
3/21/2015,22,14,7,10,7,5,76,50,26,1027,1025,1023,,,,29,13,,0,,,-1
3/22/2015,28,19,9,11,9,8,85,49,17,1023,1019,1014,,,,24,10,,0,,,-1
3/23/2015,25,21,17,15,13,9,74,50,35,1014,1009,1007,,,,29,16,,0.76,8,,-1
3/24/2015,16,13,12,12,9,7,83,61,51,1020,1017,1014,3,3,3,27,24,,1.02,8,,-1
3/25/2015,19,16,12,9,8,7,75,56,37,1020,1017,1013,,,,19,8,,0,8,,-1
3/26/2015,17,13,9,9,6,1,66,51,22,1018,1016,1014,,,,34,21,,0.51,8,,-1
3/27/2015,17,15,13,11,9,8,76,62,44,1025,1022,1019,,,,29,24,,0.76,8,,-1
3/28/2015,18,16,12,11,9,8,76,61,41,1026,1024,1022,6,6,6,21,14,,0,,,-1
3/29/2015,21,14,7,11,9,6,92,63,38,1024,1022,1021,,,,21,8,,0,,,-1
3/30/2015,22,15,8,12,10,8,85,63,36,1026,1024,1023,,,,19,6,,0,,,-1
3/31/2015,23,16,9,14,12,8,95,70,39,1027,1024,1021,10,10,10,21,6,,0,,,-1
4/1/2015,29,20,12,13,11,8,89,47,17,1022,1016,1011,8,8,8,34,11,,0,,,-1
4/2/2015,21,17,11,15,8,3,85,51,29,1026,1022,1014,,,,35,23,,0,,,-1
4/3/2015,20,13,6,9,6,3,74,53,27,1026,1024,1021,,,,26,14,,0,,,-1
4/4/2015,22,14,7,12,9,7,89,64,26,1021,1018,1014,,,,19,11,,0,,,-1
4/5/2015,18,15,12,13,11,11,88,75,59,1014,1011,1009,,,,19,10,,0,8,,-1
4/6/2015,17,13,10,9,7,4,81,57,31,1009,1007,1006,,,,14,11,,0,8,,-1
4/7/2015,17,13,9,13,10,7,90,73,53,1019,1013,1009,,,,39,14,,6.1,8,,-1
4/8/2015,18,14,12,10,8,7,75,59,43,1026,1023,1019,,,,27,23,,0,8,,-1
4/9/2015,19,13,6,9,8,6,94,67,35,1027,1026,1024,,,,24,6,,0,8,,-1
4/10/2015,18,12,6,11,9,6,89,69,43,1027,1025,1024,,,,23,10,,0,,,-1
4/11/2015,19,14,9,13,11,9,95,73,50,1024,1022,1019,8,8,8,23,6,,0,8,,-1
4/12/2015,18,14,8,11,9,6,85,63,44,1024,1022,1021,,,,26,10,,0,8,,-1
4/13/2015,18,11,4,12,8,4,92,73,45,1023,1021,1019,10,10,10,13,3,,0,8,,-1
4/14/2015,23,17,9,12,11,9,91,61,36,1021,1018,1016,,,,24,8,,0.25,8,,-1
4/15/2015,27,21,15,15,13,10,81,56,28,1022,1017,1015,,,,29,21,,0.25,8,,-1
4/16/2015,18,16,12,14,11,8,86,66,49,1026,1024,1021,5,5,5,23,13,,0,8,,-1
4/17/2015,17,12,8,13,9,7,89,75,49,1026,1021,1014,10,10,10,19,5,,2.03,8,,-1
4/18/2015,21,16,11,14,11,8,98,76,34,1018,1013,1011,6,5,3,39,10,,3.05,8,,-1
4/19/2015,13,11,8,10,6,3,84,61,44,1035,1027,1018,,,,32,18,,2.03,8,,-1
4/20/2015,15,9,4,6,4,2,81,57,37,1037,1035,1034,,,,29,14,,0,8,,-1
4/21/2015,17,11,4,8,6,3,89,67,39,1035,1032,1029,,,,24,8,,0,,,-1
4/22/2015,18,13,7,13,10,6,89,75,56,1029,1025,1022,,,,26,13,,0,8,,-1
4/23/2015,18,15,12,13,13,11,96,80,64,1021,1016,1009,,,,21,14,,0,8,,-1
4/24/2015,19,17,13,14,13,11,97,81,51,1008,1005,1003,8,7,6,16,8,,5.08,8,,-1
4/25/2015,15,13,12,13,11,9,97,84,72,1014,1009,1006,,,,35,11,,2.03,8,,-1
4/26/2015,14,13,11,11,8,6,82,64,49,1021,1018,1014,8,7,6,34,24,,0.25,8,,-1
4/27/2015,14,13,11,10,9,9,87,78,61,1026,1023,1021,,,,23,18,,3.05,8,,-1
4/28/2015,16,12,8,11,9,7,98,79,52,1030,1028,1026,10,5,0,19,8,,0.25,8,,-1
4/29/2015,16,11,7,9,8,7,97,73,47,1032,1031,1030,,,,14,8,,0,8,,-1
4/30/2015,18,11,5,11,7,5,97,71,35,1032,1030,1029,10,5,0,19,6,,0,,,-1
5/1/2015,22,14,6,10,8,7,95,63,28,1029,1026,1021,,,,21,5,,0,,,-1
5/2/2015,22,16,10,12,10,8,86,56,40,1020,1017,1014,,,,29,11,,0,8,,-1
5/3/2015,17,13,8,11,11,9,95,80,55,1020,1019,1017,,,,14,8,,0,,,-1
5/4/2015,22,14,6,11,8,6,100,63,24,1017,1012,1005,6,4,2,35,14,,0,8,,-1
5/5/2015,19,17,12,10,6,3,65,44,32,1009,1002,999,,,,42,35,,0.76,8,,-1
5/6/2015,16,12,9,9,6,4,72,56,41,1017,1012,1009,10,10,10,34,24,,1.02,8,,-1
5/7/2015,14,12,10,8,7,5,74,61,49,1020,1018,1016,5,5,5,27,21,,2.03,8,,-1
5/8/2015,16,13,11,8,8,7,77,59,50,1020,1017,1015,,,,27,19,,0,8,,-1
5/9/2015,18,16,13,11,8,7,66,54,41,1014,1011,1007,,,,34,23,,1.02,8,,-1
5/10/2015,16,13,12,12,9,7,89,68,54,1007,1004,1002,5,5,5,37,27,,0.51,8,,-1
5/11/2015,15,13,12,11,9,8,81,63,52,1014,1011,1006,,,,27,23,,0,8,,-1
5/12/2015,16,12,9,8,6,4,68,54,40,1014,1011,1009,6,6,6,35,26,,7.11,8,,-1
5/13/2015,11,8,6,8,6,3,85,70,57,1027,1022,1015,10,7,6,35,19,,3.05,8,,-1
5/14/2015,14,11,8,12,10,7,90,82,73,1034,1031,1028,10,9,6,26,18,,2.03,8,,-1
5/15/2015,14,12,10,11,9,9,92,79,63,1037,1035,1034,,,,19,11,,0,8,,-1
5/16/2015,15,12,9,10,8,7,94,74,56,1037,1035,1033,,,,13,8,,0,8,,-1
5/17/2015,20,12,5,11,8,6,99,75,41,1034,1032,1031,10,5,0,21,6,,0,,,-1
5/18/2015,20,12,4,9,7,5,98,68,34,1031,1027,1020,,,,16,6,,0,,,-1
5/19/2015,16,14,12,12,9,4,86,62,39,1019,1012,1008,,,,24,16,,4.06,8,,-1
5/20/2015,17,15,12,12,11,8,92,71,45,1019,1011,1008,10,8,6,32,23,,2.03,8,,-1
5/21/2015,13,12,10,11,8,7,92,75,60,1026,1023,1020,8,6,3,24,16,,0.51,8,,-1
5/22/2015,13,10,7,10,7,6,96,73,55,1032,1029,1026,,,,23,11,,0,8,,-1
5/23/2015,12,10,6,7,6,4,88,64,55,1034,1032,1031,,,,16,8,,0,8,,-1
5/24/2015,13,9,4,8,6,4,97,75,57,1032,1031,1030,,,,14,8,,0,8,,-1
5/25/2015,17,12,7,7,6,4,76,62,39,1032,1030,1029,,,,16,11,,0,8,,-1
5/26/2015,16,9,3,8,6,2,84,65,45,1030,1027,1024,,,,14,8,,0,8,,-1
5/27/2015,18,14,10,11,8,7,72,60,47,1023,1020,1017,,,,32,19,,0,8,,-1
5/28/2015,19,16,11,11,9,8,78,63,43,1018,1016,1013,,,,35,23,,0,8,,-1
5/29/2015,14,11,9,8,6,4,65,52,45,1022,1021,1017,,,,21,16,,0,8,,-1
5/30/2015,16,13,11,8,6,5,66,51,38,1022,1018,1015,,,,34,19,,0.25,8,,-1
5/31/2015,15,12,8,9,7,3,85,64,48,1016,1013,1011,3,3,3,39,23,,4.06,8,,-1
6/1/2015,11,8,5,5,4,2,77,64,44,1027,1023,1017,,,,24,18,,1.02,8,,-1
6/2/2015,11,8,4,8,7,3,95,84,73,1029,1027,1026,,,,13,6,,0.51,8,,-1
6/3/2015,12,9,4,8,6,3,95,81,51,1026,1024,1023,10,9,8,13,5,,0.25,8,,-1
6/4/2015,12,8,3,6,4,2,91,74,43,1023,1018,1014,10,10,10,39,16,,3.05,8,,-1
6/5/2015,14,10,7,8,6,4,78,66,50,1027,1022,1016,,,,21,14,,0,8,,-1
6/6/2015,16,12,9,9,9,7,95,72,56,1029,1027,1026,,,,26,16,,0,8,,-1
6/7/2015,14,13,11,8,8,7,71,62,55,1026,1022,1018,,,,45,32,,0,,,-1
6/8/2015,18,14,11,9,8,7,62,53,42,1018,1014,1011,,,,42,34,,3.05,8,,-1
6/9/2015,16,13,9,10,7,5,89,66,49,1029,1022,1012,8,8,8,32,21,,0.76,8,,-1
6/10/2015,12,9,7,9,6,4,93,69,47,1037,1034,1030,,,,21,11,,0,8,,-1
6/11/2015,12,8,4,7,5,3,93,75,54,1038,1037,1035,,,,13,3,,0,8,,-1
6/12/2015,13,8,3,7,6,3,97,85,60,1035,1034,1031,3,2,2,11,5,,0,8,,-1
6/13/2015,18,10,2,9,6,2,99,78,48,1030,1029,1027,3,2,2,16,5,,0,,,-1
6/14/2015,16,9,3,10,7,4,97,80,57,1028,1027,1025,,,,19,5,,0,8,,-1
6/15/2015,15,10,4,10,8,6,100,84,60,1026,1025,1022,10,8,5,16,6,,3.05,8,,-1
6/16/2015,14,12,9,13,11,10,100,89,68,1022,1017,1014,6,6,5,14,6,,0,8,,-1
6/17/2015,14,12,11,12,11,11,100,91,80,1017,1014,1013,10,10,10,21,5,,0,8,,-1
6/18/2015,12,11,8,9,8,6,81,73,63,1023,1020,1017,,,,34,19,,0,8,,-1
6/19/2015,11,8,4,6,4,3,85,70,52,1027,1024,1022,,,,16,10,,0,8,,-1
6/20/2015,12,7,2,8,6,3,100,86,67,1028,1027,1026,,,,19,6,,0,8,,-1
6/21/2015,13,8,2,4,3,1,96,69,39,1029,1028,1026,8,8,8,14,10,,0,8,,-1
6/22/2015,13,7,1,4,3,0,86,56,43,1026,1023,1020,,,,40,18,,0,8,,-1
6/23/2015,18,14,11,9,7,4,57,48,36,1020,1018,1016,,,,42,31,,0.51,8,,-1
6/24/2015,15,13,11,9,9,7,79,67,53,1025,1020,1017,,,,24,18,,0,8,,-1
6/25/2015,13,11,9,8,8,6,81,71,63,1031,1028,1025,,,,23,16,,0,8,,-1
6/26/2015,15,12,10,9,7,6,86,68,46,1033,1032,1031,,,,14,8,,0,8,,-1
6/27/2015,13,10,8,7,6,4,71,64,58,1033,1032,1031,,,,24,16,,0,8,,-1
6/28/2015,14,11,8,8,7,6,80,70,57,1034,1033,1032,,,,16,11,,0,8,,-1
6/29/2015,12,9,4,8,6,3,90,74,56,1034,1032,1030,6,6,6,13,6,,0,8,,-1
6/30/2015,14,8,2,8,5,3,95,70,43,1030,1028,1027,6,6,6,13,5,,0,8,,-1
7/1/2015,14,11,9,8,5,2,82,56,32,1028,1025,1021,,,,29,16,,0.51,8,,-1
7/2/2015,11,9,8,9,6,3,85,66,51,1028,1023,1019,10,8,6,32,21,,2.03,8,,-1
7/3/2015,11,8,4,6,4,1,91,68,45,1029,1027,1024,5,5,5,16,10,,0,8,,-1
7/4/2015,9,8,7,7,4,1,85,67,50,1024,1022,1021,10,10,10,27,21,,2.03,8,,-1
7/5/2015,13,10,7,6,4,3,72,57,45,1021,1019,1017,,,,32,24,,0,8,,-1
7/6/2015,11,9,8,7,5,3,79,66,56,1019,1016,1015,,,,29,24,,0,8,,-1
7/7/2015,14,11,8,8,7,6,90,74,55,1025,1022,1019,5,5,5,16,11,,0.25,8,,-1
7/8/2015,14,8,2,7,5,2,100,75,44,1028,1027,1025,8,4,0,21,6,,0,8,,-1
7/9/2015,13,11,9,7,6,4,74,62,51,1027,1025,1021,,,,21,13,,0,8,,-1
7/10/2015,14,11,8,8,6,4,72,60,49,1021,1014,1010,,,,39,18,,0.51,8,,-1
7/11/2015,13,10,7,8,7,4,86,73,56,1009,1005,1003,,,,35,26,,2.03,8,,-1
7/12/2015,12,8,4,11,7,4,99,87,78,1009,1006,1004,8,5,2,26,10,,18.03,8,,-1
7/13/2015,12,9,6,9,8,6,92,79,65,1013,1011,1009,10,6,3,35,27,,12.95,,,-1
7/14/2015,9,8,6,7,4,2,92,71,53,1013,1011,1008,8,8,8,32,21,,1.02,,,-1
7/15/2015,9,7,4,7,4,3,92,76,59,1023,1017,1011,,,,16,10,,0,8,,-1
7/16/2015,12,9,6,7,5,3,88,69,53,1025,1023,1022,,,,24,13,,0.51,8,,-1
7/17/2015,12,8,5,8,6,3,88,73,56,1027,1023,1021,5,5,5,26,16,,0.51,8,,-1
7/18/2015,11,7,2,5,3,1,87,65,39,1033,1030,1027,,,,23,13,,0,8,,-1
7/19/2015,11,5,-1,4,2,-1,95,76,49,1034,1033,1032,,,,14,5,,0,,,-1
7/20/2015,14,7,-1,4,2,-1,96,70,37,1033,1031,1028,10,9,8,29,6,,0,,,-1
7/21/2015,17,10,3,7,4,2,79,52,30,1028,1023,1017,,,,53,18,,0,8,,-1
7/22/2015,16,12,8,9,7,6,82,62,48,1024,1019,1015,,,,47,31,,0.25,8,,-1
7/23/2015,16,9,3,8,7,3,97,76,49,1026,1024,1020,2,2,2,16,10,,0,,,-1
7/24/2015,14,11,7,9,8,6,87,73,59,1019,1012,1008,,,,35,21,,6.1,8,,-1
7/25/2015,13,11,9,6,4,3,70,53,47,1014,1011,1007,,,,45,26,,7.11,8,,-1
7/26/2015,13,10,7,8,3,1,85,59,46,1022,1014,1007,,,,40,29,,0.51,8,,-1
7/27/2015,12,9,6,6,4,3,73,67,57,1031,1027,1022,,,,24,21,,0,8,,-1
7/28/2015,13,11,8,8,7,6,81,74,63,1035,1033,1031,,,,16,14,,0,8,,-1
7/29/2015,13,11,8,8,5,3,82,62,37,1034,1031,1027,,,,32,13,,0,8,,-1
7/30/2015,12,10,7,7,4,3,82,57,43,1027,1019,1011,8,8,8,48,27,,3.05,8,,-1
7/31/2015,13,8,3,6,3,2,93,62,35,1022,1018,1014,,,,34,14,,0,,,-1
8/1/2015,12,10,8,8,4,2,87,60,45,1016,1013,1008,,,,37,26,,0,8,,-1
8/2/2015,13,10,7,8,4,2,82,59,40,1016,1012,1009,6,6,6,34,18,,4.06,8,,-1
8/3/2015,11,8,6,5,3,2,74,63,52,1024,1018,1012,5,5,5,37,23,,1.02,8,,-1
8/4/2015,11,7,3,4,2,1,78,60,43,1024,1020,1014,,,,27,14,,0,8,,-1
8/5/2015,11,9,8,7,5,3,85,68,57,1016,1013,1011,,,,29,21,,1.02,8,,-1
8/6/2015,12,9,7,9,8,4,97,85,71,1023,1020,1016,3,3,3,23,18,,2.03,8,,-1
8/7/2015,12,10,8,9,8,8,96,86,70,1026,1025,1024,8,8,8,16,11,,0,8,,-1
8/8/2015,12,10,7,9,8,6,99,83,62,1026,1025,1023,6,6,6,11,6,,0,8,,-1
8/9/2015,13,9,5,6,4,4,83,60,40,1023,1019,1015,,,,29,16,,0.25,8,,-1
8/10/2015,14,11,8,8,5,4,76,57,42,1014,1010,1007,,,,37,24,,0,8,,-1
8/11/2015,14,11,8,6,4,3,68,55,37,1011,1008,1004,,,,39,24,,0,8,,-1
8/12/2015,13,11,9,9,6,4,92,62,41,1013,1005,1001,,,,39,24,,2.03,8,,-1
8/13/2015,12,10,8,8,6,5,88,70,53,1022,1018,1013,,,,21,14,,0,8,,-1
8/14/2015,14,12,10,11,7,6,92,64,49,1029,1025,1023,,,,23,13,,1.02,8,,-1
8/15/2015,13,11,6,11,8,5,99,83,57,1032,1030,1029,,,,13,8,,0,8,,-1
8/16/2015,16,9,3,7,5,4,96,65,41,1029,1024,1017,10,10,10,27,13,,0.25,8,,-1
8/17/2015,13,11,8,7,5,3,86,67,51,1021,1017,1014,6,6,6,29,21,,0.51,8,,-1
8/18/2015,10,8,6,6,5,4,86,75,58,1025,1023,1020,,,,21,11,,0,8,,-1
8/19/2015,12,9,6,6,5,4,86,75,58,1027,1026,1025,,,,13,8,,0,8,,-1
8/20/2015,17,11,5,7,5,3,86,54,39,1026,1023,1020,,,,34,18,,0,8,,-1
8/21/2015,18,16,12,8,6,5,56,41,30,1020,1015,1012,,,,39,31,,0,8,,-1
8/22/2015,17,14,11,9,8,7,72,60,46,1017,1015,1012,,,,21,14,,0,8,,-1
8/23/2015,14,10,6,9,8,4,87,74,56,1023,1020,1017,,,,19,10,,0,8,,-1
8/24/2015,14,10,6,9,7,4,88,71,53,1024,1023,1021,,,,32,18,,0.51,8,,-1
8/25/2015,13,11,8,8,7,6,76,66,55,1027,1026,1024,,,,29,23,,0.51,8,,-1
8/26/2015,16,12,8,8,7,5,78,66,39,1027,1025,1023,,,,24,14,,0,8,,-1
8/27/2015,12,11,10,12,10,8,100,93,80,1023,1021,1020,10,7,5,19,10,,10.92,8,,-1
8/28/2015,12,10,8,8,6,1,84,68,46,1027,1025,1024,,,,27,16,,0.25,8,,-1
8/29/2015,11,8,4,8,6,1,87,72,50,1027,1026,1025,10,7,5,27,16,,1.02,8,,-1
8/30/2015,12,10,9,7,6,3,87,65,53,1026,1024,1023,,,,24,18,,0,8,,-1
8/31/2015,11,10,8,5,4,2,68,56,48,1023,1020,1019,,,,19,11,,0,8,,-1
9/1/2015,13,8,3,6,4,1,77,58,48,1019,1016,1013,,,,19,8,,0,8,,-1
9/2/2015,18,13,7,10,6,3,89,55,34,1013,1010,1007,,,,27,16,,3.05,8,,-1
9/3/2015,14,12,10,10,8,4,91,75,60,1024,1015,1007,,,,29,10,,0,8,,-1
9/4/2015,13,10,8,8,4,2,75,55,44,1026,1025,1024,,,,16,11,,0,8,,-1
9/5/2015,13,11,7,9,7,5,91,72,54,1026,1024,1023,,,,16,11,,0,8,,-1
9/6/2015,17,10,4,8,6,3,95,69,39,1023,1017,1012,10,10,10,37,14,,3.05,8,,-1
9/7/2015,12,10,8,7,4,3,76,58,40,1019,1015,1012,,,,37,29,,3.05,8,,-1
9/8/2015,12,10,8,9,7,4,100,75,51,1024,1021,1017,10,6,3,24,16,,0,8,,-1
9/9/2015,13,11,9,10,8,5,92,74,49,1031,1027,1024,3,3,3,24,14,,0.25,8,,-1
9/10/2015,14,12,8,10,8,7,88,75,57,1033,1031,1030,,,,16,11,,0,8,,-1
9/11/2015,19,12,6,8,7,5,95,62,34,1031,1027,1024,,,,45,16,,0,,,-1
9/12/2015,21,17,13,10,8,7,58,48,36,1027,1025,1023,,,,32,24,,0,8,,-1
9/13/2015,26,20,14,11,9,8,55,42,26,1025,1023,1021,,,,26,19,,0,,,-1
9/14/2015,27,22,14,11,9,8,77,38,21,1020,1015,1010,,,,42,26,,2.03,8,,-1
9/15/2015,14,12,10,12,9,7,99,79,62,1019,1015,1010,8,7,6,27,16,,0.51,8,,-1
9/16/2015,14,11,8,9,7,5,85,71,52,1021,1019,1018,,,,19,11,,0,8,,-1
9/17/2015,13,11,8,8,7,6,78,67,58,1027,1024,1020,,,,26,13,,0,8,,-1
9/18/2015,14,12,8,9,8,7,91,76,59,1029,1028,1027,,,,16,13,,0,8,,-1
9/19/2015,19,12,5,10,8,5,96,74,32,1028,1024,1021,8,8,8,21,10,,0,8,,-1
9/20/2015,22,14,6,11,9,6,95,65,33,1021,1019,1016,6,6,6,32,8,,0,8,,-1
9/21/2015,17,14,11,9,7,4,81,56,47,1020,1016,1012,,,,32,21,,2.03,8,,-1
9/22/2015,12,9,7,7,3,2,79,56,43,1033,1027,1020,6,6,6,34,26,,0.76,8,,-1
9/23/2015,12,10,7,3,2,1,60,49,38,1036,1034,1033,,,,27,21,,0,8,,-1
9/24/2015,14,9,3,7,4,2,86,65,41,1035,1033,1032,,,,23,6,,0,8,,-1
9/25/2015,18,11,3,8,7,3,95,68,41,1035,1033,1031,,,,29,13,,0,,,-1
9/26/2015,17,11,6,11,8,6,91,74,38,1032,1029,1027,,,,21,11,,0,,,-1
9/27/2015,18,12,7,11,10,7,100,78,47,1026,1023,1020,6,4,2,13,8,,0,8,,-1
9/28/2015,18,12,6,11,8,6,97,67,39,1020,1017,1015,6,5,3,21,6,,0,8,,-1
9/29/2015,16,12,8,8,6,3,80,57,43,1022,1018,1015,,,,23,16,,0,8,,-1
9/30/2015,14,11,8,9,7,5,80,65,47,1026,1024,1022,,,,23,13,,0,8,,-1
10/1/2015,19,12,4,10,6,3,94,64,26,1031,1027,1024,,,,21,10,,0,,,-1
10/2/2015,27,19,10,10,9,7,85,50,19,1032,1030,1028,,,,27,11,,0,8,,-1
10/3/2015,31,24,17,9,6,3,37,22,10,1028,1023,1019,,,,40,24,,0,,,-1
10/4/2015,26,18,12,13,9,3,83,49,18,1022,1020,1017,10,10,10,21,14,,0,8,,-1
10/5/2015,34,23,12,13,9,3,93,46,7,1022,1018,1014,10,10,10,34,16,,0,8,,-1
10/6/2015,34,24,14,12,5,1,69,28,6,1026,1015,1011,8,8,8,37,27,,0,8,,-1
10/7/2015,16,13,10,8,4,2,61,46,28,1037,1033,1028,,,,27,23,,0,8,,-1
10/8/2015,18,12,5,12,7,3,79,62,42,1037,1034,1031,,,,19,11,,0,,,-1
10/9/2015,28,19,11,13,12,9,87,57,24,1031,1028,1025,10,10,10,27,10,,0,8,,-1
10/10/2015,28,20,13,16,12,9,70,50,26,1026,1024,1020,,,,35,10,,0.25,8,,-1
10/11/2015,20,17,14,16,12,11,98,68,51,1020,1018,1014,10,9,8,24,14,,8.89,8,,-1
10/12/2015,16,13,11,11,9,6,90,71,53,1024,1019,1017,6,5,3,26,16,,0.51,8,,-1
10/13/2015,17,11,5,13,9,4,89,73,58,1025,1024,1022,,,,21,11,,0,,,-1
10/14/2015,28,19,9,14,12,8,99,61,21,1024,1022,1018,6,6,6,21,8,,0,,,-1
10/15/2015,33,23,13,14,8,-1,90,36,6,1019,1016,1013,5,5,5,42,19,,0,8,,-1
10/16/2015,22,18,14,13,12,9,72,62,40,1023,1019,1014,,,,26,13,,0,8,,-1
10/17/2015,19,14,9,11,9,7,91,66,41,1029,1025,1020,,,,26,10,,0,8,,-1
10/18/2015,18,14,10,10,8,7,78,61,42,1030,1028,1027,,,,26,11,,0,8,,-1
10/19/2015,25,16,6,12,8,3,89,57,15,1027,1023,1019,10,10,10,23,8,,0,,,-1
10/20/2015,31,20,9,12,11,8,95,52,18,1019,1014,1008,10,6,3,29,10,,0.25,8,,-1
10/21/2015,22,17,12,17,13,6,85,71,54,1020,1013,1009,,,,27,16,,1.02,8,,-1
10/22/2015,16,14,12,12,9,7,81,68,58,1023,1020,1018,10,9,8,26,18,,0,8,,-1
10/23/2015,17,14,11,8,6,5,61,52,42,1024,1023,1022,,,,26,18,,0.25,8,,-1
10/24/2015,18,12,7,9,7,6,84,62,45,1023,1022,1019,,,,26,10,,0,8,,-1
10/25/2015,30,18,7,11,7,4,94,47,11,1020,1014,1008,,,,39,10,,0,8,,-1
10/26/2015,16,14,12,13,10,7,86,67,45,1026,1019,1012,8,7,6,39,21,,0.25,8,,-1
10/27/2015,22,15,8,7,6,4,67,46,22,1028,1025,1021,,,,40,27,,0,,,-1
10/28/2015,26,16,6,8,6,3,82,45,14,1023,1021,1019,,,,32,11,,0,,,-1
10/29/2015,26,17,9,14,10,7,91,56,19,1022,1021,1019,,,,27,8,,0,,,-1
10/30/2015,25,17,9,12,9,5,82,50,18,1020,1019,1016,,,,27,11,,0.25,8,,-1
10/31/2015,25,19,13,18,13,8,98,69,41,1016,1013,1008,10,10,10,27,10,,2.03,8,,-1
11/1/2015,26,21,16,16,14,12,74,60,44,1010,1008,1006,,,,48,31,,1.02,8,,-1
11/2/2015,15,13,12,13,11,6,95,75,53,1019,1014,1011,6,6,6,24,14,,1.02,8,,-1
11/3/2015,20,12,5,13,7,4,81,60,40,1020,1018,1016,,,,29,14,,0,8,,-1
11/4/2015,26,18,10,16,13,10,91,66,41,1017,1013,1009,,,,37,18,,0,8,,-1
11/5/2015,24,20,15,19,17,14,100,86,41,1009,1006,1003,10,5,2,14,10,,18.03,8,,-1
11/6/2015,19,17,14,17,15,9,100,85,64,1014,1009,1005,6,6,5,26,11,,2.03,8,,-1
11/7/2015,16,14,12,9,7,6,69,56,45,1023,1019,1014,,,,27,21,,0,8,,-1
11/8/2015,21,14,7,13,8,6,89,61,31,1022,1021,1019,,,,19,6,,0,,,-1
11/9/2015,32,22,11,13,10,7,88,45,14,1020,1015,1011,,,,27,11,,0,8,,-1
11/10/2015,18,14,11,14,11,7,86,76,44,1022,1019,1015,,,,21,16,,2.03,8,,-1
11/11/2015,19,13,8,13,10,6,83,69,57,1022,1020,1017,,,,23,13,,0,8,,-1
11/12/2015,19,16,13,14,13,11,94,76,53,1017,1015,1013,8,8,8,26,11,,0.25,8,,-1
11/13/2015,18,16,13,13,11,8,83,66,51,1019,1017,1015,,,,34,18,,0,8,,-1
11/14/2015,18,13,9,11,9,6,77,60,50,1020,1019,1017,,,,27,18,,0,8,,-1
11/15/2015,19,15,11,12,10,8,75,62,46,1022,1020,1019,,,,29,16,,0,8,,-1
11/16/2015,26,17,8,14,11,9,99,62,27,1019,1016,1013,5,5,5,23,14,,0,,,-1
11/17/2015,32,23,16,13,9,4,76,36,9,1013,1011,1008,,,,37,16,,0,8,,-1
11/18/2015,27,20,13,13,10,4,86,51,13,1014,1012,1009,,,,16,10,,0,8,,-1
11/19/2015,26,22,17,16,13,9,72,51,32,1016,1013,1009,,,,27,14,,0,8,,-1
11/20/2015,18,16,13,14,12,10,88,72,60,1016,1013,1010,,,,19,10,,2.03,8,,-1
11/21/2015,17,14,12,10,8,7,75,56,42,1023,1021,1017,,,,32,23,,0.25,8,,-1
11/22/2015,19,16,13,9,8,6,64,49,36,1022,1019,1015,,,,24,13,,0,8,,-1
11/23/2015,19,16,12,12,11,9,77,60,45,1017,1016,1014,,,,23,14,,0,8,,-1
11/24/2015,22,17,12,11,9,7,74,53,28,1018,1014,1010,,,,23,13,,0,8,,-1
11/25/2015,33,23,12,11,6,-1,76,39,5,1012,1002,993,,,,42,18,,0,8,,-1
11/26/2015,22,17,11,14,6,-2,72,46,25,1016,1007,996,3,3,3,39,29,,0,8,,-1
11/27/2015,17,12,8,9,6,3,61,49,36,1019,1017,1016,,,,26,18,,0,8,,-1
11/28/2015,20,17,13,11,9,7,61,54,45,1019,1017,1014,,,,24,10,,0,8,,-1
11/29/2015,18,15,12,11,9,8,70,58,45,1016,1014,1013,,,,24,13,,0,8,,-1
11/30/2015,32,20,8,14,9,7,87,46,13,1013,1006,998,,,,47,14,,0.76,8,,-1
12/1/2015,22,18,14,13,9,4,82,52,27,1015,1008,1004,,,,32,18,,0,8,,-1
12/2/2015,17,13,10,7,5,3,61,46,33,1027,1022,1017,,,,29,23,,0,,,-1
12/3/2015,21,16,12,13,8,6,71,52,40,1029,1027,1026,,,,23,13,,0,8,,-1
12/4/2015,30,19,9,13,11,7,99,54,14,1026,1022,1018,,,,24,10,,0,,,-1
12/5/2015,27,21,16,17,14,11,89,61,27,1021,1019,1017,,,,23,13,,0,8,,-1
12/6/2015,28,21,14,16,15,14,94,64,35,1019,1016,1014,,,,27,11,,0,8,,-1
12/7/2015,23,21,18,17,16,14,76,66,49,1015,1013,1010,,,,24,16,,0,8,,-1
12/8/2015,33,26,18,18,16,13,75,55,26,1011,1007,1004,,,,39,18,,0,8,,-1
12/9/2015,23,19,14,13,12,10,76,56,43,1017,1014,1011,,,,32,14,,0,8,,-1
12/10/2015,24,18,11,11,9,7,82,52,24,1017,1013,1009,,,,24,13,,0,,,-1
12/11/2015,18,16,14,11,8,4,63,49,32,1016,1011,1008,,,,34,19,,0.51,8,,-1
12/12/2015,18,14,12,8,6,3,61,47,35,1020,1018,1015,6,6,6,23,18,,0,8,,-1
12/13/2015,27,18,8,9,6,0,77,44,9,1019,1015,1011,,,,24,8,,0,8,,-1
12/14/2015,23,17,11,13,11,8,86,56,28,1016,1014,1013,,,,29,11,,0,,,-1
12/15/2015,26,19,13,16,12,9,83,59,33,1016,1015,1014,,,,24,11,,0,8,,-1
12/16/2015,29,22,14,17,15,13,94,58,26,1016,1015,1013,,,,32,14,,0,,,-1
12/17/2015,37,26,15,16,11,6,87,39,8,1014,1012,1009,,,,29,16,,0,,,-1
12/18/2015,34,26,18,18,16,9,80,52,12,1012,1010,1007,,,,29,13,,0,,,-1
12/19/2015,41,29,18,18,13,7,90,43,7,1009,1006,1002,,,,42,16,,0,8,,-1
12/20/2015,37,28,18,18,13,6,91,40,10,1011,1004,1001,10,10,10,45,23,,8.89,8,,-1
12/21/2015,20,18,14,12,9,7,74,51,41,1025,1020,1013,,,,29,23,,0,8,,-1
12/22/2015,24,17,9,16,11,6,72,54,37,1026,1021,1017,,,,26,14,,0,,,-1
12/23/2015,27,20,13,16,14,11,84,57,31,1019,1016,1014,,,,26,14,,0,,,-1
12/24/2015,33,23,14,15,11,2,83,41,7,1016,1014,1010,,,,32,16,,0,,,-1
12/25/2015,34,28,22,12,9,6,40,21,10,1011,1007,1002,,,,45,21,,0,,,-1
12/26/2015,28,20,12,16,10,6,92,57,14,1016,1008,999,10,10,10,42,29,,4.06,8,,-1
12/27/2015,19,16,11,9,7,5,79,45,34,1026,1022,1018,,,,29,23,,0,8,,-1
12/28/2015,22,17,11,12,9,7,69,54,37,1026,1025,1024,,,,32,13,,0,8,,-1
12/29/2015,23,17,11,14,12,9,89,61,36,1025,1022,1020,,,,26,11,,0,,,-1
12/30/2015,34,23,12,16,9,3,93,48,7,1019,1015,1012,,,,24,6,,0,,,-1
12/31/2015,39,29,19,14,8,2,58,25,5,1013,1011,1008,,,,29,10,,0,8,,-1
1/1/2014,26,19,13,16,11,7,69,50,21,1012,1007,1003,6,6,6,27,11,,11.94,8,,-1
1/2/2014,21,18,15,17,12,11,84,62,52,1010,1008,1005,,,,23,19,,0,8,,-1
1/3/2014,19,14,11,12,11,9,82,63,45,1007,1004,1002,,,,27,10,,0,8,,-1
1/4/2014,19,16,13,10,9,8,75,52,40,1009,1007,1005,3,3,3,29,23,,0.51,8,,-1
1/5/2014,26,18,10,9,8,6,75,47,18,1009,1006,1001,,,,35,19,,0.25,8,,-1
1/6/2014,17,14,12,9,7,6,63,52,39,1022,1015,1009,,,,35,29,,0,8,,-1
1/7/2014,17,15,13,8,7,6,54,47,39,1025,1023,1022,,,,27,24,,0,8,,-1
1/8/2014,25,18,11,9,8,8,74,48,27,1023,1021,1018,,,,39,23,,0.25,,,-1
1/9/2014,31,21,11,16,12,9,77,49,24,1021,1018,1015,,,,27,14,,0,,,-1
1/10/2014,33,24,16,14,13,11,73,39,17,1017,1016,1013,,,,27,13,,0,8,,-1
1/11/2014,21,19,17,17,14,12,82,69,51,1021,1019,1015,,,,29,19,,0,8,,-1
1/12/2014,19,18,16,14,12,11,71,62,53,1022,1021,1020,,,,27,16,,0,8,,-1
1/13/2014,27,19,11,18,14,12,96,68,43,1021,1016,1013,,,,19,10,,0,,,-1
1/14/2014,42,29,16,18,14,11,89,40,8,1013,1011,1008,,,,37,14,,0,,,-1
1/15/2014,39,33,27,19,14,12,54,23,13,1016,1013,1011,,,,23,13,,2.03,,,-1
1/16/2014,41,31,22,19,15,9,63,34,9,1018,1013,1010,6,6,6,24,13,,0.25,8,,-1
1/17/2014,43,32,22,19,14,7,75,38,6,1011,1008,1005,,,,29,14,,0,,,-1
1/18/2014,23,21,18,17,16,12,71,62,55,1015,1013,1011,,,,29,16,,0,8,,-1
1/19/2014,21,18,15,14,11,9,66,55,49,1016,1014,1012,,,,34,21,,0,8,,-1
1/20/2014,23,20,18,14,14,12,70,61,47,1012,1011,1010,,,,29,19,,0,8,,-1
1/21/2014,21,18,16,12,11,11,62,54,42,1016,1013,1011,,,,29,21,,0,8,,-1
1/22/2014,22,18,14,11,9,8,61,46,33,1022,1020,1017,,,,26,21,,0,8,,-1
1/23/2014,31,21,10,14,11,8,80,48,25,1022,1017,1011,,,,26,13,,0,,,-1
1/24/2014,21,19,18,18,16,12,90,71,55,1012,1009,1007,,,,27,13,,6.1,8,,-1
1/25/2014,19,17,15,9,8,6,56,44,34,1023,1019,1014,,,,32,26,,0,8,,-1
1/26/2014,27,18,9,14,10,7,78,51,30,1024,1021,1018,,,,24,13,,0,,,-1
1/27/2014,34,23,13,12,11,8,83,37,12,1018,1016,1014,,,,27,13,,0,,,-1
1/28/2014,40,32,23,15,11,8,50,22,7,1013,1010,1005,,,,40,26,,0,,,-1
1/29/2014,23,20,16,17,13,8,76,55,31,1019,1016,1012,,,,24,18,,0,8,,-1
1/30/2014,27,20,13,17,13,11,72,57,43,1017,1015,1012,,,,13,11,,0,,,-1
1/31/2014,26,22,18,18,17,16,90,68,44,1014,1013,1012,,,,24,13,,0,8,,-1
2/1/2014,28,22,16,19,17,14,84,67,45,1013,1011,1009,,,,16,13,,0,8,,-1
2/2/2014,34,26,18,19,18,16,97,65,24,1011,1009,1006,10,8,6,14,6,,0,8,,-1
2/3/2014,30,25,18,18,16,12,75,57,23,1018,1010,1004,,,,37,16,,0.25,8,,-1
2/4/2014,25,18,12,11,9,8,65,44,22,1022,1021,1019,,,,40,26,,0,8,,-1
2/5/2014,28,21,13,11,8,6,49,38,19,1022,1019,1015,,,,37,29,,0,,,-1
2/6/2014,34,24,14,13,11,11,73,40,15,1016,1013,1009,,,,19,11,,0,,,-1
2/7/2014,34,27,19,17,13,9,73,41,13,1014,1010,1009,10,10,10,34,13,,0,,,-1
2/8/2014,39,28,16,18,15,8,87,52,9,1013,1010,1006,10,9,6,14,8,,0,,,-1
2/9/2014,38,30,19,18,9,3,64,30,5,1019,1010,1005,,,,47,26,,0,,,-1
2/10/2014,23,18,12,11,9,8,69,49,33,1021,1019,1017,,,,26,18,,0,,,-1
2/11/2014,24,18,12,18,12,9,78,57,42,1017,1015,1014,10,9,8,24,18,,0,8,,-1
2/12/2014,28,21,14,18,16,13,86,65,45,1015,1014,1013,10,8,6,26,18,,0,8,,-1
2/13/2014,28,23,18,18,16,13,74,59,35,1013,1011,1009,10,8,6,16,10,,0,8,,-1
2/14/2014,28,23,18,18,15,12,73,51,35,1008,1005,1001,,,,21,6,,0,,,-1
2/15/2014,26,23,20,19,17,14,83,62,45,1001,998,995,8,8,8,21,10,,0,8,,-1
2/16/2014,22,19,16,18,14,11,88,66,46,1013,1007,1001,,,,32,26,,0.51,8,,-1
2/17/2014,23,18,13,12,11,9,76,51,33,1014,1013,1010,,,,23,13,,0,8,,-1
2/18/2014,29,21,12,17,13,10,80,56,28,1011,1007,1001,,,,23,13,,0,,,-1
2/19/2014,22,19,14,18,13,11,82,65,43,1002,1000,998,3,3,3,27,14,,6.1,8,,-1
2/20/2014,18,16,13,11,8,7,77,53,40,1015,1009,1003,,,,37,26,,0,8,,-1
2/21/2014,19,17,14,11,8,7,60,50,37,1023,1020,1016,,,,27,19,,0,8,,-1
2/22/2014,19,17,14,12,10,8,70,56,46,1025,1024,1023,,,,24,18,,0,8,,-1
2/23/2014,22,18,13,14,11,9,70,59,47,1025,1023,1019,,,,24,13,,0,8,,-1
2/24/2014,23,17,12,13,12,11,90,67,44,1021,1019,1016,,,,26,6,,0,8,,-1
2/25/2014,32,22,12,16,13,11,86,58,17,1015,1010,1006,,,,35,11,,0,8,,-1
2/26/2014,20,18,15,14,12,9,85,60,40,1017,1013,1010,,,,27,16,,3.05,8,,-1
2/27/2014,21,16,12,11,9,7,77,52,34,1024,1021,1018,,,,27,14,,0,8,,-1
2/28/2014,22,16,9,13,10,8,76,59,40,1024,1023,1021,,,,24,14,,0,,,-1
3/1/2014,23,18,13,15,14,12,90,69,49,1023,1022,1021,,,,26,10,,0,8,,-1
3/2/2014,22,19,16,14,13,10,74,61,45,1024,1023,1022,,,,27,18,,0,8,,-1
3/3/2014,24,19,13,17,13,11,76,62,48,1025,1023,1021,,,,16,8,,0,8,,-1
3/4/2014,33,24,14,18,14,11,93,54,17,1023,1020,1015,6,6,6,23,11,,0,8,,-1
3/5/2014,27,22,17,16,13,8,69,53,37,1021,1017,1013,,,,34,21,,0,8,,-1
3/6/2014,19,14,10,9,8,7,60,49,36,1021,1020,1019,,,,29,14,,0,8,,-1
3/7/2014,21,18,16,15,12,9,63,59,55,1023,1021,1020,,,,27,8,,0.25,8,,-1
3/8/2014,28,22,16,16,15,13,74,58,31,1023,1020,1017,,,,29,24,,0,8,,-1
3/9/2014,32,23,13,17,12,6,93,49,11,1019,1017,1014,5,5,5,24,13,,0,,,-1
3/10/2014,31,25,19,13,11,8,52,31,17,1020,1017,1015,,,,26,16,,0,,,-1
3/11/2014,29,23,16,18,15,13,87,61,26,1020,1017,1015,,,,23,6,,3.05,8,,-1
3/12/2014,19,18,16,17,11,8,88,58,38,1022,1020,1017,,,,24,21,,0,8,,-1
3/13/2014,22,16,9,12,10,8,84,61,42,1022,1020,1017,,,,21,8,,0,,,-1
3/14/2014,24,18,11,15,13,11,92,67,45,1018,1013,1008,10,10,10,16,6,,0,,,-1
3/15/2014,30,24,18,17,11,6,82,46,13,1009,1003,998,10,10,10,39,18,,20.07,8,,-1
3/16/2014,17,15,13,11,8,6,67,49,36,1009,1005,1003,,,,26,19,,2.03,8,,-1
3/17/2014,21,17,13,14,11,7,68,55,43,1015,1011,1009,,,,29,19,,0,8,,-1
3/18/2014,22,18,14,13,11,8,75,58,37,1023,1019,1017,,,,16,10,,0,8,,-1
3/19/2014,21,17,12,12,11,9,72,56,44,1027,1026,1025,,,,21,13,,0,8,,-1
3/20/2014,30,20,9,10,8,5,83,47,12,1026,1022,1017,,,,23,11,,0,,,-1
3/21/2014,22,18,15,15,12,9,70,56,45,1019,1016,1014,,,,32,13,,0,8,,-1
3/22/2014,18,16,13,11,9,8,63,55,43,1022,1020,1020,,,,24,21,,0,8,,-1
3/23/2014,17,16,13,8,8,6,56,50,44,1021,1019,1017,,,,29,14,,0,8,,-1
3/24/2014,18,14,10,11,9,8,80,63,46,1022,1020,1019,,,,21,8,,0,8,,-1
3/25/2014,23,17,11,13,11,9,82,64,43,1024,1023,1021,,,,32,11,,0,,,-1
3/26/2014,26,19,12,16,14,12,88,65,45,1025,1023,1022,,,,35,14,,3.05,,,-1
3/27/2014,25,21,17,18,17,17,99,84,54,1022,1017,1013,10,9,8,24,18,,3.05,8,,-1
3/28/2014,20,18,16,18,15,13,94,78,59,1018,1016,1015,,,,21,10,,0,8,,-1
3/29/2014,21,16,10,16,13,11,100,78,53,1018,1017,1016,10,7,5,16,6,,1.02,,,-1
3/30/2014,23,18,12,17,15,13,100,79,52,1021,1019,1018,10,5,0,16,8,,0.25,8,,-1
3/31/2014,31,22,14,16,14,12,95,61,22,1019,1017,1015,8,6,5,23,6,,0,,,-1
4/1/2014,32,26,20,16,13,11,63,36,17,1017,1014,1011,,,,32,16,,0,,,-1
4/2/2014,26,22,18,17,15,13,85,57,37,1016,1013,1010,,,,29,23,,0.51,8,,-1
4/3/2014,18,16,14,14,12,10,92,68,50,1023,1020,1017,10,6,3,24,16,,0,8,,-1
4/4/2014,21,17,13,14,11,8,76,61,49,1023,1021,1019,,,,24,16,,0.25,8,,-1
4/5/2014,23,18,12,14,13,12,94,70,43,1022,1021,1020,,,,32,14,,0,8,,-1
4/6/2014,23,18,12,14,13,11,91,70,40,1024,1023,1022,,,,27,18,,0,8,,-1
4/7/2014,23,17,10,13,12,9,92,63,41,1024,1022,1020,,,,14,6,,0,8,,-1
4/8/2014,22,18,15,17,13,11,96,68,39,1020,1019,1019,5,5,5,23,13,,8.89,8,,-1
4/9/2014,18,17,16,18,17,16,100,96,89,1020,1018,1017,10,5,3,13,8,,13.97,8,,-1
4/10/2014,18,18,17,18,17,17,100,99,96,1016,1012,1009,10,6,3,13,5,,7.11,8,,-1
4/11/2014,18,17,16,18,17,15,98,90,77,1016,1011,1008,6,6,6,27,19,,0.51,8,,-1
4/12/2014,21,18,14,15,14,13,87,74,58,1020,1018,1016,,,,32,21,,0,8,,-1
4/13/2014,19,15,11,12,11,9,89,68,51,1022,1020,1018,,,,24,18,,0,,,-1
4/14/2014,19,14,9,11,9,8,92,66,39,1024,1023,1022,,,,24,14,,0,,,-1
4/15/2014,20,13,7,11,9,8,92,70,41,1024,1023,1022,,,,24,11,,0,,,-1
4/16/2014,20,13,7,13,11,8,100,78,50,1022,1020,1018,8,5,2,14,10,,0,8,,-1
4/17/2014,22,16,9,12,9,7,94,64,28,1021,1019,1017,10,10,10,10,6,,0,,,-1
4/18/2014,18,16,12,12,9,8,73,61,47,1020,1017,1014,,,,32,16,,0.51,8,,-1
4/19/2014,15,13,11,11,9,8,91,67,54,1021,1019,1019,5,5,5,23,14,,0.25,8,,-1
4/20/2014,18,14,12,9,7,4,74,54,33,1018,1017,1016,,,,23,13,,0,8,,-1
4/21/2014,19,16,11,7,6,5,56,42,29,1019,1016,1013,,,,40,26,,0,8,,-1
4/22/2014,19,16,13,14,10,6,94,65,31,1017,1014,1011,8,7,6,42,26,,4.06,8,,-1
4/23/2014,17,13,9,13,11,10,98,80,54,1017,1015,1013,,,,14,6,,0,8,,-1
4/24/2014,16,13,11,11,6,4,75,50,36,1022,1015,1010,,,,29,19,,0,8,,-1
4/25/2014,18,11,4,9,6,4,92,60,37,1022,1017,1013,,,,21,8,,0,8,,-1
4/26/2014,18,16,12,12,7,4,76,49,39,1021,1013,1009,10,10,10,27,23,,0.51,8,,-1
4/27/2014,16,11,6,6,4,4,81,58,37,1026,1024,1022,,,,26,11,,0,,,-1
4/28/2014,21,12,4,12,8,4,94,65,41,1022,1019,1014,,,,32,8,,0,8,,-1
4/29/2014,22,18,13,15,13,12,90,66,44,1011,1009,1007,10,10,10,45,31,,14.99,8,,-1
4/30/2014,16,13,11,11,8,6,86,68,41,1021,1016,1012,,,,24,13,,0.25,8,,-1
5/1/2014,14,11,7,8,6,3,78,59,40,1020,1016,1012,,,,14,10,,0,8,,-1
5/2/2014,15,13,11,8,6,4,64,54,47,1010,1003,999,,,,29,23,,0,8,,-1
5/3/2014,14,12,9,12,8,7,87,71,61,1004,1000,998,,,,40,11,,4.06,8,,-1
5/4/2014,13,11,10,9,6,3,87,59,43,1014,1010,1006,,,,35,29,,4.06,8,,-1
5/5/2014,16,13,10,11,9,8,90,75,62,1022,1017,1014,3,3,3,19,14,,2.03,8,,-1
5/6/2014,13,12,11,8,7,5,65,58,50,1025,1024,1022,,,,27,18,,0.51,8,,-1
5/7/2014,14,11,7,9,6,4,81,62,40,1028,1027,1026,,,,16,11,,0,8,,-1
5/8/2014,18,10,2,6,4,3,88,62,28,1028,1026,1024,,,,16,10,,0,,,-1
5/9/2014,18,12,5,8,7,3,81,61,41,1023,1020,1018,,,,29,14,,3.05,,,-1
5/10/2014,15,14,11,14,12,11,95,84,73,1020,1017,1017,8,8,8,21,14,,1.02,8,,-1
5/11/2014,17,13,9,12,11,9,99,82,61,1028,1024,1020,10,10,10,13,10,,0,8,,-1
5/12/2014,17,11,5,11,9,7,100,88,62,1031,1029,1028,10,4,0,11,6,,0.25,,,-1
5/13/2014,18,11,5,11,9,6,100,80,55,1029,1027,1026,3,2,0,11,5,,0,,,-1
5/14/2014,20,12,5,12,9,6,99,72,37,1026,1024,1022,10,10,10,27,6,,0,,,-1
5/15/2014,22,18,14,11,9,8,65,46,34,1022,1020,1019,,,,39,26,,0,8,,-1
5/16/2014,22,19,16,8,8,8,45,38,30,1025,1023,1021,,,,34,27,,0,8,,-1
5/17/2014,21,18,16,11,9,8,51,43,38,1024,1023,1022,,,,29,24,,0,8,,-1
5/18/2014,21,18,15,11,10,9,54,46,36,1023,1022,1021,,,,29,19,,0,8,,-1
5/19/2014,22,20,17,13,11,9,64,47,36,1021,1019,1017,,,,26,23,,0.25,8,,-1
5/20/2014,21,17,14,14,12,11,90,73,50,1023,1020,1018,6,6,6,23,16,,1.02,8,,-1
5/21/2014,22,16,9,13,12,10,99,75,38,1023,1021,1020,2,2,2,19,10,,0,8,,-1
5/22/2014,22,18,14,14,12,11,74,57,44,1020,1016,1013,,,,32,19,,4.06,8,,-1
5/23/2014,17,16,14,14,13,11,92,78,64,1014,1013,1012,8,6,5,23,13,,0,8,,-1
5/24/2014,15,11,8,11,10,8,89,78,60,1017,1016,1015,,,,11,8,,0,8,,-1
5/25/2014,19,16,11,14,12,9,86,74,60,1018,1016,1014,,,,27,14,,0,,,-1
5/26/2014,21,14,8,14,13,10,98,78,55,1019,1017,1013,0,0,0,16,8,,0,,,-1
5/27/2014,21,19,16,14,12,10,81,60,40,1010,1004,1001,,,,37,26,,0,8,,-1
5/28/2014,17,14,13,12,10,8,82,68,58,1019,1011,1005,,,,21,16,,1.02,8,,-1
5/29/2014,15,12,9,11,9,8,94,82,67,1026,1024,1021,,,,11,8,,0,8,,-1
5/30/2014,16,9,3,10,7,4,99,83,61,1027,1026,1024,10,4,0,11,3,,0,8,,-1
5/31/2014,17,12,8,11,10,9,95,81,57,1024,1022,1019,6,6,6,13,5,,2.03,8,,-1
6/1/2014,14,13,11,13,12,10,99,92,82,1019,1017,1016,10,9,6,11,8,,1.02,8,,-1
6/2/2014,15,12,10,14,12,11,100,92,70,1020,1019,1017,10,10,10,13,6,,2.03,8,,-1
6/3/2014,15,13,11,14,13,12,100,92,76,1020,1017,1016,6,5,3,23,14,,0.25,8,,-1
6/4/2014,17,13,10,13,11,8,100,79,58,1026,1023,1021,5,3,2,19,13,,7.11,8,,-1
6/5/2014,14,12,8,12,10,7,100,87,65,1030,1028,1027,5,5,5,14,5,,0.25,8,,-1
6/6/2014,14,10,6,11,9,7,100,86,62,1032,1031,1030,0,0,0,11,5,,0,8,,-1
6/7/2014,15,13,11,13,11,9,99,86,74,1031,1030,1029,2,2,2,14,11,,2.03,8,,-1
6/8/2014,14,12,7,7,6,6,89,62,50,1034,1032,1031,,,,21,13,,0,8,,-1
6/9/2014,15,8,2,10,7,2,98,87,65,1035,1033,1031,8,8,8,19,5,,0,8,,-1
6/10/2014,16,11,6,11,9,7,100,83,54,1032,1030,1027,10,5,2,14,6,,0,8,,-1
6/11/2014,16,10,3,9,8,4,99,78,54,1027,1023,1021,0,0,0,32,10,,0,,,-1
6/12/2014,16,11,6,9,8,6,91,67,55,1019,1016,1014,,,,26,10,,5.08,8,,-1
6/13/2014,16,13,11,12,11,9,98,79,61,1014,1012,1010,10,7,5,21,14,,0.25,8,,-1
6/14/2014,14,11,8,13,11,9,98,89,74,1018,1015,1012,8,8,8,24,13,,5.08,8,,-1
6/15/2014,15,13,11,11,9,7,84,73,55,1020,1019,1017,,,,24,21,,0.25,8,,-1
6/16/2014,14,12,9,9,8,7,81,72,64,1022,1019,1017,,,,32,18,,2.03,8,,-1
6/17/2014,14,12,10,11,11,9,93,84,74,1031,1028,1023,8,8,8,19,14,,0.51,8,,-1
6/18/2014,13,12,11,9,8,6,81,66,53,1032,1030,1029,,,,10,8,,0,8,,-1
6/19/2014,13,9,6,8,7,4,84,73,58,1029,1023,1018,,,,29,13,,0,8,,-1
6/20/2014,16,12,9,9,8,7,80,65,51,1017,1014,1012,,,,34,26,,0.25,8,,-1
6/21/2014,16,13,9,12,9,8,88,73,55,1021,1017,1014,,,,23,18,,0,8,,-1
6/22/2014,16,11,6,9,8,7,100,75,56,1022,1020,1015,,,,24,11,,0,8,,-1
6/23/2014,14,12,8,9,7,4,65,59,53,1010,1002,997,,,,37,32,,3.05,8,,-1
6/24/2014,12,9,6,9,6,2,83,68,56,1006,999,993,5,4,3,48,26,,12.95,8,,-1
6/25/2014,14,12,9,10,8,6,89,69,58,1013,1010,1007,,,,34,23,,1.02,8,,-1
6/26/2014,14,12,11,8,7,5,68,59,49,1017,1014,1010,,,,29,24,,0,8,,-1
6/27/2014,14,12,10,9,6,4,75,55,41,1016,1008,1001,,,,47,29,,0,,,-1
6/28/2014,14,12,9,6,5,4,69,53,40,999,995,992,,,,42,35,,3.05,8,,-1
6/29/2014,11,9,8,8,7,5,83,74,67,1012,1003,995,,,,26,23,,8.89,8,,-1
6/30/2014,12,9,7,9,7,4,86,77,61,1023,1017,1013,,,,23,14,,2.03,8,,-1
7/1/2014,12,11,9,9,8,8,87,77,68,1029,1027,1025,,,,19,13,,0,8,,-1
7/2/2014,14,12,11,8,7,7,72,61,49,1029,1028,1027,,,,21,13,,0,8,,-1
7/3/2014,13,10,7,7,6,5,77,67,56,1026,1023,1019,,,,45,19,,0,8,,-1
7/4/2014,13,9,6,7,6,4,79,66,54,1018,1014,1011,,,,40,26,,0,8,,-1
7/5/2014,12,11,10,10,8,7,81,72,64,1014,1012,1011,,,,27,23,,0.51,8,,-1
7/6/2014,12,11,9,9,8,8,88,80,72,1016,1014,1013,,,,23,19,,0.25,8,,-1
7/7/2014,14,11,8,10,8,6,99,74,50,1017,1015,1013,,,,27,13,,0,8,,-1
7/8/2014,15,12,9,7,6,5,67,54,45,1013,1008,1003,,,,39,31,,0,,,-1
7/9/2014,13,11,8,8,6,4,92,68,47,1001,998,996,,,,50,34,,8.89,8,,-1
7/10/2014,13,10,6,10,7,4,89,77,71,1013,1007,1002,5,5,5,27,18,,0.76,8,,-1
7/11/2014,13,11,8,8,7,5,71,66,62,1015,1014,1013,,,,34,19,,6.1,8,,-1
7/12/2014,11,9,7,8,6,5,91,76,61,1027,1022,1015,,,,23,16,,1.02,8,,-1
7/13/2014,12,8,4,8,7,5,94,80,61,1033,1030,1028,6,6,6,14,10,,0.76,8,,-1
7/14/2014,13,10,7,9,8,6,99,88,59,1033,1030,1026,10,6,3,13,3,,0.25,8,,-1
7/15/2014,13,9,4,7,6,4,94,71,56,1024,1017,1012,,,,29,10,,4.06,8,,-1
7/16/2014,13,11,9,8,8,6,87,73,59,1011,1010,1008,,,,34,23,,1.02,8,,-1
7/17/2014,12,10,8,8,4,2,78,58,46,1012,1008,1006,,,,39,27,,4.06,8,,-1
7/18/2014,12,9,6,8,6,4,82,67,50,1027,1021,1013,6,6,6,32,24,,0.25,8,,-1
7/19/2014,12,11,9,8,8,7,91,79,65,1030,1029,1028,,,,19,13,,0.51,8,,-1
7/20/2014,12,10,6,8,8,6,100,93,74,1029,1028,1027,6,4,2,11,5,,0,8,,-1
7/21/2014,11,7,3,8,6,4,100,91,76,1027,1026,1024,10,5,0,10,5,,0,,,-1
7/22/2014,10,6,2,8,6,3,100,95,78,1027,1025,1025,8,3,0,11,5,,0,8,,-1
7/23/2014,12,8,4,8,6,4,100,85,57,1025,1022,1020,6,5,3,13,6,,0,8,,-1
7/24/2014,15,9,3,8,6,4,99,82,52,1018,1015,1013,10,10,10,21,8,,0.25,,,-1
7/25/2014,16,11,7,9,8,7,75,67,55,1019,1015,1013,,,,34,19,,0.25,8,,-1
7/26/2014,13,12,11,11,10,9,86,80,76,1025,1022,1020,,,,14,14,,1.02,8,,-1
7/27/2014,15,11,7,8,8,7,89,68,49,1025,1023,1020,,,,29,14,,0,8,,-1
7/28/2014,16,13,9,8,7,5,68,56,44,1018,1015,1011,,,,34,26,,0,8,,-1
7/29/2014,16,13,11,10,8,7,65,61,56,1012,1009,1007,,,,40,32,,2.03,8,,-1
7/30/2014,18,14,11,11,9,8,92,62,49,1012,1010,1009,,,,32,23,,0.51,8,,-1
7/31/2014,17,12,7,9,7,3,82,59,35,1008,1001,996,,,,53,37,,6.1,8,,-1
8/1/2014,8,7,5,5,3,1,83,69,57,1019,1007,1001,8,8,8,32,23,,6.1,8,,-1
8/2/2014,11,8,6,5,4,1,84,67,53,1033,1029,1022,,,,19,13,,0,8,,-1
8/3/2014,13,7,1,2,1,-1,80,59,37,1034,1033,1032,,,,13,10,,0,,,-1
8/4/2014,14,8,3,2,1,1,75,54,29,1034,1032,1031,,,,16,13,,0.25,,,-1
8/5/2014,14,10,6,8,5,2,71,59,55,1033,1032,1031,,,,16,11,,0,8,,-1
8/6/2014,14,12,10,10,7,4,85,64,43,1032,1030,1028,5,5,5,23,13,,3.05,8,,-1
8/7/2014,12,11,9,12,9,7,98,85,72,1031,1029,1028,6,4,2,14,11,,2.03,8,,-1
8/8/2014,14,12,9,11,8,3,98,72,44,1031,1029,1029,,,,13,8,,0.25,8,,-1
8/9/2014,14,10,5,7,5,3,76,57,42,1029,1025,1022,,,,34,21,,4.06,8,,-1
8/10/2014,13,11,8,10,6,3,90,67,54,1027,1024,1021,,,,29,19,,0.51,8,,-1
8/11/2014,11,7,2,5,2,1,79,60,40,1032,1030,1028,6,6,6,23,13,,0.25,8,,-1
8/12/2014,11,8,4,8,6,3,99,84,64,1035,1033,1032,10,6,5,16,8,,0.25,8,,-1
8/13/2014,12,9,6,10,7,5,95,79,51,1036,1035,1035,,,,19,6,,0.25,8,,-1
8/14/2014,13,10,5,9,7,4,97,74,52,1036,1035,1033,8,8,8,13,6,,0,8,,-1
8/15/2014,13,7,1,9,6,2,100,82,49,1032,1028,1025,10,6,5,16,5,,0,,,-1
8/16/2014,11,7,2,9,6,3,100,89,72,1025,1023,1021,5,2,0,13,5,,0,8,,-1
8/17/2014,14,10,6,8,7,7,87,70,52,1020,1018,1016,,,,29,16,,0,8,,-1
8/18/2014,13,11,9,9,8,7,85,76,58,1023,1021,1019,,,,26,18,,0.51,8,,-1
8/19/2014,13,11,9,9,7,4,86,69,54,1026,1024,1023,,,,19,13,,0,8,,-1
8/20/2014,12,10,8,7,6,4,72,62,54,1028,1027,1025,,,,14,10,,0,8,,-1
8/21/2014,16,9,3,9,7,3,99,76,50,1030,1028,1027,,,,13,8,,0,8,,-1
8/22/2014,18,11,3,9,6,4,100,71,36,1031,1029,1028,10,8,6,13,5,,0,8,,-1
8/23/2014,20,12,3,10,7,4,98,65,42,1029,1026,1024,,,,27,10,,5.08,8,,-1
8/24/2014,14,12,10,11,9,5,100,77,45,1027,1026,1024,10,10,10,19,10,,2.03,8,,-1
8/25/2014,15,12,9,12,9,8,99,83,58,1029,1026,1024,3,3,3,24,14,,0.25,8,,-1
8/26/2014,16,11,5,11,9,6,100,87,62,1029,1027,1025,5,3,2,14,8,,0,,,-1
8/27/2014,16,11,7,12,10,9,100,92,64,1029,1028,1026,3,1,0,16,8,,0,8,,-1
8/28/2014,16,11,7,11,9,6,100,83,46,1030,1028,1027,6,2,0,14,6,,0.25,8,,-1
8/29/2014,14,11,7,11,10,8,100,87,61,1030,1028,1027,10,4,0,14,5,,0,8,,-1
8/30/2014,20,15,10,11,9,7,99,69,34,1027,1024,1021,6,6,3,24,8,,0,8,,-1
8/31/2014,21,14,9,8,8,7,80,51,30,1020,1016,1010,,,,35,19,,0,8,,-1
9/1/2014,18,14,11,11,8,4,96,63,31,1012,1009,1007,,,,37,24,,7.11,8,,-1
9/2/2014,14,11,9,9,6,3,92,66,37,1023,1018,1013,,,,32,18,,0,8,,-1
9/3/2014,13,10,6,6,4,3,78,58,47,1023,1022,1021,,,,24,16,,0,8,,-1
9/4/2014,14,8,2,8,6,3,97,78,54,1023,1021,1019,,,,21,6,,0,8,,-1
9/5/2014,14,8,2,9,6,3,100,80,59,1028,1025,1023,3,2,0,16,6,,0,8,,-1
9/6/2014,16,10,4,9,8,4,100,81,47,1031,1029,1028,8,6,3,16,10,,0,8,,-1
9/7/2014,19,12,4,9,7,4,97,65,30,1030,1027,1025,5,4,3,23,8,,0,,,-1
9/8/2014,22,15,8,8,7,6,67,43,30,1024,1017,1007,,,,45,26,,0,8,,-1
9/9/2014,21,17,12,13,11,7,94,58,32,1008,1004,1002,,,,53,42,,0.25,8,,-1
9/10/2014,18,14,10,11,8,6,96,57,34,1012,1010,1005,5,5,5,23,13,,0,8,,-1
9/11/2014,16,13,9,11,7,4,94,59,45,1024,1017,1011,3,3,3,26,19,,0.25,8,,-1
9/12/2014,13,9,6,7,6,4,90,69,48,1027,1026,1024,,,,14,8,,0,8,,-1
9/13/2014,15,10,5,7,6,4,93,68,43,1027,1025,1022,,,,16,8,,0,8,,-1
9/14/2014,17,11,5,9,7,4,91,68,39,1023,1020,1018,,,,21,6,,0,,,-1
9/15/2014,17,12,7,11,9,7,98,79,51,1019,1014,1009,,,,26,10,,0.25,8,,-1
9/16/2014,14,11,7,12,10,7,99,82,63,1014,1010,1007,6,6,6,26,14,,0.25,8,,-1
9/17/2014,13,11,8,8,6,4,85,68,44,1019,1015,1012,6,6,6,34,18,,0.76,8,,-1
9/18/2014,13,10,8,8,6,4,83,67,50,1025,1022,1019,,,,26,18,,1.02,8,,-1
9/19/2014,15,12,9,9,7,6,79,66,56,1026,1025,1024,,,,21,13,,0,8,,-1
9/20/2014,14,11,8,9,8,7,77,69,59,1030,1028,1025,,,,24,14,,0,8,,-1
9/21/2014,15,11,6,8,7,4,85,65,47,1032,1031,1030,,,,24,6,,0,8,,-1
9/22/2014,22,12,3,9,6,3,99,62,26,1030,1028,1026,,,,19,6,,0,,,-1
9/23/2014,25,16,7,9,7,5,82,45,18,1027,1024,1021,,,,26,11,,0,,,-1
9/24/2014,24,19,13,14,9,6,100,52,29,1020,1015,1012,,,,34,18,,10.92,8,,-1
9/25/2014,14,13,13,14,11,8,100,82,62,1020,1017,1013,10,10,10,27,13,,0,8,,-1
9/26/2014,16,13,11,10,9,7,83,70,44,1020,1019,1018,,,,16,10,,0,8,,-1
9/27/2014,22,15,8,12,9,7,92,61,39,1020,1018,1015,,,,34,16,,0,,,-1
9/28/2014,26,21,16,11,9,4,59,37,16,1015,1009,1003,,,,55,35,,0,8,,-1
9/29/2014,22,17,13,9,8,6,57,43,28,1014,1011,1008,,,,32,18,,0,,,-1
9/30/2014,22,16,9,9,7,3,70,52,26,1014,1009,1002,,,,50,23,,2.03,8,,-1
10/1/2014,14,11,8,7,6,3,72,59,46,1025,1022,1015,,,,26,19,,0,8,,-1
10/2/2014,16,13,9,11,8,6,77,68,51,1025,1024,1023,,,,23,16,,0,8,,-1
10/3/2014,16,13,9,11,9,7,97,74,56,1024,1021,1018,,,,19,13,,0,8,,-1
10/4/2014,26,16,6,12,8,7,99,53,21,1018,1013,1010,,,,37,16,,0,8,,-1
10/5/2014,22,13,9,13,8,6,82,60,41,1018,1016,1013,8,8,8,23,16,,0,8,,-1
10/6/2014,24,16,7,14,9,5,87,65,31,1016,1007,997,,,,52,14,,3.05,8,,-1
10/7/2014,17,14,12,13,8,6,74,61,43,1019,1011,1001,,,,32,23,,0,8,,-1
10/8/2014,17,13,9,11,8,6,77,63,47,1023,1020,1018,,,,21,13,,0,8,,-1
10/9/2014,19,13,8,10,9,8,95,66,37,1023,1021,1017,,,,16,6,,0,,,-1
10/10/2014,24,17,9,10,8,7,97,51,23,1017,1013,1010,,,,32,10,,0,8,,-1
10/11/2014,18,16,12,11,10,9,79,63,45,1016,1015,1012,,,,23,16,,0,8,,-1
10/12/2014,25,16,7,12,10,8,100,71,33,1014,1009,1005,,,,27,8,,0.76,,,-1
10/13/2014,14,11,9,12,6,3,88,62,41,1019,1013,1009,,,,40,24,,7.11,8,,-1
10/14/2014,16,12,8,8,4,1,91,57,31,1025,1022,1019,,,,34,21,,0,8,,-1
10/15/2014,15,9,4,6,4,2,84,58,41,1025,1022,1020,,,,24,8,,0,8,,-1
10/16/2014,16,13,11,11,8,5,86,63,49,1025,1020,1018,8,8,8,32,18,,2.03,8,,-1
10/17/2014,16,11,6,8,6,5,87,61,41,1028,1026,1025,,,,26,10,,0,8,,-1
10/18/2014,24,14,6,8,6,5,96,49,19,1027,1024,1022,,,,27,11,,0,8,,-1
10/19/2014,28,21,14,13,7,3,74,38,13,1028,1021,1018,,,,42,29,,0,8,,-1
10/20/2014,19,13,8,9,6,4,76,51,27,1031,1029,1027,,,,34,24,,0,8,,-1
10/21/2014,26,16,5,13,9,4,88,56,31,1028,1025,1022,,,,27,16,,0,,,-1
10/22/2014,33,21,9,13,11,8,91,50,14,1022,1018,1014,,,,29,11,,0,8,,-1
10/23/2014,22,18,13,14,13,12,89,75,55,1021,1018,1015,10,8,6,35,19,,0,8,,-1
10/24/2014,28,20,12,15,13,11,100,70,24,1015,1012,1010,8,5,2,24,11,,0,,,-1
10/25/2014,17,16,13,12,11,10,88,69,57,1018,1016,1015,8,8,8,24,14,,0,8,,-1
10/26/2014,21,17,13,12,10,9,70,61,46,1016,1012,1008,,,,16,10,,3.05,8,,-1
10/27/2014,21,17,13,14,9,4,89,56,34,1013,1006,1001,8,8,8,34,24,,6.1,8,,-1
10/28/2014,18,14,11,13,7,3,70,53,38,1017,1012,1010,10,10,10,35,23,,1.02,8,,-1
10/29/2014,19,14,10,10,8,6,82,59,41,1019,1017,1014,,,,24,16,,0,8,,-1
10/30/2014,19,16,12,11,9,8,83,62,43,1016,1014,1013,,,,21,10,,0,8,,-1
10/31/2014,32,20,8,11,8,3,93,48,9,1014,1006,996,,,,39,13,,0,8,,-1
11/1/2014,18,14,11,13,8,3,90,61,37,1015,1006,999,6,6,6,34,21,,2.03,8,,-1
11/2/2014,14,12,9,7,6,4,74,59,46,1026,1021,1016,10,10,10,27,23,,0.51,8,,-1
11/3/2014,21,14,8,11,7,5,71,52,31,1026,1023,1020,,,,24,10,,0,8,,-1
11/4/2014,27,18,9,12,7,3,84,46,12,1019,1015,1011,10,10,10,34,14,,0,8,,-1
11/5/2014,17,15,13,11,8,6,74,55,42,1020,1019,1016,,,,29,23,,0,8,,-1
11/6/2014,20,15,10,9,7,5,69,51,30,1020,1017,1014,,,,23,10,,0,8,,-1
11/7/2014,32,21,9,9,7,5,77,38,11,1017,1016,1014,,,,24,13,,0,,,-1
11/8/2014,34,25,16,13,8,-1,72,34,5,1021,1015,1011,8,8,8,42,21,,0,8,,-1
11/9/2014,19,15,11,11,8,7,81,59,36,1024,1022,1021,,,,29,18,,0,8,,-1
11/10/2014,18,15,12,11,8,6,66,55,46,1025,1023,1022,,,,27,16,,0,8,,-1
11/11/2014,18,14,10,7,6,5,62,48,32,1024,1023,1021,,,,27,18,,0,8,,-1
11/12/2014,23,14,5,12,8,3,84,63,38,1020,1017,1014,,,,26,10,,0,,,-1
11/13/2014,31,20,10,14,11,3,99,56,10,1015,1012,1007,10,8,6,19,6,,0,8,,-1
11/14/2014,27,20,14,13,8,3,69,42,13,1015,1010,1004,,,,32,19,,0,8,,-1
11/15/2014,17,13,10,11,7,5,87,55,39,1014,1012,1009,6,6,6,24,16,,3.05,8,,-1
11/16/2014,17,13,10,12,11,9,100,76,50,1013,1009,1005,6,6,5,27,16,,1.02,8,,-1
11/17/2014,17,15,13,11,8,7,69,53,42,1019,1015,1012,,,,23,18,,0,8,,-1
11/18/2014,18,14,11,11,8,6,73,53,39,1023,1020,1019,,,,21,14,,0,8,,-1
11/19/2014,27,18,9,11,9,6,94,51,17,1022,1017,1011,,,,14,8,,0,,,-1
11/20/2014,29,24,19,18,9,4,88,38,12,1010,1007,1005,,,,40,21,,6.1,8,,-1
11/21/2014,20,18,14,16,12,9,74,61,41,1012,1009,1005,,,,23,18,,0.25,8,,-1
11/22/2014,31,21,11,13,10,7,90,50,15,1012,1009,1005,,,,35,13,,0,8,,-1
11/23/2014,23,19,16,14,12,9,74,59,44,1013,1011,1009,,,,26,11,,0,8,,-1
11/24/2014,18,16,13,17,13,9,96,77,54,1013,1009,1006,6,5,3,35,10,,12.95,8,,-1
11/25/2014,19,16,12,11,9,7,70,57,44,1022,1017,1014,,,,29,21,,0,8,,-1
11/26/2014,17,14,12,12,8,6,66,57,45,1024,1022,1020,,,,27,13,,0,8,,-1
11/27/2014,19,16,12,9,7,6,71,50,41,1026,1025,1024,,,,23,16,,0,8,,-1
11/28/2014,20,14,9,11,9,8,87,67,45,1024,1022,1019,,,,24,11,,0,8,,-1
11/29/2014,25,18,11,16,12,9,87,64,43,1019,1015,1011,,,,27,11,,0,8,,-1
11/30/2014,33,24,14,18,14,8,81,48,19,1011,1007,1003,,,,27,11,,0,8,,-1
12/1/2014,27,22,17,18,15,13,82,56,34,1008,1005,1001,,,,39,21,,0.51,8,,-1
12/2/2014,23,18,13,15,13,12,86,67,44,1013,1010,1007,,,,26,11,,0,8,,-1
12/3/2014,22,18,14,17,15,13,83,76,61,1014,1012,1010,10,9,8,24,11,,0,8,,-1
12/4/2014,26,21,16,18,17,16,99,76,42,1010,1009,1007,8,6,5,27,16,,0,8,,-1
12/5/2014,20,18,17,17,15,14,88,77,65,1009,1008,1007,,,,24,18,,0,8,,-1
12/6/2014,21,18,14,16,14,12,100,74,59,1010,1008,1007,3,3,3,48,29,,0,8,,-1
12/7/2014,17,15,13,14,13,12,97,84,66,1011,1009,1007,10,10,10,32,24,,1.02,8,,-1
12/8/2014,19,17,14,14,13,12,100,78,60,1015,1010,1007,8,8,8,24,13,,0.25,8,,-1
12/9/2014,19,17,14,12,11,9,74,63,52,1016,1015,1014,,,,24,14,,0,8,,-1
12/10/2014,20,16,12,16,13,11,93,79,66,1014,1012,1010,,,,21,10,,0,8,,-1
12/11/2014,20,17,14,16,14,13,88,73,60,1020,1016,1012,,,,32,21,,0,8,,-1
12/12/2014,25,18,12,14,12,11,89,59,33,1022,1019,1017,,,,34,18,,0,,,-1
12/13/2014,30,21,12,12,10,7,84,42,14,1017,1013,1008,,,,35,16,,0,,,-1
12/14/2014,25,20,16,16,12,8,73,46,26,1010,1008,1007,,,,32,18,,0,,,-1
12/15/2014,24,19,13,14,13,12,93,69,45,1010,1007,1002,,,,24,11,,0,8,,-1
12/16/2014,28,22,16,16,13,6,87,61,16,1005,997,991,,,,40,13,,0,8,,-1
12/17/2014,21,17,12,8,7,4,66,44,25,1010,1008,1005,,,,26,19,,0,,,-1
12/18/2014,22,16,9,13,8,6,80,56,28,1013,1007,1005,,,,34,14,,8.89,8,,-1
12/19/2014,19,16,13,9,8,7,60,49,38,1020,1016,1013,,,,24,19,,0,8,,-1
12/20/2014,21,17,12,13,10,8,75,57,37,1020,1018,1016,,,,26,11,,0,8,,-1
12/21/2014,31,21,12,16,12,9,88,50,17,1017,1014,1010,,,,29,10,,0,,,-1
12/22/2014,27,21,16,18,16,13,83,70,52,1014,1011,1006,,,,24,11,,0,8,,-1
12/23/2014,24,21,17,19,16,11,93,68,47,1015,1009,1006,,,,29,16,,0,8,,-1
12/24/2014,21,17,12,12,10,8,78,54,37,1016,1015,1013,,,,24,18,,0,8,,-1
12/25/2014,22,17,11,13,11,10,87,61,36,1012,1010,1007,,,,27,11,,0,8,,-1
12/26/2014,18,14,11,12,8,7,95,57,37,1020,1015,1011,3,3,3,29,19,,1.02,8,,-1
12/27/2014,21,16,10,11,9,7,71,52,36,1021,1020,1018,,,,27,11,,0,,,-1
12/28/2014,29,20,11,16,12,7,85,53,15,1019,1012,1005,,,,26,11,,0,,,-1
12/29/2014,24,20,15,18,10,3,86,51,16,1006,1002,999,,,,42,21,,0.76,8,,-1
12/30/2014,21,17,13,11,9,7,53,48,33,1015,1009,1005,,,,34,23,,0.51,8,,-1
12/31/2014,22,18,14,12,9,7,70,51,26,1016,1014,1012,,,,24,11,,0,8,,-1
1/1/2013,22,17,13,13,12,11,88,63,45,1014,1013,1012,,,,32,14,,0,8,,-1
1/2/2013,20,16,12,13,8,7,74,47,37,1019,1017,1015,,,,29,21,,0,8,,-1
1/3/2013,36,24,12,12,9,7,72,39,10,1019,1014,1010,,,,23,10,,0,,,-1
1/4/2013,41,30,19,13,11,9,57,23,9,1010,1006,1003,,,,42,14,,0,,,-1
1/5/2013,31,24,18,16,14,11,79,51,23,1017,1012,1004,,,,26,16,,0,,,-1
1/6/2013,27,21,16,17,14,12,78,62,43,1023,1022,1021,,,,27,16,,0,8,,-1
1/7/2013,26,20,14,19,16,13,86,65,48,1021,1015,1008,,,,21,16,,0,,,-1
1/8/2013,26,21,17,18,16,10,96,70,40,1007,1002,999,8,8,8,37,14,,0,8,,-1
1/9/2013,18,15,12,9,7,6,68,47,35,1009,1005,1002,,,,32,27,,0,8,,-1
1/10/2013,24,19,14,12,9,7,57,45,34,1010,1008,1004,,,,26,16,,0,8,,-1
1/11/2013,34,24,16,15,11,3,68,45,8,1007,1004,1002,,,,35,19,,0,,,-1
1/12/2013,21,18,14,13,12,10,72,56,38,1014,1011,1008,,,,23,14,,0,8,,-1
1/13/2013,18,17,14,11,10,9,62,55,45,1017,1014,1013,,,,27,16,,0,8,,-1
1/14/2013,20,16,12,9,8,7,51,44,35,1021,1020,1018,,,,27,23,,0,8,,-1
1/15/2013,24,17,8,12,10,8,76,51,33,1019,1016,1014,,,,32,13,,0,,,-1
1/16/2013,24,18,12,13,12,8,86,58,25,1016,1015,1013,,,,26,11,,0,,,-1
1/17/2013,41,27,12,13,7,2,84,39,4,1013,1005,998,,,,23,10,,0,,,-1
1/18/2013,29,24,17,17,12,4,64,47,11,1011,1003,995,,,,34,19,,0,8,,-1
1/19/2013,21,18,14,10,9,8,60,47,36,1017,1015,1013,,,,27,16,,0,8,,-1
1/20/2013,23,17,10,14,11,9,82,58,36,1017,1015,1013,,,,24,13,,0,,,-1
1/21/2013,23,19,14,17,15,13,85,70,56,1014,1011,1008,,,,32,11,,0,8,,-1
1/22/2013,23,19,16,13,11,9,68,52,30,1015,1012,1010,,,,24,13,,0,8,,-1
1/23/2013,23,18,13,12,10,8,71,48,29,1019,1017,1015,,,,32,19,,0,8,,-1
1/24/2013,34,23,13,14,11,8,83,44,12,1015,1011,1006,,,,26,18,,0,,,-1
1/25/2013,30,24,17,16,12,8,59,40,18,1016,1009,1001,,,,37,16,,0,8,,-1
1/26/2013,19,17,14,11,9,8,54,49,45,1016,1014,1012,,,,29,19,,0,8,,-1
1/27/2013,22,18,14,15,13,11,92,64,37,1012,1011,1011,,,,27,18,,0,8,,-1
1/28/2013,23,18,12,15,12,10,87,64,47,1012,1010,1009,,,,27,13,,0,,,-1
1/29/2013,18,17,14,13,9,7,73,52,37,1014,1013,1012,,,,29,21,,0,8,,-1
1/30/2013,27,19,12,10,8,7,67,42,23,1015,1013,1011,,,,16,14,,0,8,,-1
1/31/2013,23,18,13,15,12,9,95,64,48,1012,1010,1006,,,,29,13,,20.07,8,,-1
2/1/2013,18,15,12,12,8,5,88,57,37,1016,1014,1012,,,,37,18,,0.25,8,,-1
2/2/2013,19,14,10,12,8,6,58,50,39,1018,1017,1016,,,,32,18,,0,8,,-1
2/3/2013,23,19,15,16,14,12,85,68,47,1020,1019,1017,3,3,3,34,13,,0.25,8,,-1
2/4/2013,21,18,14,12,11,9,61,52,43,1023,1022,1021,,,,29,18,,0,8,,-1
2/5/2013,26,18,11,14,13,11,94,64,29,1022,1020,1017,,,,21,11,,0,8,,-1
2/6/2013,36,26,15,17,8,-1,90,42,4,1017,1013,1007,8,7,6,27,13,,0,,,-1
2/7/2013,28,23,19,16,14,9,62,47,35,1012,1009,1008,,,,23,13,,0,,,-1
2/8/2013,27,21,15,13,12,11,77,53,27,1015,1013,1012,,,,24,11,,0,,,-1
2/9/2013,27,20,13,16,13,11,88,63,27,1015,1013,1011,,,,24,8,,0,,,-1
2/10/2013,21,18,15,16,11,7,90,56,31,1021,1019,1016,3,3,3,27,21,,0,8,,-1
2/11/2013,27,20,13,12,11,9,69,46,25,1022,1019,1016,,,,29,19,,0,,,-1
2/12/2013,27,21,14,15,13,11,76,52,34,1021,1019,1018,,,,34,21,,0,8,,-1
2/13/2013,31,22,13,14,13,12,81,50,23,1021,1019,1015,,,,27,18,,0,,,-1
2/14/2013,30,23,17,17,16,14,82,58,34,1019,1017,1016,,,,26,16,,0,8,,-1
2/15/2013,32,24,18,18,16,13,78,53,23,1021,1018,1015,,,,27,19,,0,8,,-1
2/16/2013,33,24,16,17,15,13,83,49,21,1020,1018,1016,,,,26,16,,0,,,-1
2/17/2013,32,23,15,15,13,8,83,44,15,1019,1016,1014,,,,23,11,,0,,,-1
2/18/2013,36,26,17,14,12,8,73,33,11,1014,1012,1009,,,,34,14,,0,,,-1
2/19/2013,28,23,17,17,13,9,80,56,26,1019,1014,1009,10,10,10,23,18,,0,8,,-1
2/20/2013,28,20,12,16,11,8,68,46,27,1020,1017,1014,,,,42,21,,0,8,,-1
2/21/2013,29,23,17,18,17,16,82,64,37,1018,1016,1015,,,,35,24,,0.25,,,-1
2/22/2013,31,25,19,18,16,13,84,58,24,1020,1017,1015,,,,32,14,,0,,,-1
2/23/2013,28,22,16,16,14,13,83,53,30,1017,1015,1012,,,,23,14,,0,,,-1
2/24/2013,32,23,14,16,13,8,88,53,17,1012,1010,1008,,,,19,10,,0,,,-1
2/25/2013,26,23,20,20,18,14,83,66,48,1018,1013,1011,,,,26,10,,0,,,-1
2/26/2013,26,20,17,20,18,16,95,83,59,1017,1015,1012,,,,13,11,,5.08,8,,-1
2/27/2013,27,23,18,22,18,14,95,76,55,1013,1010,1009,6,5,3,26,16,,3.05,8,,-1
2/28/2013,19,17,15,15,9,6,92,55,29,1019,1016,1013,,,,32,23,,0,8,,-1
3/1/2013,23,18,13,12,9,6,77,52,24,1023,1022,1020,,,,34,23,,0,8,,-1
3/2/2013,24,19,13,11,10,8,70,48,28,1026,1024,1021,,,,42,27,,0,,,-1
3/3/2013,27,19,11,14,12,11,80,54,28,1023,1021,1018,,,,39,21,,0,,,-1
3/4/2013,29,21,13,15,13,12,84,53,26,1021,1019,1016,,,,23,10,,0,,,-1
3/5/2013,32,24,17,13,12,11,76,46,19,1019,1017,1015,,,,21,10,,0,,,-1
3/6/2013,33,24,16,13,13,12,63,39,21,1017,1015,1013,,,,23,11,,0,,,-1
3/7/2013,33,26,19,20,15,13,78,44,22,1017,1015,1014,,,,23,6,,0,,,-1
3/8/2013,31,26,20,21,19,17,91,64,40,1020,1017,1014,,,,14,10,,0,,,-1
3/9/2013,36,28,21,16,14,12,58,33,17,1016,1014,1013,,,,32,14,,0,,,-1
3/10/2013,32,27,21,21,18,14,87,55,32,1016,1015,1014,,,,16,11,,0,,,-1
3/11/2013,35,27,19,20,17,12,90,51,16,1017,1015,1013,,,,16,10,,0,,,-1
3/12/2013,36,28,19,15,14,12,55,33,16,1015,1013,1009,,,,27,13,,0,,,-1
3/13/2013,29,25,18,18,14,12,67,44,30,1014,1009,1004,,,,35,26,,0,8,,-1
3/14/2013,21,18,15,12,11,9,67,53,36,1017,1015,1014,,,,26,19,,0,8,,-1
3/15/2013,22,17,13,13,11,10,74,55,39,1019,1017,1016,,,,23,13,,0,8,,-1
3/16/2013,18,16,14,15,12,10,91,72,57,1017,1015,1014,10,10,10,35,11,,19.05,8,,-1
3/17/2013,17,14,12,9,7,6,57,50,38,1025,1023,1020,,,,32,27,,0.25,8,,-1
3/18/2013,19,15,11,12,10,7,80,62,50,1024,1023,1023,,,,23,11,,0.25,8,,-1
3/19/2013,21,15,9,12,10,8,87,61,37,1025,1024,1022,,,,24,6,,0,,,-1
3/20/2013,28,19,9,12,11,9,90,52,21,1023,1019,1012,,,,27,10,,0,,,-1
3/21/2013,23,21,19,17,13,10,65,49,38,1011,1005,1000,,,,50,35,,2.03,,,-1
3/22/2013,19,17,14,10,9,8,60,46,35,1014,1011,1006,,,,32,24,,0,8,,-1
3/23/2013,23,18,13,11,9,8,59,47,32,1015,1014,1014,,,,24,18,,0,8,,-1
3/24/2013,24,20,15,14,11,9,61,50,29,1016,1012,1010,,,,34,21,,0,8,,-1
3/25/2013,21,17,12,12,11,10,78,58,45,1020,1018,1017,,,,16,11,,0,8,,-1
3/26/2013,30,22,13,12,11,8,79,47,17,1017,1014,1010,,,,37,11,,0,,,-1
3/27/2013,34,28,22,16,11,9,60,28,13,1012,1008,1005,,,,50,24,,7.11,,,-1
3/28/2013,19,17,14,17,11,6,97,65,35,1020,1015,1012,5,5,5,26,16,,0,8,,-1
3/29/2013,18,15,12,10,8,7,66,54,38,1022,1020,1019,,,,23,14,,0,8,,-1
3/30/2013,22,17,11,15,10,8,77,55,39,1018,1014,1011,10,10,10,24,16,,2.03,8,,-1
3/31/2013,17,16,14,16,11,9,90,68,50,1018,1014,1011,10,10,10,21,18,,1.02,8,,-1
4/1/2013,19,14,9,9,8,8,90,60,36,1019,1018,1016,,,,21,13,,0,8,,-1
4/2/2013,18,16,14,14,12,8,86,70,56,1022,1018,1016,6,5,3,23,16,,2.03,8,,-1
4/3/2013,16,14,12,8,7,6,59,52,45,1027,1025,1023,,,,24,18,,0,8,,-1
4/4/2013,19,12,4,9,7,5,88,67,39,1030,1029,1028,,,,24,6,,0,,,-1
4/5/2013,22,14,8,13,11,8,90,69,48,1030,1028,1026,,,,19,6,,0,,,-1
4/6/2013,26,17,8,13,11,8,95,63,25,1027,1024,1021,,,,13,6,,0,,,-1
4/7/2013,27,20,13,17,12,9,86,60,28,1023,1021,1020,,,,24,8,,0,,,-1
4/8/2013,19,18,16,14,14,13,81,72,60,1026,1025,1023,,,,21,11,,0,8,,-1
4/9/2013,21,16,11,16,13,11,100,79,50,1027,1025,1024,8,7,6,19,8,,0,8,,-1
4/10/2013,21,16,11,16,12,6,96,73,28,1024,1022,1021,10,9,8,11,5,,0,,,-1
4/11/2013,17,15,13,13,12,11,97,78,66,1025,1024,1021,,,,16,11,,0.25,8,,-1
4/12/2013,22,16,10,14,12,9,91,70,46,1024,1022,1018,,,,14,6,,0.25,,,-1
4/13/2013,23,19,14,14,10,8,96,43,27,1016,1012,1009,3,3,3,34,18,,0,8,,-1
4/14/2013,19,17,15,13,12,10,73,61,45,1013,1011,1009,,,,19,13,,2.03,8,,-1
4/15/2013,16,14,13,13,11,8,86,74,53,1016,1013,1010,,,,19,11,,0.51,8,,-1
4/16/2013,18,12,6,9,8,7,92,63,40,1019,1017,1016,,,,21,10,,0,8,,-1
4/17/2013,18,12,7,11,8,6,91,68,54,1018,1017,1016,,,,23,5,,0,8,,-1
4/18/2013,16,12,7,13,8,5,96,68,46,1023,1020,1017,,,,29,10,,0.51,8,,-1
4/19/2013,16,11,6,7,5,4,77,53,33,1027,1025,1024,,,,35,21,,0,,,-1
4/20/2013,17,11,4,8,6,4,99,67,39,1026,1022,1018,,,,26,13,,0,8,,-1
4/21/2013,21,11,2,8,6,1,94,60,24,1017,1011,1007,5,5,5,24,5,,0,8,,-1
4/22/2013,17,14,11,13,10,7,88,67,50,1008,1006,1004,,,,32,23,,4.06,8,,-1
4/23/2013,17,14,12,12,10,8,83,63,48,1018,1013,1008,,,,26,19,,0,8,,-1
4/24/2013,18,16,12,13,9,7,94,60,40,1021,1019,1017,,,,19,14,,0.51,8,,-1
4/25/2013,21,16,11,12,10,9,98,65,36,1021,1019,1018,,,,21,14,,0,,,-1
4/26/2013,21,18,15,12,11,9,75,55,41,1022,1021,1020,,,,19,16,,0,8,,-1
4/27/2013,24,19,13,11,9,6,65,45,22,1021,1015,1010,,,,45,24,,0,,,-1
4/28/2013,22,18,12,13,9,4,83,55,20,1020,1014,1009,,,,32,23,,0,8,,-1
4/29/2013,17,12,8,9,8,7,79,63,45,1027,1023,1020,,,,14,8,,0,,,-1
4/30/2013,17,10,4,9,6,4,91,63,33,1027,1025,1023,,,,11,3,,0,,,-1
5/1/2013,14,11,7,9,7,6,79,64,53,1026,1022,1020,,,,27,13,,1.02,8,,-1
5/2/2013,16,11,6,7,6,5,83,61,39,1028,1027,1025,,,,19,11,,0,,,-1
5/3/2013,20,12,4,5,3,2,83,36,22,1024,1019,1014,,,,40,24,,1.02,8,,-1
5/4/2013,18,15,11,8,6,4,63,49,32,1027,1023,1014,,,,32,21,,0,8,,-1
5/5/2013,14,12,10,7,6,4,70,56,45,1027,1026,1026,,,,16,11,,0,8,,-1
5/6/2013,16,9,2,7,4,1,86,60,36,1027,1025,1023,,,,14,8,,0,,,-1
5/7/2013,19,12,6,10,7,3,94,70,34,1027,1025,1024,,,,26,5,,0.25,8,,-1
5/8/2013,23,13,4,9,8,5,89,61,28,1028,1026,1025,,,,21,6,,0,,,-1
5/9/2013,26,20,14,11,10,9,59,47,28,1029,1027,1026,,,,26,18,,0,,,-1
5/10/2013,25,17,9,11,10,9,88,60,28,1030,1028,1027,,,,14,6,,0,,,-1
5/11/2013,25,17,9,9,8,6,86,49,20,1027,1024,1022,,,,29,13,,0,,,-1
5/12/2013,23,18,12,11,8,6,59,37,27,1020,1017,1015,,,,37,19,,1.02,8,,-1
5/13/2013,16,13,10,12,8,6,80,63,40,1014,1012,1010,,,,23,18,,0.25,8,,-1
5/14/2013,14,10,7,6,6,4,71,59,45,1012,1010,1009,,,,35,26,,0.51,8,,-1
5/15/2013,15,12,9,8,7,6,77,67,48,1008,1005,1002,10,10,10,42,29,,5.08,8,,-1
5/16/2013,13,12,11,10,9,8,86,76,67,1012,1007,1005,8,7,6,29,21,,8.89,8,,-1
5/17/2013,14,12,11,11,9,8,89,76,53,1017,1014,1012,,,,23,18,,3.05,8,,-1
5/18/2013,13,11,9,10,9,8,97,78,60,1018,1017,1016,,,,21,11,,1.02,8,,-1
5/19/2013,15,12,10,9,8,6,86,71,47,1019,1017,1016,,,,16,13,,0,8,,-1
5/20/2013,13,11,8,11,8,6,84,70,51,1016,1015,1014,,,,24,18,,6.1,8,,-1
5/21/2013,14,10,6,8,7,5,93,74,52,1018,1016,1016,6,6,6,11,10,,0,8,,-1
5/22/2013,13,8,2,8,6,3,100,83,57,1015,1014,1012,8,8,8,13,3,,0.25,,,-1
5/23/2013,16,11,6,9,8,6,94,79,53,1024,1020,1016,,,,29,10,,0,,,-1
5/24/2013,15,9,2,9,7,6,99,80,50,1026,1025,1024,10,5,0,11,3,,0,8,,-1
5/25/2013,17,12,8,10,9,8,86,73,54,1026,1025,1024,,,,14,11,,0,8,,-1
5/26/2013,15,13,11,10,9,8,77,69,63,1029,1027,1026,,,,21,13,,0,8,,-1
5/27/2013,14,10,6,11,9,6,100,81,53,1031,1030,1029,0,0,0,16,6,,0,8,,-1
5/28/2013,18,10,2,8,7,3,99,78,42,1029,1028,1026,5,3,0,21,6,,0,,,-1
5/29/2013,19,11,3,9,7,5,99,70,35,1026,1024,1022,6,6,5,29,8,,0.76,8,,-1
5/30/2013,16,14,12,14,12,9,93,79,64,1023,1022,1022,10,10,10,23,14,,5.08,8,,-1
5/31/2013,19,15,11,15,13,11,94,77,58,1022,1021,1018,,,,29,18,,25.91,8,,-1
6/1/2013,15,14,13,14,13,12,100,95,88,1017,1013,1011,10,7,5,14,11,,3.05,8,,-1
6/2/2013,15,12,9,11,9,7,98,73,58,1023,1018,1014,,,,26,18,,0,8,,-1
6/3/2013,13,12,10,12,9,9,94,76,66,1026,1025,1024,,,,16,11,,0.51,8,,-1
6/4/2013,14,12,11,12,11,9,98,83,62,1027,1026,1025,10,10,10,11,8,,0,8,,-1
6/5/2013,14,13,11,11,9,7,90,69,56,1024,1021,1019,,,,34,16,,0,8,,-1
6/6/2013,17,14,13,9,8,8,65,59,47,1018,1015,1013,,,,35,26,,0,8,,-1
6/7/2013,14,12,7,10,8,6,93,70,45,1027,1020,1013,8,6,3,35,24,,2.03,8,,-1
6/8/2013,15,10,4,6,5,4,89,67,37,1030,1029,1027,,,,19,11,,0,8,,-1
6/9/2013,13,9,6,6,4,3,80,65,46,1028,1025,1021,,,,21,13,,0,,,-1
6/10/2013,16,9,3,7,6,2,87,65,42,1021,1018,1016,,,,29,13,,0,8,,-1
6/11/2013,14,12,9,9,8,6,98,71,54,1018,1017,1016,10,10,10,24,18,,2.03,8,,-1
6/12/2013,13,10,8,12,11,9,100,94,87,1015,1011,1008,10,8,6,24,11,,8.89,8,,-1
6/13/2013,12,11,11,12,11,11,97,94,90,1010,1009,1008,5,4,3,24,19,,7.87,8,,-1
6/14/2013,13,12,8,11,8,4,89,74,58,1017,1013,1010,,,,26,19,,0,8,,-1
6/15/2013,13,11,8,8,7,4,85,72,60,1022,1020,1018,,,,19,11,,0.51,8,,-1
6/16/2013,13,8,4,9,7,6,100,85,58,1022,1020,1019,8,4,0,16,3,,0.51,8,,-1
6/17/2013,11,8,4,10,8,4,100,95,85,1017,1016,1014,5,2,0,16,5,,1.02,8,,-1
6/18/2013,14,11,7,9,8,6,97,83,52,1023,1019,1016,,,,21,11,,0,,,-1
6/19/2013,13,7,1,7,5,2,99,82,46,1027,1026,1024,8,7,6,16,5,,0,8,,-1
6/20/2013,13,7,-1,6,4,2,99,81,48,1027,1024,1022,2,2,2,11,3,,0,,,-1
6/21/2013,14,7,-1,4,2,0,100,77,29,1022,1021,1020,5,5,5,13,3,,0,,,-1
6/22/2013,13,6,-2,7,3,-1,99,81,55,1028,1025,1023,5,5,5,13,3,,0.25,,,-1
6/23/2013,14,6,-2,5,3,-1,99,78,42,1032,1030,1029,6,4,2,19,5,,0.25,,,-1
6/24/2013,13,7,-1,9,5,1,100,88,65,1030,1028,1027,10,7,6,21,8,,0,,,-1
6/25/2013,15,10,5,8,7,7,98,76,46,1027,1025,1023,,,,34,14,,0,,,-1
6/26/2013,15,8,0,7,4,1,100,81,45,1024,1023,1021,3,2,2,11,5,,0.25,,,-1
6/27/2013,17,9,0,8,5,1,98,73,33,1023,1022,1020,10,10,10,21,5,,0,,,-1
6/28/2013,14,9,3,8,7,4,100,82,53,1025,1024,1023,6,6,6,10,3,,0,,,-1
6/29/2013,12,9,6,9,8,6,100,94,84,1028,1027,1025,6,5,0,11,5,,0,8,,-1
6/30/2013,17,11,5,11,8,6,100,79,53,1028,1026,1024,5,4,3,14,11,,0.25,8,,-1
7/1/2013,17,14,12,13,10,8,97,73,51,1024,1022,1021,3,3,3,26,16,,0.76,8,,-1
7/2/2013,18,14,11,10,8,6,75,59,39,1022,1021,1020,,,,27,19,,0,,,-1
7/3/2013,16,12,9,7,7,6,76,59,43,1022,1019,1014,,,,35,24,,0,,,-1
7/4/2013,16,13,11,6,4,4,51,46,37,1012,1006,1000,,,,48,39,,0.51,,,-1
7/5/2013,13,11,8,7,4,2,61,48,36,1012,1006,999,,,,29,26,,0,,,-1
7/6/2013,14,12,9,8,6,3,81,61,35,1020,1015,1012,,,,29,24,,1.02,,,-1
7/7/2013,13,10,6,8,6,5,87,76,54,1027,1024,1021,6,6,6,21,13,,4.06,8,,-1
7/8/2013,13,7,2,6,4,2,96,79,49,1035,1032,1028,,,,14,10,,0,,,-1
7/9/2013,12,6,1,7,4,3,100,86,61,1037,1035,1033,6,6,6,11,8,,0.25,,,-1
7/10/2013,14,6,-2,4,3,1,100,77,37,1033,1032,1030,6,3,0,14,5,,0,,,-1
7/11/2013,16,8,0,7,4,1,100,82,47,1034,1031,1030,6,6,6,14,3,,0,,,-1
7/12/2013,17,9,1,8,6,2,99,77,42,1030,1028,1026,5,5,5,14,8,,0,,,-1
7/13/2013,14,11,7,12,9,7,95,84,58,1027,1025,1022,6,6,6,13,6,,7.11,8,,-1
7/14/2013,16,14,12,12,12,11,93,81,67,1021,1018,1015,,,,61,24,,4.06,8,,-1
7/15/2013,17,14,12,12,11,9,89,73,56,1021,1019,1016,,,,23,18,,0,8,,-1
7/16/2013,16,12,7,12,10,8,100,75,52,1023,1022,1021,,,,29,16,,0,,,-1
7/17/2013,17,12,8,11,9,8,100,79,53,1021,1019,1016,6,6,6,16,11,,0,,,-1
7/18/2013,22,16,9,12,11,8,87,64,39,1015,1009,1004,,,,42,23,,5.08,,,-1
7/19/2013,16,14,11,12,11,9,93,67,53,1005,1002,1001,,,,45,34,,12.95,8,,-1
7/20/2013,9,8,6,8,6,5,92,84,69,1007,1004,1002,6,6,6,13,11,,8.89,8,,-1
7/21/2013,9,8,6,4,4,3,83,74,61,1013,1010,1007,,,,32,19,,0,,,-1
7/22/2013,13,10,7,7,5,3,85,68,42,1018,1015,1013,6,6,6,29,23,,2.03,8,,-1
7/23/2013,12,11,9,9,7,6,96,74,58,1029,1024,1019,5,5,5,23,16,,0,8,,-1
7/24/2013,13,11,10,7,6,5,65,59,51,1032,1031,1030,,,,14,13,,0,8,,-1
7/25/2013,12,8,3,6,4,3,83,67,52,1029,1027,1024,,,,29,14,,0,,,-1
7/26/2013,14,12,9,8,7,5,73,64,55,1026,1025,1024,,,,29,26,,0,8,,-1
7/27/2013,15,11,7,7,6,4,78,61,43,1027,1025,1023,,,,27,18,,0,,,-1
7/28/2013,18,14,12,9,6,3,70,44,34,1022,1019,1014,,,,37,26,,7.87,8,,-1
7/29/2013,18,14,12,11,9,6,86,66,43,1018,1016,1014,,,,27,21,,0,,,-1
7/30/2013,13,11,6,9,7,5,96,74,52,1024,1021,1018,,,,19,10,,0,8,,-1
7/31/2013,13,7,1,6,4,2,95,71,47,1026,1024,1023,,,,16,5,,0,,,-1
8/1/2013,13,10,7,6,4,2,82,63,37,1023,1021,1019,,,,23,11,,0,,,-1
8/2/2013,12,10,7,6,3,2,63,54,42,1018,1012,1008,,,,39,24,,3.05,,,-1
8/3/2013,12,9,6,7,5,3,82,65,57,1013,1010,1006,,,,45,23,,13.97,,,-1
8/4/2013,13,10,8,9,7,5,84,70,55,1013,1011,1009,,,,23,18,,1.02,,,-1
8/5/2013,14,12,10,9,8,7,70,64,51,1012,1010,1006,,,,37,24,,0.76,8,,-1
8/6/2013,14,12,10,9,7,6,70,62,47,1012,1007,1002,,,,45,27,,0.25,,,-1
8/7/2013,13,9,6,7,6,4,90,71,47,1012,1010,1008,,,,21,14,,13.97,8,,-1
8/8/2013,12,10,7,8,7,5,95,75,54,1018,1015,1011,5,5,5,19,13,,0,8,,-1
8/9/2013,12,9,7,7,6,4,80,69,56,1015,1012,1009,10,10,10,42,29,,2.03,8,,-1
8/10/2013,16,12,8,7,7,6,78,59,40,1017,1014,1012,,,,26,19,,0,8,,-1
8/11/2013,16,12,8,8,7,6,75,61,50,1016,1012,1007,,,,40,21,,0,8,,-1
8/12/2013,13,12,9,8,6,3,68,59,48,1006,1003,999,,,,34,26,,0,8,,-1
8/13/2013,16,12,9,7,6,5,70,53,38,1008,1007,1006,,,,37,31,,0,8,,-1
8/14/2013,10,10,9,6,4,4,66,62,58,1013,1009,1005,,,,26,23,,0.51,8,,-1
8/15/2013,16,12,8,7,6,4,71,57,45,1019,1017,1015,,,,21,14,,0,8,,-1
8/16/2013,18,14,10,7,4,2,59,40,23,1018,1006,1001,,,,53,34,,0.51,8,,-1
8/17/2013,14,11,8,7,6,4,70,53,37,1008,1005,1001,,,,45,34,,0.25,8,,-1
8/18/2013,17,13,9,8,6,3,65,53,44,1008,1004,1001,,,,42,34,,0,8,,-1
8/19/2013,11,9,7,4,2,1,68,53,44,1013,1009,1007,,,,32,26,,0.51,8,,-1
8/20/2013,11,8,6,6,4,3,77,67,56,1016,1015,1014,,,,26,21,,0.51,8,,-1
8/21/2013,13,10,7,6,4,3,76,61,39,1016,1014,1010,,,,29,16,,1.02,8,,-1
8/22/2013,14,12,9,8,6,4,74,62,41,1009,1007,1006,,,,26,23,,4.06,8,,-1
8/23/2013,13,12,11,11,9,7,95,78,67,1016,1009,1006,,,,23,19,,1.02,8,,-1
8/24/2013,14,12,11,10,9,8,93,78,62,1023,1021,1018,,,,19,14,,0.25,8,,-1
8/25/2013,16,13,12,9,8,7,74,62,44,1023,1023,1022,,,,24,18,,0,8,,-1
8/26/2013,15,13,12,10,8,8,78,65,53,1024,1023,1022,,,,16,10,,0,8,,-1
8/27/2013,19,14,9,11,9,8,89,65,43,1023,1019,1016,,,,27,13,,0,,,-1
8/28/2013,22,16,9,12,11,9,92,71,34,1020,1017,1015,,,,21,10,,0,,,-1
8/29/2013,22,16,11,10,9,8,91,58,33,1015,1009,1004,,,,27,14,,4.06,8,,-1
8/30/2013,16,16,14,12,11,9,87,65,55,1015,1009,1004,,,,24,23,,2.03,8,,-1
8/31/2013,22,15,8,11,9,8,98,65,30,1021,1018,1016,,,,24,13,,0,,,-1
9/1/2013,21,18,15,11,8,6,50,42,35,1023,1022,1020,,,,32,24,,0,,,-1
9/2/2013,18,14,11,13,11,9,75,63,46,1031,1029,1024,10,10,10,24,16,,0,,,-1
9/3/2013,20,14,9,14,12,8,96,85,62,1032,1030,1028,10,6,2,14,5,,0,,,-1
9/4/2013,24,17,9,12,11,10,96,58,32,1027,1024,1021,10,8,6,40,18,,0,,,-1
9/5/2013,22,18,14,13,12,11,96,67,36,1027,1024,1020,,,,37,23,,2.03,8,,-1
9/6/2013,14,12,9,12,9,7,99,76,52,1027,1026,1024,,,,16,10,,0,8,,-1
9/7/2013,14,12,10,11,8,7,81,72,55,1027,1025,1023,,,,16,11,,0,8,,-1
9/8/2013,14,10,6,8,7,6,93,67,48,1028,1026,1023,,,,14,8,,0,8,,-1
9/9/2013,23,17,10,9,6,2,61,35,24,1020,1009,999,,,,39,24,,0,8,,-1
9/10/2013,17,14,11,9,7,4,75,56,38,1008,1006,1001,,,,24,21,,0.25,8,,-1
9/11/2013,14,12,10,7,6,4,64,56,49,1014,1010,1008,,,,26,21,,0,8,,-1
9/12/2013,13,10,7,7,4,1,73,55,36,1020,1017,1015,,,,23,16,,0,8,,-1
9/13/2013,15,8,1,4,2,-1,81,49,24,1020,1016,1015,,,,19,14,,0,8,,-1
9/14/2013,16,12,9,8,6,4,71,56,38,1015,1014,1013,,,,14,5,,0,8,,-1
9/15/2013,21,14,8,9,8,7,86,57,34,1016,1014,1013,,,,21,6,,0,8,,-1
9/16/2013,16,13,11,13,11,9,100,82,65,1012,1008,1004,6,6,5,14,11,,19.05,8,,-1
9/17/2013,16,13,11,13,12,12,100,86,67,1003,1002,1001,8,7,6,14,11,,0,8,,-1
9/18/2013,18,14,11,13,11,8,99,76,43,1001,999,995,10,9,8,27,13,,9.91,8,,-1
9/19/2013,14,12,10,9,8,7,90,66,49,1006,1004,1001,6,6,6,32,24,,1.02,8,,-1
9/20/2013,13,12,11,9,8,6,77,69,55,1015,1008,1004,,,,23,18,,0.25,8,,-1
9/21/2013,17,11,6,9,7,6,89,68,41,1016,1014,1011,,,,19,11,,0.51,,,-1
9/22/2013,18,14,11,11,9,9,84,72,46,1012,1011,1010,,,,19,13,,1.02,8,,-1
9/23/2013,23,14,6,11,9,7,100,59,30,1010,1005,999,6,6,6,32,13,,0,,,-1
9/24/2013,23,17,11,12,8,3,63,43,26,1004,1002,999,,,,26,19,,0,,,-1
9/25/2013,22,19,15,11,10,9,60,49,33,1006,1004,1001,8,8,8,26,19,,17.02,8,,-1
9/26/2013,14,12,11,12,8,4,96,68,45,1017,1007,999,5,3,2,40,21,,0.76,8,,-1
9/27/2013,19,13,7,7,5,3,65,47,34,1018,1014,1009,,,,39,23,,2.03,,,-1
9/28/2013,14,10,6,8,6,4,97,63,45,1016,1011,1007,,,,37,18,,0,8,,-1
9/29/2013,20,13,7,9,7,4,76,55,39,1015,1013,1010,,,,37,19,,0,,,-1
9/30/2013,22,19,15,11,7,4,48,34,24,1008,1004,1000,,,,53,31,,1.02,8,,-1
10/1/2013,22,17,11,13,8,4,68,55,38,1012,1003,995,,,,47,34,,1.02,8,,-1
10/2/2013,16,13,9,8,6,3,66,54,44,1011,1005,1000,,,,47,31,,4.06,8,,-1
10/3/2013,13,11,9,7,6,5,81,64,51,1024,1017,1010,5,5,5,24,18,,1.02,8,,-1
10/4/2013,19,12,6,8,6,4,80,55,37,1024,1020,1017,,,,27,14,,0,,,-1
10/5/2013,24,19,14,12,8,6,77,50,26,1015,1010,1006,8,8,8,45,26,,0,8,,-1
10/6/2013,16,14,11,11,9,7,84,72,46,1013,1010,1008,,,,21,10,,2.03,8,,-1
10/7/2013,14,11,8,8,7,5,87,62,43,1015,1014,1013,,,,16,8,,0,8,,-1
10/8/2013,19,16,11,10,9,8,84,64,43,1019,1016,1014,,,,16,10,,0,8,,-1
10/9/2013,26,17,10,9,8,8,77,47,23,1017,1011,1005,,,,53,21,,0,,,-1
10/10/2013,26,20,12,13,9,3,87,63,15,1012,1005,1001,6,6,6,32,21,,3.05,8,,-1
10/11/2013,18,14,9,8,7,6,76,57,37,1015,1014,1013,,,,24,14,,0,,,-1
10/12/2013,24,17,10,8,7,6,68,44,20,1014,1010,1004,,,,37,18,,0,,,-1
10/13/2013,16,13,9,12,8,4,92,70,46,1013,1004,1001,,,,37,16,,5.08,8,,-1
10/14/2013,13,10,8,8,6,4,78,67,55,1021,1018,1014,5,5,5,26,21,,4.06,8,,-1
10/15/2013,18,13,9,7,6,6,68,51,33,1022,1019,1016,,,,23,16,,0,8,,-1
10/16/2013,26,19,12,5,2,-2,46,25,9,1014,1006,996,,,,50,31,,0,,,-1
10/17/2013,15,13,11,12,6,3,80,56,46,1020,1007,999,10,10,10,34,26,,0.51,8,,-1
10/18/2013,21,13,6,5,3,2,61,44,20,1023,1022,1021,,,,40,19,,0,,,-1
10/19/2013,26,19,11,3,2,0,34,23,10,1023,1020,1017,,,,37,21,,0,,,-1
10/20/2013,30,21,13,11,6,4,55,26,11,1016,1012,1009,,,,40,19,,0,,,-1
10/21/2013,16,14,12,13,12,10,85,79,71,1016,1014,1011,6,6,6,21,13,,0.25,8,,-1
10/22/2013,14,13,11,14,11,9,100,84,76,1015,1011,1003,10,10,10,19,13,,18.03,8,,-1
10/23/2013,15,13,12,14,12,7,100,82,55,1012,1007,1001,10,6,3,29,14,,3.05,8,,-1
10/24/2013,12,10,7,8,5,3,83,62,46,1023,1018,1013,10,7,5,29,26,,3.05,8,,-1
10/25/2013,14,11,7,7,6,4,72,58,40,1024,1023,1022,,,,23,18,,0,8,,-1
10/26/2013,15,12,10,10,8,7,75,66,52,1025,1024,1023,,,,21,18,,0.25,8,,-1
10/27/2013,15,13,11,9,9,7,81,69,54,1025,1024,1022,,,,21,14,,0,8,,-1
10/28/2013,17,13,9,12,9,7,87,75,61,1022,1016,1012,,,,19,10,,1.02,8,,-1
10/29/2013,15,13,11,11,7,4,83,61,49,1021,1017,1014,,,,26,21,,0,8,,-1
10/30/2013,16,14,12,9,8,8,71,62,46,1023,1022,1021,,,,19,14,,0,8,,-1
10/31/2013,16,13,10,10,8,7,83,63,49,1025,1024,1022,,,,26,14,,0,8,,-1
11/1/2013,20,13,6,13,8,6,92,69,50,1024,1021,1018,,,,14,6,,0,,,-1
11/2/2013,23,17,9,13,11,8,96,64,35,1018,1015,1013,,,,16,10,,0,,,-1
11/3/2013,16,13,11,12,7,4,75,55,41,1025,1019,1014,,,,40,26,,0.51,8,,-1
11/4/2013,16,12,9,7,5,3,57,51,42,1030,1028,1026,,,,27,24,,0,8,,-1
11/5/2013,22,14,7,11,8,6,83,53,37,1030,1026,1022,,,,21,8,,0,,,-1
11/6/2013,29,18,7,11,6,3,90,36,11,1021,1015,1011,,,,34,13,,0,,,-1
11/7/2013,24,20,15,14,9,3,75,47,17,1014,1011,1008,,,,27,21,,0,,,-1
11/8/2013,16,15,13,14,12,11,89,82,73,1014,1008,1006,10,10,10,27,16,,3.05,8,,-1
11/9/2013,15,13,11,10,8,5,91,67,47,1020,1015,1011,,,,34,26,,0,8,,-1
11/10/2013,15,11,7,9,7,6,88,64,43,1023,1022,1021,,,,29,16,,0,8,,-1
11/11/2013,18,13,9,9,8,6,74,60,43,1024,1023,1023,,,,45,26,,0.51,8,,-1
11/12/2013,15,13,11,12,10,8,87,74,63,1022,1017,1015,,,,37,27,,7.87,8,,-1
11/13/2013,13,12,11,12,11,9,95,88,82,1014,1013,1012,8,7,6,26,21,,0,8,,-1
11/14/2013,14,13,12,12,10,8,95,75,58,1019,1017,1014,8,6,5,26,23,,0,8,,-1
11/15/2013,17,13,11,11,9,8,73,64,52,1021,1020,1019,,,,27,16,,0,8,,-1
11/16/2013,17,12,7,12,9,7,96,72,55,1021,1019,1017,,,,26,14,,0,8,,-1
11/17/2013,20,13,7,12,9,7,92,68,51,1020,1018,1017,,,,26,16,,0,,,-1
11/18/2013,24,16,8,13,9,8,97,63,25,1018,1014,1010,5,5,5,16,6,,0,8,,-1
11/19/2013,28,19,11,13,11,9,76,52,22,1012,1009,1007,,,,34,14,,0,,,-1
11/20/2013,18,16,13,13,11,9,83,69,53,1013,1011,1009,,,,26,21,,0,8,,-1
11/21/2013,20,16,12,14,13,12,95,76,54,1009,1008,1007,10,10,10,26,14,,0,8,,-1
11/22/2013,20,17,13,12,11,9,84,70,42,1009,1008,1007,,,,24,14,,0,8,,-1
11/23/2013,17,14,12,13,12,11,90,78,66,1008,1007,1006,,,,27,14,,0.51,8,,-1
11/24/2013,18,16,12,13,11,8,91,72,57,1013,1010,1009,6,6,5,32,23,,0.51,8,,-1
11/25/2013,20,16,12,11,10,8,77,59,42,1015,1014,1012,,,,34,23,,0,8,,-1
11/26/2013,27,17,7,13,9,6,91,53,21,1015,1014,1013,,,,19,11,,0,,,-1
11/27/2013,32,21,11,13,11,9,90,48,16,1014,1012,1007,,,,21,8,,0,,,-1
11/28/2013,26,21,14,15,11,4,83,54,15,1009,1005,1002,6,6,6,29,19,,9.91,8,,-1
11/29/2013,16,14,13,11,8,6,77,59,39,1019,1014,1009,,,,32,27,,0,8,,-1
11/30/2013,18,14,11,9,8,8,76,59,44,1022,1021,1019,,,,26,16,,0,8,,-1
12/1/2013,29,18,7,9,8,6,92,48,15,1022,1019,1015,,,,27,13,,0,,,-1
12/2/2013,34,24,15,16,11,7,67,36,11,1015,1013,1010,,,,34,19,,0,,,-1
12/3/2013,22,19,16,16,14,14,83,70,52,1013,1009,1006,,,,23,11,,0,,,-1
12/4/2013,21,17,14,17,14,8,95,78,50,1008,1002,1000,8,5,3,27,18,,21.08,8,,-1
12/5/2013,13,12,11,8,7,5,75,60,46,1010,1003,1001,5,5,5,39,21,,7.87,8,,-1
12/6/2013,17,13,9,8,7,6,71,57,42,1020,1016,1012,,,,23,18,,0.51,8,,-1
12/7/2013,24,17,9,9,8,7,81,51,22,1021,1019,1016,,,,21,8,,0,,,-1
12/8/2013,27,19,12,13,10,8,77,43,21,1016,1010,1006,,,,37,16,,0,,,-1
12/9/2013,18,17,14,16,14,13,97,88,73,1008,1004,1002,8,8,8,19,8,,10.92,8,,-1
12/10/2013,19,16,12,10,7,6,66,47,36,1008,1006,1003,,,,27,21,,0,8,,-1
12/11/2013,18,16,13,13,9,7,70,56,46,1012,1009,1007,,,,27,21,,4.06,8,,-1
12/12/2013,20,15,10,12,9,7,77,57,38,1013,1012,1011,,,,19,8,,0,8,,-1
12/13/2013,22,18,15,13,12,11,74,65,46,1016,1014,1012,,,,27,13,,0,8,,-1
12/14/2013,17,16,13,8,7,5,57,47,39,1021,1020,1018,,,,27,19,,0,8,,-1
12/15/2013,18,14,11,12,10,7,70,63,53,1022,1021,1020,,,,23,13,,0,8,,-1
12/16/2013,20,17,13,13,11,10,74,67,54,1022,1021,1020,,,,23,13,,0,8,,-1
12/17/2013,19,16,12,14,12,11,82,72,60,1022,1021,1021,,,,26,13,,0,8,,-1
12/18/2013,27,20,12,18,14,11,88,72,47,1023,1020,1017,,,,21,13,,0,8,,-1
12/19/2013,37,26,14,16,14,11,93,47,13,1017,1013,1010,,,,26,13,,0,,,-1
12/20/2013,23,21,17,17,13,9,77,58,39,1019,1013,1010,,,,35,10,,0,,,-1
12/21/2013,22,18,14,16,13,11,76,67,56,1019,1015,1012,,,,26,19,,0,8,,-1
12/22/2013,28,22,17,18,17,15,89,74,42,1009,1007,1004,,,,23,11,,2.03,,,-1
12/23/2013,17,16,14,16,12,9,91,71,53,1017,1012,1008,10,10,10,27,14,,0.25,8,,-1
12/24/2013,19,17,13,11,9,7,59,51,43,1021,1019,1017,,,,16,13,,0,8,,-1
12/25/2013,31,20,9,12,9,7,87,47,15,1017,1013,1009,,,,19,6,,0,,,-1
12/26/2013,27,21,16,16,12,9,73,50,28,1013,1010,1009,,,,32,11,,0,,,-1
12/27/2013,20,18,16,13,13,12,74,65,53,1015,1013,1011,,,,23,18,,0,8,,-1
12/28/2013,35,23,12,13,11,6,89,56,9,1011,1006,999,,,,42,18,,0,8,,-1
12/29/2013,19,17,14,10,7,5,52,45,39,1018,1016,1013,,,,34,26,,0,8,,-1
12/30/2013,19,13,8,10,7,5,74,51,32,1017,1016,1014,,,,24,11,,0,,,-1
12/31/2013,22,17,11,12,9,4,76,51,22,1017,1015,1013,,,,19,10,,0,8,,-1
12/5/2012,16,13,11,8,6,5,66,50,39,1017,1012,1006,,,,35,29,,0.25,8,,-1
12/6/2012,19,16,12,11,10,9,76,63,46,1021,1020,1017,,,,19,16,,0,8,,-1
12/7/2012,29,19,10,12,11,8,91,52,17,1021,1018,1015,,,,14,8,,0,,,-1
12/8/2012,31,25,17,12,9,6,57,34,12,1015,1013,1010,,,,42,19,,0,,,-1
12/9/2012,19,17,14,10,8,6,58,48,36,1027,1022,1017,,,,32,26,,0,8,,-1
12/10/2012,21,14,8,12,9,7,85,59,43,1027,1026,1025,8,8,8,35,16,,0,,,-1
12/11/2012,26,18,10,11,9,9,82,50,26,1026,1024,1022,,,,29,21,,0,,,-1
12/12/2012,33,22,11,16,11,8,87,47,13,1023,1020,1016,,,,23,13,,0,,,-1
12/13/2012,34,26,17,17,13,11,82,45,14,1016,1014,1011,10,10,10,39,16,,2.03,8,,-1
12/14/2012,21,19,18,21,18,17,99,93,87,1015,1012,1007,8,5,2,13,8,,6.1,8,,-1
12/15/2012,22,20,17,19,16,13,93,73,58,1005,1003,1002,,,,29,19,,0,8,,-1
12/16/2012,19,17,14,13,11,9,81,60,41,1011,1006,1001,,,,24,14,,0,8,,-1
12/17/2012,19,15,11,8,7,4,65,45,27,1014,1012,1011,,,,23,11,,0,8,,-1
12/18/2012,26,18,9,12,9,7,81,49,27,1012,1010,1008,,,,19,11,,0,,,-1
12/19/2012,28,22,16,16,13,10,83,50,28,1008,1004,999,,,,27,13,,0.25,8,,-1
12/20/2012,21,18,14,17,12,9,95,63,43,1017,1011,1004,8,8,8,29,14,,0,8,,-1
12/21/2012,19,16,12,11,9,8,66,51,40,1019,1017,1016,,,,29,13,,0,8,,-1
12/22/2012,26,18,9,15,11,8,85,59,32,1017,1014,1011,,,,24,10,,0,,,-1
12/23/2012,37,24,12,16,11,1,97,46,5,1012,1008,1005,10,10,10,27,10,,0,,,-1
12/24/2012,29,24,16,16,12,7,62,42,15,1015,1007,1001,,,,42,27,,0,,,-1
12/25/2012,20,15,10,9,9,8,76,53,38,1020,1019,1017,,,,32,19,,0,8,,-1
12/26/2012,22,16,9,13,9,7,78,57,36,1021,1018,1015,,,,32,14,,0,,,-1
12/27/2012,29,21,13,15,11,8,87,56,18,1014,1012,1008,,,,39,18,,0,,,-1
12/28/2012,18,16,14,13,11,8,82,61,47,1020,1016,1013,,,,32,23,,0,8,,-1
12/29/2012,21,17,13,12,11,9,63,56,46,1022,1020,1019,,,,29,19,,0,8,,-1
12/30/2012,20,16,11,11,9,8,71,52,41,1023,1021,1019,,,,32,18,,0,8,,-1
12/31/2012,21,16,10,13,11,8,80,60,36,1020,1017,1014,,,,21,8,,0,8,,-1
