JST,Max TemperatureC,Mean TemperatureC,Min TemperatureC,Dew PointC,MeanDew PointC,Min DewpointC,Max Humidity, Mean Humidity, Min Humidity, Max Sea Level PressurehPa, Mean Sea Level PressurehPa, Min Sea Level PressurehPa, Max VisibilityKm, Mean VisibilityKm, Min VisibilitykM, Max Wind SpeedKm/h, Mean Wind SpeedKm/h, Max Gust SpeedKm/h,Precipitationmm, CloudCover, Events,WindDirDegrees
1/1/2015,6,4,1,3,-8,-12,62,29,21,1009,1003,995,31,23,19,23,14,,0,,,-1
1/2/2015,8,3,-2,-4,-10,-14,51,28,10,1013,1010,1008,31,25,19,14,10,,0,,,-1
1/3/2015,9,4,-1,-6,-8,-13,51,30,11,1017,1015,1010,31,31,31,19,11,,0,,,-1
1/4/2015,9,4,-1,-3,-6,-7,51,38,22,1017,1013,1011,31,31,31,10,6,,0,,,-1
1/5/2015,13,7,1,2,-2,-5,63,45,19,1020,1017,1014,31,28,26,13,6,,0,,,-1
1/6/2015,16,11,6,13,4,-5,96,56,29,1017,1004,994,26,17,6,27,16,,7.11,8,Rain,-1
1/7/2015,10,7,3,-6,-9,-11,30,23,14,1007,1003,999,31,27,19,24,18,,0,,,-1
1/8/2015,11,7,2,-7,-9,-11,30,20,11,1010,1009,1007,31,31,31,26,14,,0,,,-1
1/9/2015,11,7,3,-8,-9,-12,25,18,12,1013,1011,1009,31,31,31,27,16,,0,,,-1
1/10/2015,11,7,2,-7,-10,-13,30,19,8,1014,1012,1010,31,31,31,26,11,,0,,,-1
1/11/2015,11,6,0,-1,-4,-8,54,33,19,1015,1012,1008,31,29,26,16,10,,0,,,-1
1/12/2015,9,6,2,-5,-8,-11,41,27,15,1024,1019,1013,31,31,31,34,16,,0,,,-1
1/13/2015,12,7,2,-6,-7,-9,34,25,14,1030,1028,1024,31,31,31,24,14,,0,,,-1
1/14/2015,11,6,1,2,-3,-6,51,38,22,1030,1027,1023,31,24,14,11,6,,0,,,-1
1/15/2015,7,5,3,4,1,-3,96,67,35,1022,1013,1004,14,10,3,26,10,,35.05,8,Rain,-1
1/16/2015,13,9,4,5,-1,-6,78,43,15,1015,1012,1008,31,25,14,16,10,,0,,Rain,-1
1/17/2015,11,7,2,4,-2,-11,91,49,19,1016,1007,1003,31,19,14,32,13,,0,,Rain,-1
1/18/2015,11,5,-1,-7,-9,-12,43,24,10,1019,1017,1016,31,31,31,19,13,,0,,,-1
1/19/2015,12,6,-1,-3,-6,-9,48,31,15,1016,1012,1008,31,27,19,16,8,,0,,,-1
1/20/2015,11,7,3,-3,-6,-9,47,30,16,1028,1022,1016,31,24,19,19,13,,0,,,-1
1/21/2015,3,2,2,2,-3,-8,94,59,28,1031,1028,1023,31,12,3,16,10,,4.06,8,Rain-Snow,-1
1/22/2015,6,4,3,4,3,1,96,87,72,1022,1013,1002,8,6,3,19,8,,7.87,8,Rain,-1
1/23/2015,13,9,4,7,-1,-8,97,57,21,1016,1007,1000,31,21,6,27,11,,0,8,Rain,-1
1/24/2015,8,6,3,-3,-6,-8,53,33,25,1024,1021,1016,31,25,19,24,13,,0,,,-1
1/25/2015,12,7,1,3,-1,-4,63,48,31,1029,1027,1024,31,21,14,16,8,,0,,,-1
1/26/2015,13,9,6,8,4,2,85,65,44,1028,1023,1017,14,10,6,11,8,,4.06,8,Rain,-1
1/27/2015,16,11,6,7,4,-2,95,63,30,1016,1010,1006,14,9,3,16,10,,0,8,Rain,-1
1/28/2015,9,6,2,1,-7,-13,72,31,11,1024,1017,1011,31,24,14,24,13,,0,8,Snow,-1
1/29/2015,8,3,-1,-2,-8,-13,45,29,11,1029,1026,1024,31,25,19,16,11,,0,,,-1
1/30/2015,4,2,0,2,0,-4,94,83,43,1025,1017,1008,19,6,2,16,10,,10.92,8,Rain-Snow,-1
1/31/2015,10,6,1,2,-4,-12,95,45,10,1016,1012,1007,31,25,19,32,13,,0,,,-1
2/1/2015,8,4,1,-9,-11,-13,29,20,12,1022,1019,1016,31,31,31,32,21,,0,,,-1
2/2/2015,9,5,1,-7,-10,-12,38,21,14,1023,1022,1020,31,31,31,32,16,,0,,,-1
2/3/2015,10,5,0,-6,-7,-8,41,29,18,1024,1022,1021,31,31,31,16,10,,0,,,-1
2/4/2015,9,6,1,-2,-5,-8,50,37,18,1022,1020,1018,31,26,19,14,6,,0,,,-1
2/5/2015,2,2,1,2,1,-2,95,80,48,1019,1014,1011,19,8,3,14,10,,8.89,8,Rain-Snow,-1
2/6/2015,12,6,-1,1,-3,-8,93,53,15,1022,1016,1012,31,15,6,16,10,,0,,,-1
2/7/2015,9,6,1,4,-3,-8,88,48,22,1025,1023,1020,31,22,6,16,8,,2.03,8,Rain,-1
2/8/2015,7,4,2,3,2,1,97,82,60,1019,1011,1005,31,13,3,14,6,,6.1,8,Rain,-1
2/9/2015,4,2,1,2,-8,-12,95,39,18,1013,1010,1006,31,27,19,24,13,,0,,,-1
2/10/2015,8,2,-3,-3,-7,-11,51,36,15,1013,1011,1010,31,31,31,14,8,,0,,,-1
2/11/2015,11,6,0,2,-3,-8,63,41,21,1015,1012,1010,31,26,19,13,8,,0,,,-1
2/12/2015,13,7,1,3,-2,-4,79,44,21,1010,1005,1001,19,12,10,13,6,,0,,,-1
2/13/2015,12,7,2,3,-7,-17,87,39,5,1009,1003,1001,31,22,10,24,11,,0,,,-1
2/14/2015,11,4,-2,-9,-13,-16,26,16,6,1014,1012,1009,31,31,31,26,13,,0,,,-1
2/15/2015,12,6,0,-2,-7,-13,47,28,13,1015,1013,1010,31,24,19,27,14,,0,,,-1
2/16/2015,13,7,1,-2,-9,-12,42,20,9,1016,1014,1011,31,20,0,21,13,,0,,,-1
2/17/2015,5,3,1,3,-1,-4,93,67,38,1015,1014,1011,31,13,2,13,8,,3.05,8,Rain-Snow,-1
2/18/2015,4,3,2,3,2,2,94,92,88,1011,1009,1006,19,9,5,19,13,,7.87,8,Rain,-1
2/19/2015,13,7,1,2,1,-2,92,64,26,1016,1011,1009,31,22,14,14,8,,0,,,-1
2/20/2015,12,7,2,2,0,-2,84,57,28,1026,1021,1016,31,25,14,14,8,,0,,Rain,-1
2/21/2015,10,6,2,1,-1,-4,82,51,25,1029,1028,1026,19,17,14,16,6,,0,,,-1
2/22/2015,8,6,4,6,2,-1,92,68,51,1028,1024,1016,19,10,6,11,6,,6.1,8,Rain,-1
2/23/2015,19,12,6,11,8,6,98,80,51,1016,1011,1006,14,9,2,19,8,,2.03,8,Rain,-1
2/24/2015,12,10,7,7,6,2,89,67,47,1015,1013,1011,14,10,5,13,6,,0,8,Rain,-1
2/25/2015,13,10,7,2,1,-1,59,47,35,1022,1019,1015,19,13,10,19,10,,0,8,Rain,-1
2/26/2015,7,7,6,6,4,2,95,79,56,1023,1018,1008,14,9,5,14,10,,14.99,8,Rain,-1
2/27/2015,15,9,3,5,-2,-8,99,49,13,1017,1009,1005,19,19,19,27,10,,0,,,-1
2/28/2015,13,8,3,0,-7,-13,44,24,9,1028,1024,1017,31,21,19,23,14,,0,,,-1
3/1/2015,9,7,5,6,3,1,97,72,47,1026,1014,998,19,11,3,26,11,,28.96,8,Rain,-1
3/2/2015,14,10,6,3,-5,-9,54,26,11,1019,1010,1000,31,25,19,24,16,,0,,,-1
3/3/2015,7,6,3,2,-2,-6,73,47,29,1023,1020,1015,19,16,14,11,8,,7.87,8,Rain,-1
3/4/2015,17,10,3,8,4,-3,95,64,25,1014,1005,1002,19,13,3,19,10,,0,8,Rain,-1
3/5/2015,14,9,5,3,-6,-10,57,24,12,1022,1015,1008,31,20,14,24,13,,0,,,-1
3/6/2015,12,8,4,3,-2,-6,71,40,25,1026,1024,1022,26,20,19,13,8,,2.03,8,,-1
3/7/2015,8,6,4,3,3,2,91,76,62,1026,1024,1022,19,13,8,13,8,,0.51,8,Rain,-1
3/8/2015,11,8,6,7,5,3,90,74,60,1023,1022,1021,19,11,6,19,13,,0.51,8,Rain,-1
3/9/2015,9,9,8,9,7,5,98,84,68,1023,1015,999,19,10,5,16,10,,21.08,8,Rain,-1
3/10/2015,13,8,2,8,-1,-11,97,47,17,1006,998,994,31,23,10,21,14,,0,8,Rain,-1
3/11/2015,12,6,-1,-4,-8,-12,46,24,17,1012,1008,1006,31,31,31,24,13,,0,,,-1
3/12/2015,14,9,3,-3,-7,-10,31,22,12,1015,1011,1008,31,28,26,21,14,,0,,,-1
3/13/2015,14,8,2,1,-6,-11,44,22,13,1018,1016,1014,31,28,19,19,10,,0,,,-1
3/14/2015,13,9,4,2,-3,-11,53,33,11,1025,1020,1016,31,23,19,14,10,,0,,,-1
3/15/2015,13,9,4,6,2,-2,69,52,38,1028,1025,1022,19,17,14,11,6,,0,8,Rain,-1
3/16/2015,16,11,7,12,6,2,97,65,40,1025,1023,1021,14,9,3,10,6,,5.08,8,Rain,-1
3/17/2015,21,15,9,12,9,6,99,70,39,1022,1019,1015,19,9,2,16,8,,0,8,Rain,-1
3/18/2015,22,16,11,12,10,7,98,67,31,1020,1018,1016,14,9,3,14,8,,4.06,8,,-1
3/19/2015,16,13,10,12,11,8,99,86,65,1017,1010,1005,5,4,3,13,6,,2.03,8,Rain,-1
3/20/2015,14,12,9,9,8,7,87,70,52,1016,1014,1012,19,12,10,11,8,,0,8,,-1
3/21/2015,16,12,8,7,2,-4,74,47,18,1018,1016,1015,19,15,10,19,8,,0,8,Rain,-1
3/22/2015,18,12,6,8,6,3,73,52,39,1016,1013,1010,19,14,10,24,10,,0,,,-1
3/23/2015,17,11,5,4,-3,-12,73,32,7,1016,1012,1009,26,18,10,21,11,,0,8,Rain,-1
3/24/2015,15,9,4,1,-8,-12,61,23,8,1022,1019,1016,31,25,19,24,14,,0,,,-1
3/25/2015,14,8,2,-4,-7,-10,41,23,10,1030,1026,1022,31,31,31,27,16,,0,,,-1
3/26/2015,16,10,4,3,-6,-11,51,24,8,1032,1030,1027,31,31,31,23,14,,0,,,-1
3/27/2015,20,12,4,3,-3,-11,41,25,14,1028,1024,1021,31,29,26,19,10,,0,,,-1
3/28/2015,21,14,7,7,2,-3,63,35,14,1021,1018,1016,31,22,14,16,10,,0,,,-1
3/29/2015,21,15,9,11,6,-1,76,48,25,1017,1014,1011,31,24,19,21,11,,0,8,Rain,-1
3/30/2015,23,16,9,11,6,1,79,43,15,1021,1017,1013,19,18,14,19,11,,0,,,-1
3/31/2015,23,16,9,11,8,4,75,49,21,1022,1018,1014,26,18,10,34,16,,0,,,-1
4/1/2015,18,14,9,12,10,8,92,68,52,1014,1011,1006,19,8,3,23,10,,0.51,8,Rain,-1
4/2/2015,17,12,6,7,4,2,85,55,31,1022,1019,1014,26,19,14,21,13,,0,,,-1
4/3/2015,21,16,12,17,13,7,82,72,57,1018,1010,1005,19,13,6,35,21,,0,,Rain,-1
4/4/2015,13,12,10,16,7,3,83,58,45,1024,1018,1008,19,18,14,23,11,,0,8,Rain,-1
4/5/2015,11,10,8,11,8,4,99,85,60,1022,1017,1013,19,10,3,13,8,,5.08,8,Rain,-1
4/6/2015,23,17,11,14,12,9,99,69,43,1013,1011,1010,8,6,3,14,6,,0.51,8,Rain,-1
4/7/2015,11,9,7,10,9,6,95,87,72,1022,1016,1013,10,7,5,21,13,,2.03,8,Rain,-1
4/8/2015,4,3,2,6,3,2,92,86,79,1028,1025,1021,10,7,5,19,13,,6.1,8,Rain-Snow,-1
4/9/2015,13,8,3,3,-1,-4,80,51,26,1030,1028,1027,19,14,10,14,10,,0,,,-1
4/10/2015,12,8,5,8,3,1,94,67,40,1028,1025,1023,14,9,6,16,8,,7.11,8,Rain,-1
4/11/2015,16,12,8,12,9,8,98,82,59,1027,1021,1019,19,10,3,14,11,,1.02,8,Rain,-1
4/12/2015,18,13,8,8,5,0,91,52,21,1031,1030,1027,31,23,10,13,8,,0,,,-1
4/13/2015,11,9,8,9,8,6,99,84,64,1030,1025,1016,14,8,3,19,10,,33.02,8,Rain,-1
4/14/2015,14,11,8,13,11,9,100,95,86,1015,1011,1006,10,6,2,14,10,,16,8,Rain,-1
4/15/2015,21,17,11,12,8,3,100,58,31,1008,1003,999,31,21,8,34,13,,0,8,Rain,-1
4/16/2015,21,14,8,11,7,3,71,48,27,1012,1010,1008,19,12,10,16,8,,0,,,-1
4/17/2015,24,18,11,13,9,7,82,55,35,1016,1010,1007,19,13,8,23,11,,4.06,8,Rain,-1
4/18/2015,19,13,7,8,6,0,82,49,25,1020,1017,1014,26,22,19,34,13,,0,,,-1
4/19/2015,17,13,10,11,9,7,81,60,45,1018,1017,1015,19,12,10,11,5,,0,8,Rain,-1
4/20/2015,21,17,13,20,16,7,98,84,53,1015,1008,1001,8,6,5,34,14,,9.91,8,Rain,-1
4/21/2015,20,17,14,20,13,7,100,71,49,1017,1007,998,19,15,14,32,14,,0,8,,-1
4/22/2015,21,16,11,13,8,1,95,52,22,1021,1019,1017,14,12,10,24,8,,2.03,8,Rain,-1
4/23/2015,24,18,12,13,11,4,98,59,20,1023,1020,1017,19,14,8,23,8,,0,,,-1
4/24/2015,24,19,14,14,13,11,90,62,46,1023,1018,1014,14,12,10,26,13,,0,,,-1
4/25/2015,23,18,13,13,7,-2,81,44,18,1021,1017,1014,14,11,10,23,8,,0,,Rain,-1
4/26/2015,23,18,12,12,7,2,64,39,23,1022,1020,1017,19,19,14,21,10,,0,,,-1
4/27/2015,25,19,13,15,13,11,89,60,36,1020,1018,1015,14,10,10,21,10,,0,,,-1
4/28/2015,27,21,14,16,14,12,95,58,32,1019,1017,1016,14,10,8,16,8,,0,,,-1
4/29/2015,24,20,16,14,12,11,74,56,32,1018,1017,1015,19,17,14,19,13,,0,,,-1
4/30/2015,24,19,14,14,12,9,85,57,33,1016,1016,1014,19,19,14,16,8,,0,,,-1
5/1/2015,27,21,14,13,12,7,90,55,19,1016,1015,1012,19,19,14,16,8,,0,,,-1
5/2/2015,27,21,15,16,13,11,94,58,25,1017,1016,1015,19,17,14,16,8,,0,,,-1
5/3/2015,27,22,17,17,12,1,87,54,11,1017,1014,1011,19,17,10,19,8,,0,,,-1
5/4/2015,26,22,18,18,15,12,84,59,39,1011,1006,1001,31,25,19,32,16,,0,,Rain,-1
5/5/2015,22,18,14,18,5,1,84,32,21,1014,1008,1001,26,19,14,26,16,,0,8,,-1
5/6/2015,24,18,11,11,6,3,55,35,24,1014,1013,1011,26,18,14,19,10,,0,,,-1
5/7/2015,24,20,16,14,11,4,71,52,20,1013,1011,1010,19,14,10,16,8,,0,8,Rain,-1
5/8/2015,27,21,16,16,12,6,81,52,18,1013,1012,1010,19,14,8,16,8,,0,,,-1
5/9/2015,21,19,17,15,14,13,86,68,57,1013,1011,1009,19,12,6,16,8,,0,8,Rain,-1
5/10/2015,27,20,13,14,5,-3,89,37,10,1019,1012,1009,19,15,10,21,11,,0,,,-1
5/11/2015,23,18,12,8,0,-6,49,23,8,1024,1022,1020,31,23,14,24,13,,0,,,-1
5/12/2015,22,19,16,20,14,8,96,64,48,1019,1012,999,14,10,5,27,21,,10.92,8,Rain,-1
5/13/2015,28,23,17,21,12,7,94,47,18,1009,1003,997,31,21,14,32,18,,0,,,-1
5/14/2015,28,22,17,13,11,7,53,35,21,1012,1010,1008,19,15,14,21,10,,0,,,-1
5/15/2015,28,23,19,19,13,8,76,49,26,1013,1010,1007,19,14,10,23,10,,0,,,-1
5/16/2015,23,21,19,20,18,16,97,80,60,1007,1004,1002,14,8,5,19,8,,0,8,Rain,-1
5/17/2015,28,23,19,18,14,5,89,56,14,1013,1009,1005,14,12,6,21,10,,0,,,-1
5/18/2015,26,22,17,19,16,12,94,67,41,1015,1012,1008,19,13,10,21,13,,1.02,,Rain,-1
5/19/2015,24,20,16,21,18,16,99,87,68,1007,1004,1002,14,11,6,14,8,,0,8,Rain,-1
5/20/2015,27,23,18,19,16,13,98,64,39,1005,1002,998,26,14,5,14,10,,0.51,8,Rain,-1
5/21/2015,26,19,13,16,9,2,95,45,14,1014,1007,1001,31,21,8,21,13,,0,,Rain-Thunderstorm,-1
5/22/2015,26,20,15,14,12,9,76,50,26,1015,1013,1011,19,17,14,24,11,,0,,,-1
5/23/2015,27,21,16,15,12,8,69,48,24,1014,1012,1011,19,14,10,19,10,,0,,,-1
5/24/2015,26,22,18,16,13,9,79,51,27,1010,1009,1007,26,19,14,16,11,,0,8,,-1
5/25/2015,26,21,16,16,15,13,92,62,37,1011,1010,1008,19,19,14,16,8,,0,,,-1
5/26/2015,31,23,17,16,12,3,69,44,9,1010,1008,1005,19,19,14,16,8,,0,,,-1
5/27/2015,30,24,19,18,14,8,75,46,24,1013,1010,1008,19,15,10,21,10,,0,,,-1
5/28/2015,27,22,18,17,16,14,75,60,38,1016,1014,1013,14,10,8,19,10,,0,8,,-1
5/29/2015,23,21,18,19,18,16,98,77,56,1015,1010,1006,14,10,3,14,10,,5.08,8,Rain,-1
5/30/2015,29,23,18,19,17,14,96,62,30,1005,1002,999,31,18,10,19,11,,0,,,-1
5/31/2015,32,27,21,20,16,8,87,50,14,1009,1003,1000,19,14,8,19,8,,0,,,-1
6/1/2015,27,24,21,16,12,8,60,41,24,1014,1012,1009,19,14,10,19,11,,0,,,-1
6/2/2015,28,24,19,19,16,13,73,56,34,1014,1011,1008,19,17,14,23,13,,0,8,,-1
6/3/2015,23,22,21,21,19,18,96,84,68,1008,1001,998,19,9,3,19,10,,9.91,8,Rain,-1
6/4/2015,29,23,18,19,7,3,93,27,15,1009,1004,1000,31,27,19,24,16,,0,,,-1
6/5/2015,22,18,14,17,11,4,100,56,25,1011,1010,1007,31,20,5,14,10,,16,8,Rain,-1
6/6/2015,24,19,13,16,14,13,97,75,44,1017,1009,1003,26,15,3,16,8,,0,8,Rain,-1
6/7/2015,25,21,16,16,13,11,86,57,36,1020,1019,1017,19,18,10,19,8,,0,,,-1
6/8/2015,25,21,17,17,15,13,81,61,37,1020,1018,1015,19,18,14,21,13,,5.08,8,,-1
6/9/2015,22,19,17,19,18,17,100,89,73,1013,1005,1001,26,13,2,21,11,,0,8,Rain,-1
6/10/2015,28,22,17,18,17,12,99,64,40,1011,1008,1004,31,23,19,19,8,,0,,,-1
6/11/2015,27,23,19,19,17,15,79,63,41,1012,1010,1008,14,14,10,19,8,,0,,,-1
6/12/2015,25,22,19,21,19,18,98,86,69,1008,1005,1003,14,9,6,11,8,,0,8,Rain,-1
6/13/2015,29,24,21,21,20,19,96,74,48,1011,1009,1007,14,8,3,19,8,,0,8,Rain,-1
6/14/2015,27,24,21,22,19,17,95,79,52,1012,1010,1009,14,10,5,19,8,,0,8,Rain,-1
6/15/2015,31,25,19,19,18,17,89,62,37,1009,1008,1006,14,10,8,21,8,,0,,,-1
6/16/2015,27,24,20,20,19,16,100,69,47,1008,1006,1003,10,8,6,16,8,,30.99,8,,-1
6/17/2015,24,22,19,21,19,18,99,84,61,1010,1007,1005,14,9,6,14,6,,10.92,,Rain,-1
6/18/2015,26,23,19,19,18,16,89,70,54,1012,1011,1010,19,14,8,19,10,,0,8,Rain,-1
6/19/2015,21,19,18,19,18,17,96,89,73,1012,1009,1007,19,11,6,14,10,,6.1,8,Rain,-1
6/20/2015,27,22,17,17,16,13,94,63,31,1010,1009,1007,19,17,14,19,10,,0,,Rain,-1
6/21/2015,23,21,18,20,18,17,97,81,67,1012,1011,1010,19,14,10,13,6,,0.51,8,Rain,-1
6/22/2015,27,22,18,19,18,16,96,71,45,1013,1012,1011,14,13,10,14,6,,0,,Rain,-1
6/23/2015,28,23,19,21,19,18,98,70,46,1014,1012,1010,19,16,10,19,10,,1.02,8,Rain,-1
6/24/2015,29,23,18,20,18,15,100,67,33,1012,1010,1009,19,14,10,19,10,,0,,,-1
6/25/2015,28,24,21,20,18,17,91,65,44,1010,1009,1006,19,14,10,24,10,,0,,,-1
6/26/2015,26,23,21,22,20,18,97,81,59,1007,1005,1002,14,12,10,14,8,,7.87,8,Rain,-1
6/27/2015,25,23,21,23,22,21,100,96,89,1001,997,995,14,8,2,8,5,,0,8,Rain,-1
6/28/2015,31,25,19,22,17,12,99,65,27,1008,1001,996,19,16,6,16,8,,0,8,,-1
6/29/2015,26,22,18,17,15,13,74,61,36,1011,1010,1008,19,17,14,19,11,,0,,,-1
6/30/2015,27,23,19,19,18,16,89,67,49,1011,1006,1002,19,15,10,21,13,,2.03,8,Rain,-1
7/1/2015,22,21,19,22,20,19,100,97,90,1001,995,991,14,7,3,14,10,,6.1,8,Rain,-1
7/2/2015,25,22,20,22,21,20,100,88,70,1005,1002,997,14,9,6,11,6,,3.05,8,Rain,-1
7/3/2015,23,22,21,23,22,20,100,98,89,1007,1006,1005,14,9,2,11,8,,33.02,8,Rain,-1
7/4/2015,26,23,21,23,22,21,100,94,74,1012,1008,1005,14,7,3,11,8,,2.03,8,Rain,-1
7/5/2015,22,20,19,21,19,18,100,95,84,1013,1011,1010,10,8,5,11,6,,2.03,8,Rain,-1
7/6/2015,21,20,19,20,19,19,100,95,89,1014,1013,1012,10,6,3,10,5,,9.91,8,Rain,-1
7/7/2015,24,21,18,21,20,19,99,89,71,1015,1013,1012,10,8,6,10,6,,0,8,Rain,-1
7/8/2015,26,23,19,23,21,19,100,90,65,1016,1015,1014,10,5,3,13,6,,7.87,8,Rain,-1
7/9/2015,20,19,18,19,19,18,100,96,87,1017,1016,1015,10,6,3,13,8,,7.11,8,Rain,-1
7/10/2015,29,23,17,21,19,18,100,75,48,1017,1015,1013,19,12,10,14,5,,0,,Rain,-1
7/11/2015,31,26,21,22,21,20,98,70,45,1014,1013,1011,14,11,6,19,10,,0,,,-1
7/12/2015,32,27,22,23,22,19,92,67,42,1012,1010,1008,14,11,6,19,8,,0,,,-1
7/13/2015,34,29,24,24,22,21,84,60,39,1009,1006,1004,26,19,10,32,14,,0,,,-1
7/14/2015,34,30,27,22,21,19,65,52,33,1007,1005,1004,31,24,19,32,24,,0,,,-1
7/15/2015,33,29,26,22,21,19,77,56,35,1010,1008,1007,31,22,14,26,18,,2.03,,,-1
7/16/2015,29,26,23,26,24,23,100,87,72,1010,1007,1006,10,9,3,29,13,,6.1,8,Rain,-1
7/17/2015,30,27,23,26,23,22,100,80,54,1011,1008,1005,19,14,10,26,19,,4.06,8,Rain,-1
7/18/2015,29,28,26,24,23,21,86,71,53,1011,1009,1009,19,18,14,26,19,,0.51,,Rain,-1
7/19/2015,34,30,25,24,23,21,79,62,40,1013,1012,1010,19,16,14,21,13,,0,,,-1
7/20/2015,33,30,26,24,24,22,87,68,53,1014,1013,1012,19,15,10,19,8,,0,,,-1
7/21/2015,34,30,25,24,22,19,82,57,34,1014,1012,1010,19,14,10,24,10,,0,,,-1
7/22/2015,33,29,25,22,20,19,67,52,37,1012,1011,1010,31,26,19,35,23,,0,,,-1
7/23/2015,30,27,24,24,23,22,95,74,55,1011,1010,1007,26,20,14,26,18,,0,,Rain,-1
7/24/2015,34,29,25,27,24,23,95,78,50,1011,1010,1009,31,19,6,13,6,,7.11,,Rain-Thunderstorm,-1
7/25/2015,33,29,24,26,24,23,100,76,50,1011,1009,1008,14,9,6,16,6,,0,,,-1
7/26/2015,36,31,26,26,24,22,98,66,40,1011,1010,1009,19,12,10,19,8,,0,,,-1
7/27/2015,35,30,26,25,24,22,92,62,44,1010,1007,1005,19,12,8,16,8,,0,,,-1
7/28/2015,34,30,27,25,24,22,85,66,40,1007,1006,1004,14,12,10,14,8,,0,,,-1
7/29/2015,32,29,27,24,23,22,77,63,47,1009,1007,1007,19,14,10,19,8,,0,,,-1
7/30/2015,34,30,26,26,24,21,87,69,38,1010,1009,1008,14,10,6,14,6,,0,,Rain,-1
7/31/2015,35,30,26,26,24,20,92,65,34,1010,1009,1008,14,11,8,19,8,,0,,,-1
8/1/2015,35,31,26,27,26,23,93,70,43,1011,1010,1009,10,7,5,16,8,,0,,,-1
8/2/2015,35,31,26,26,24,21,91,66,46,1013,1012,1011,10,9,8,19,8,,0,,Rain,-1
8/3/2015,35,31,26,26,23,21,95,62,46,1013,1011,1010,14,10,6,21,10,,0,,,-1
8/4/2015,35,31,26,25,23,22,79,61,44,1011,1010,1009,14,11,8,21,11,,0,,,-1
8/5/2015,35,30,26,25,24,22,86,62,41,1011,1010,1009,19,19,14,24,13,,0,,,-1
8/6/2015,36,31,27,25,24,23,78,60,44,1014,1012,1011,26,19,14,19,11,,0,,,-1
8/7/2015,37,32,27,26,23,21,79,53,36,1015,1014,1012,19,14,10,14,8,,0,,,-1
8/8/2015,32,29,25,23,22,21,79,64,47,1016,1014,1012,19,13,8,19,11,,0,8,,-1
8/9/2015,33,29,24,24,21,19,81,59,41,1013,1011,1010,19,16,14,14,10,,0,8,,-1
8/10/2015,32,28,25,25,24,23,89,73,52,1011,1009,1007,14,14,8,16,8,,1.02,,Rain,-1
8/11/2015,35,30,25,25,23,21,91,63,38,1008,1006,1004,19,17,14,14,10,,0,,,-1
8/12/2015,33,30,26,24,23,22,81,66,47,1006,1005,1004,19,14,10,14,8,,0,,,-1
8/13/2015,30,28,25,26,24,22,95,77,57,1005,1003,1001,14,11,3,19,10,,0.51,8,Rain,-1
8/14/2015,32,28,24,24,24,23,95,79,58,1006,1003,1002,19,11,6,19,8,,2.03,8,Rain,-1
8/15/2015,33,28,24,24,23,21,93,71,43,1009,1007,1006,19,17,10,16,8,,0,,Rain,-1
8/16/2015,32,28,24,24,23,22,90,70,49,1011,1009,1008,19,14,8,16,8,,17.02,,,-1
8/17/2015,28,26,24,26,25,24,100,95,85,1011,1008,1006,19,11,3,26,11,,11.94,,Rain,-1
8/18/2015,32,29,26,26,24,23,90,71,57,1010,1008,1006,31,23,14,24,14,,0,,Rain,-1
8/19/2015,31,28,26,24,22,19,83,63,44,1013,1012,1010,19,18,14,21,10,,0,,,-1
8/20/2015,27,26,24,25,24,23,100,89,75,1013,1011,1009,19,10,5,11,8,,2.03,8,Rain,-1
8/21/2015,29,27,24,26,24,22,100,84,64,1009,1007,1004,14,9,5,10,6,,3.05,8,Rain,-1
8/22/2015,32,28,24,25,24,23,95,75,53,1004,1002,1000,19,15,10,23,11,,0,,,-1
8/23/2015,31,28,24,25,22,19,95,70,49,1007,1004,1002,19,16,10,21,10,,0,,Rain,-1
8/24/2015,29,26,22,19,18,15,70,59,43,1011,1008,1006,19,18,14,19,11,,0,,,-1
8/25/2015,23,22,20,17,15,14,69,58,54,1013,1011,1010,19,19,14,16,13,,2.03,8,Rain,-1
8/26/2015,21,19,18,21,19,18,100,98,93,1011,1008,1006,6,4,3,16,11,,5.08,8,Rain,-1
8/27/2015,27,23,20,21,20,18,98,76,57,1011,1009,1007,31,22,10,11,8,,0,8,Rain,-1
8/28/2015,23,21,20,20,19,18,99,78,69,1014,1012,1011,14,12,6,16,8,,4.06,8,Rain,-1
8/29/2015,21,20,19,20,19,19,100,97,89,1014,1013,1012,10,6,3,11,8,,0.51,8,Rain,-1
8/30/2015,22,21,20,22,21,19,100,94,87,1014,1012,1011,14,11,6,10,6,,3.05,8,Rain,-1
8/31/2015,24,22,21,22,21,21,100,93,77,1016,1015,1013,14,9,6,11,6,,1.02,8,Rain,-1
9/1/2015,26,23,21,25,23,21,100,96,79,1016,1015,1012,10,8,6,19,6,,10.92,8,Rain,-1
9/2/2015,31,28,24,25,23,18,98,78,52,1012,1010,1008,19,14,10,26,18,,1.02,8,Rain,-1
9/3/2015,30,27,23,23,21,19,93,71,54,1014,1012,1010,14,14,10,24,10,,0.51,8,Rain,-1
9/4/2015,30,26,22,26,23,19,100,86,54,1009,1008,1006,14,12,3,16,10,,7.87,,Rain,-1
9/5/2015,29,26,23,22,19,16,90,62,41,1012,1011,1009,19,12,10,16,8,,0,,,-1
9/6/2015,27,24,22,23,22,19,100,84,64,1011,1008,1004,10,8,2,14,6,,20.07,8,Rain,-1
9/7/2015,26,23,21,25,23,21,100,97,86,1011,1006,1003,10,7,5,16,10,,3.05,8,Rain,-1
9/8/2015,21,20,19,21,20,19,100,99,97,1014,1012,1011,8,5,3,13,8,,44.96,8,Rain,-1
9/9/2015,25,22,18,24,22,19,100,98,86,1012,1008,1006,10,6,2,19,8,,98.04,8,Rain,-1
9/10/2015,23,22,20,23,22,19,100,99,93,1009,1007,1006,19,10,3,14,6,,16,8,Rain,-1
9/11/2015,29,24,19,21,20,18,100,75,47,1008,1004,1002,19,18,14,19,10,,0,,,-1
9/12/2015,29,24,20,21,19,18,93,69,51,1010,1009,1008,19,15,14,21,8,,0,,,-1
9/13/2015,27,24,22,22,20,18,94,69,55,1015,1011,1010,19,18,14,21,14,,0,8,,-1
9/14/2015,27,24,21,20,17,13,84,62,37,1022,1019,1015,19,19,14,16,10,,0,,Rain,-1
9/15/2015,27,23,18,18,16,13,77,58,40,1023,1021,1019,19,19,14,14,8,,0,,,-1
9/16/2015,25,22,18,18,16,14,99,66,43,1021,1020,1019,19,16,10,16,8,,7.87,8,Rain,-1
9/17/2015,19,18,16,18,18,16,100,97,90,1020,1016,1013,8,5,3,13,10,,41.91,8,Rain,-1
9/18/2015,23,21,18,22,20,18,100,95,81,1013,1011,1009,10,8,3,10,6,,1.02,8,Rain-Thunderstorm,-1
9/19/2015,29,24,20,21,19,13,97,67,40,1009,1007,1005,19,13,6,14,8,,0,,,-1
9/20/2015,28,24,19,18,14,13,71,50,33,1012,1009,1007,19,19,14,13,8,,0,,,-1
9/21/2015,27,23,19,19,16,13,85,60,34,1015,1013,1012,26,18,10,14,6,,0,,,-1
9/22/2015,28,24,19,18,14,11,87,52,27,1019,1017,1015,19,15,10,21,8,,0,,,-1
9/23/2015,27,23,19,17,14,11,72,49,28,1019,1017,1015,19,17,10,14,8,,0,,,-1
9/24/2015,23,20,18,18,17,17,91,78,64,1015,1013,1010,19,11,10,11,6,,1.02,8,Rain,-1
9/25/2015,18,17,16,18,18,16,100,98,89,1010,1008,1006,3,3,3,13,8,,16,8,Rain,-1
9/26/2015,24,21,17,21,19,17,100,89,71,1011,1009,1007,10,8,3,13,10,,0,8,Rain,-1
9/27/2015,24,22,20,21,20,19,100,88,68,1014,1012,1010,19,13,8,8,5,,0,8,,-1
9/28/2015,28,23,19,20,18,12,99,69,41,1016,1015,1014,19,14,10,16,6,,0,,,-1
9/29/2015,26,23,19,13,9,4,52,33,19,1021,1018,1016,19,19,19,16,11,,0,,,-1
9/30/2015,26,21,17,13,7,2,57,31,13,1024,1022,1020,31,24,19,26,14,,0,,,-1
10/1/2015,23,19,14,21,15,11,99,72,49,1021,1015,1003,19,14,3,37,11,,7.11,8,Rain,-1
10/2/2015,28,23,18,23,17,12,100,65,29,1013,1004,995,31,19,3,35,19,,0,8,Rain,-1
10/3/2015,27,22,18,17,15,13,76,59,44,1015,1014,1013,19,19,14,14,6,,0,,,-1
10/4/2015,27,22,17,18,14,10,91,59,34,1023,1019,1016,19,17,14,19,8,,0,8,,-1
10/5/2015,20,18,16,10,7,4,53,38,30,1025,1023,1022,19,14,10,19,13,,0,8,Rain,-1
10/6/2015,22,18,14,11,10,8,68,51,32,1022,1020,1017,19,18,14,19,11,,0,,,-1
10/7/2015,22,18,13,9,6,2,68,40,17,1017,1013,1007,26,19,14,21,13,,0,,,-1
10/8/2015,24,18,12,7,4,2,56,26,14,1006,1003,1000,31,25,14,32,16,,0,,,-1
10/9/2015,25,20,15,14,8,3,73,37,22,1010,1007,1003,19,18,14,19,14,,0,,,-1
10/10/2015,20,17,14,16,14,11,81,68,49,1015,1013,1010,14,11,10,21,8,,0.51,,Rain,-1
10/11/2015,21,19,17,18,17,13,99,83,55,1014,1010,1007,14,9,3,14,10,,0,8,Rain,-1
10/12/2015,23,19,15,17,13,9,96,65,40,1013,1011,1010,19,12,5,13,6,,0,,,-1
10/13/2015,24,19,14,15,10,6,90,50,26,1015,1012,1010,31,19,10,14,8,,0,,,-1
10/14/2015,23,19,14,11,8,6,58,40,28,1020,1017,1015,31,21,14,13,8,,0,,,-1
10/15/2015,23,18,13,16,11,7,92,51,37,1022,1021,1019,19,14,10,13,8,,2.03,,,-1
10/16/2015,18,17,15,16,15,14,99,93,84,1022,1020,1019,10,6,3,14,10,,2.03,8,Rain,-1
10/17/2015,20,18,16,18,16,16,100,91,76,1020,1019,1018,10,6,3,11,8,,0.51,8,Rain,-1
10/18/2015,24,20,16,16,15,13,92,72,45,1019,1017,1015,19,14,8,11,6,,0,,,-1
10/19/2015,24,19,14,16,13,9,94,63,29,1018,1017,1015,19,14,10,13,6,,0,,,-1
10/20/2015,24,19,15,16,14,12,91,68,40,1016,1015,1013,19,11,6,13,6,,0,,,-1
10/21/2015,21,18,16,16,12,8,90,64,38,1021,1019,1016,19,14,8,14,8,,0,,,-1
10/22/2015,23,18,13,14,12,11,88,66,45,1021,1019,1017,14,10,10,14,8,,0,,,-1
10/23/2015,21,18,16,14,12,12,74,62,51,1022,1020,1019,14,13,10,10,8,,0,,,-1
10/24/2015,24,19,15,16,14,13,90,67,45,1019,1013,1008,19,10,6,16,6,,0,,,-1
10/25/2015,19,17,13,9,-1,-4,47,22,14,1020,1015,1009,19,17,10,29,23,,0,,,-1
10/26/2015,20,16,12,12,3,-3,68,33,20,1023,1021,1020,31,23,14,21,13,,0,,,-1
10/27/2015,24,17,10,17,12,6,77,59,33,1021,1016,1011,26,18,14,27,11,,0,,,-1
10/28/2015,26,21,16,18,14,11,89,58,30,1013,1009,1007,14,13,10,14,10,,0,8,Rain,-1
10/29/2015,19,17,15,12,11,10,76,59,48,1018,1016,1013,14,14,10,13,10,,0,8,Rain,-1
10/30/2015,21,18,14,13,9,4,77,52,29,1020,1017,1015,19,12,10,14,6,,0,,Rain,-1
10/31/2015,16,14,13,8,7,4,61,51,39,1025,1023,1020,19,14,10,14,8,,0,8,,-1
11/1/2015,17,13,9,9,6,3,69,50,29,1028,1026,1025,19,17,14,10,6,,0,,,-1
11/2/2015,15,12,10,14,11,8,99,86,56,1025,1018,1013,19,11,3,16,8,,21.08,8,Rain,-1
11/3/2015,21,17,12,14,8,4,96,57,24,1030,1022,1016,31,18,5,16,8,,0,8,Rain,-1
11/4/2015,20,14,9,11,7,4,88,54,33,1034,1031,1030,31,21,19,11,6,,0,,,-1
11/5/2015,21,16,10,12,9,6,86,62,38,1030,1028,1025,19,15,10,11,8,,0,,,-1
11/6/2015,22,16,10,11,9,7,83,56,28,1026,1025,1023,26,17,10,11,8,,0,,,-1
11/7/2015,21,17,13,13,12,11,83,66,53,1029,1028,1026,10,9,8,14,8,,0,8,Rain,-1
11/8/2015,17,14,14,17,14,12,100,89,74,1028,1023,1015,10,6,3,13,5,,10.92,8,Rain,-1
11/9/2015,23,19,14,19,17,15,100,91,75,1015,1011,1009,26,12,3,21,10,,0.51,8,Rain,-1
11/10/2015,18,16,14,17,16,12,100,92,73,1020,1014,1010,19,11,3,11,8,,4.06,8,Rain,-1
11/11/2015,18,16,12,13,7,4,92,50,31,1030,1026,1020,26,18,10,14,8,,0,,,-1
11/12/2015,17,14,12,8,6,5,60,51,39,1033,1031,1031,19,18,14,13,10,,0,,,-1
11/13/2015,17,13,10,11,7,4,79,59,43,1033,1031,1029,26,18,10,14,8,,0,8,Rain,-1
11/14/2015,14,13,12,13,12,9,100,89,77,1029,1023,1015,10,6,3,19,8,,12.95,8,Rain,-1
11/15/2015,20,17,13,17,14,9,100,89,47,1015,1012,1009,19,12,3,14,8,,0.51,8,Rain,-1
11/16/2015,21,17,12,15,12,9,84,63,50,1022,1020,1016,31,19,14,19,8,,0,,Rain,-1
11/17/2015,23,19,16,17,15,13,98,77,43,1020,1018,1016,26,16,10,11,6,,0.51,8,Rain,-1
11/18/2015,21,17,14,17,16,14,100,90,62,1020,1016,1011,14,10,5,13,8,,9.91,8,Rain,-1
11/19/2015,18,15,12,14,10,6,99,68,43,1023,1017,1011,19,16,6,14,10,,0,8,Rain,-1
11/20/2015,15,13,11,11,9,7,77,68,57,1023,1021,1019,19,16,10,10,6,,0,8,Rain,-1
11/21/2015,21,16,10,10,8,6,85,56,31,1028,1023,1021,31,19,10,13,8,,0,,,-1
11/22/2015,15,13,12,8,7,6,71,57,48,1030,1029,1028,14,14,14,10,6,,0,8,,-1
11/23/2015,13,12,11,12,9,7,96,79,63,1029,1025,1021,14,9,3,13,8,,2.03,8,Rain,-1
11/24/2015,18,14,11,13,9,1,100,70,27,1020,1015,1011,31,14,6,24,8,,0,8,Rain,-1
11/25/2015,11,8,6,7,4,1,96,65,34,1020,1018,1016,19,13,5,19,10,,3.05,8,Rain,-1
11/26/2015,11,8,5,9,7,5,96,88,73,1016,1008,1005,19,11,6,19,13,,0,8,Rain,-1
11/27/2015,14,10,6,8,1,-11,100,52,8,1018,1009,1004,31,22,10,21,8,,0,,,-1
11/28/2015,16,10,4,2,0,-3,67,43,17,1023,1020,1018,31,20,14,11,6,,0,,,-1
11/29/2015,14,10,6,5,2,-2,62,47,23,1027,1025,1023,31,16,10,11,8,,0,,,-1
11/30/2015,14,10,6,7,4,3,80,59,42,1025,1022,1019,19,17,14,11,6,,0,,,-1
12/1/2015,16,11,6,5,3,0,92,54,25,1027,1022,1019,31,24,14,13,6,,0,,,-1
12/2/2015,11,9,8,8,3,1,93,59,42,1028,1024,1017,19,14,10,13,6,,1.02,8,Rain,-1
12/3/2015,13,11,8,12,9,4,99,86,46,1016,1004,998,10,8,3,14,5,,2.03,8,Rain,-1
12/4/2015,14,10,6,3,-2,-5,54,31,18,1010,1005,1001,19,19,19,26,14,,0,,,-1
12/5/2015,16,10,4,4,1,-3,63,44,20,1016,1013,1010,31,20,10,16,6,,0,,,-1
12/6/2015,13,10,7,2,-2,-3,61,32,22,1026,1022,1017,19,15,10,16,8,,0,8,,-1
12/7/2015,12,9,6,2,-1,-3,51,39,24,1028,1027,1026,31,20,14,11,8,,0,,,-1
12/8/2015,11,8,6,2,1,-1,62,49,31,1031,1029,1027,19,19,19,13,10,,0,,Rain,-1
12/9/2015,12,8,3,2,1,-1,77,54,29,1035,1033,1031,31,23,19,11,6,,0,,,-1
12/10/2015,13,9,4,8,3,0,95,59,37,1033,1028,1019,19,13,6,10,6,,14.99,8,Rain,-1
12/11/2015,24,16,7,20,9,4,100,70,35,1017,1002,989,26,11,2,34,13,,13.97,8,Rain,-1
12/12/2015,16,13,11,6,3,2,58,41,30,1024,1020,1009,26,20,19,16,10,,0,,,-1
12/13/2015,11,10,9,9,7,4,92,74,55,1023,1021,1019,19,12,3,13,8,,2.03,8,Rain,-1
12/14/2015,14,12,10,9,7,6,92,70,55,1022,1021,1020,19,14,6,13,6,,0,8,Rain,-1
12/15/2015,14,12,9,8,7,6,77,63,49,1021,1016,1011,19,14,10,10,6,,0,8,,-1
12/16/2015,17,12,8,10,8,7,94,68,47,1010,1007,1003,10,9,6,11,5,,0,,,-1
12/17/2015,12,10,7,9,-1,-5,78,32,24,1018,1010,1005,31,21,10,16,10,,0,,,-1
12/18/2015,12,7,3,-3,-5,-7,43,28,17,1025,1023,1018,31,22,19,19,11,,0,,,-1
12/19/2015,12,7,3,-2,-4,-8,52,31,19,1031,1026,1023,31,26,19,21,10,,0,,,-1
12/20/2015,11,7,2,1,-4,-6,49,34,18,1033,1030,1028,31,24,10,10,6,,0,,,-1
12/21/2015,13,9,6,2,-1,-2,50,40,28,1027,1022,1018,14,11,10,10,6,,0,8,,-1
12/22/2015,16,11,7,1,-2,-4,49,30,20,1029,1024,1020,31,23,14,19,11,,0,,,-1
12/23/2015,8,7,5,5,-1,-4,92,50,31,1030,1027,1021,19,14,8,11,8,,0.51,8,Rain,-1
12/24/2015,15,10,5,9,7,4,96,77,52,1019,1013,1009,19,13,5,14,8,,0,8,Rain,-1
12/25/2015,15,12,8,8,2,-5,88,51,21,1012,1008,1005,31,19,6,21,10,,0,,,-1
12/26/2015,12,9,6,1,-2,-6,44,33,26,1014,1012,1011,26,20,19,14,8,,0,,,-1
12/27/2015,10,7,4,1,-5,-9,55,31,16,1023,1016,1011,19,19,19,19,11,,0,,,-1
12/28/2015,11,7,2,-4,-8,-11,39,23,15,1023,1022,1020,19,19,19,16,10,,0,,,-1
12/29/2015,11,7,2,-3,-7,-11,49,28,15,1026,1023,1019,31,20,14,14,8,,0,,,-1
12/30/2015,11,7,4,-2,-6,-9,40,26,19,1027,1026,1025,31,21,14,13,8,,0,,,-1
12/31/2015,11,7,3,3,-1,-4,79,50,32,1026,1023,1020,26,17,10,10,8,,0,,,-1
1/1/2014,15,9,3,1,-1,-3,66,37,23,1008,1006,1002,31,22,14,21,10,,0,,,-1
1/2/2014,12,7,3,0,-4,-8,62,33,18,1018,1012,1007,31,31,31,21,10,,0,,,-1
1/3/2014,8,6,3,-3,-6,-7,45,30,23,1019,1016,1011,31,23,19,11,6,,0,,,-1
1/4/2014,12,7,2,-1,-4,-8,59,37,20,1013,1010,1008,31,26,19,16,6,,0,,,-1
1/5/2014,7,6,4,-7,-8,-9,28,24,18,1019,1017,1013,31,27,19,23,14,,0,,,-1
1/6/2014,10,6,2,-7,-8,-12,38,25,10,1026,1022,1020,31,26,19,23,11,,0,,,-1
1/7/2014,9,6,2,2,-6,-9,50,33,22,1030,1026,1023,31,25,19,14,8,,0,,,-1
1/8/2014,13,8,3,9,-1,-8,89,47,26,1023,1016,1006,19,11,2,16,6,,6.1,8,Rain,-1
1/9/2014,12,8,4,5,-1,-11,90,55,18,1016,1007,1002,31,14,3,27,13,,0,8,Rain-Snow,-1
1/10/2014,7,4,2,-9,-13,-17,30,17,7,1024,1020,1016,31,27,19,29,19,,0,,,-1
1/11/2014,9,4,1,-3,-7,-9,52,34,16,1026,1024,1023,31,27,14,10,6,,0,,,-1
1/12/2014,9,6,1,-1,-4,-7,57,40,27,1025,1019,1014,26,20,19,11,6,,0,,,-1
1/13/2014,8,6,3,-3,-9,-13,48,24,13,1025,1020,1015,31,31,31,21,11,,0,,,-1
1/14/2014,7,4,2,-9,-12,-13,29,18,13,1028,1027,1025,31,29,19,21,16,,0,,,-1
1/15/2014,4,3,2,-6,-8,-10,37,31,26,1028,1026,1024,31,21,19,14,10,,0,8,,-1
1/16/2014,9,4,-1,-2,-6,-9,54,34,17,1025,1023,1021,31,22,19,13,6,,0,,,-1
1/17/2014,9,6,3,-4,-7,-11,42,29,16,1021,1019,1017,31,27,19,14,8,,0,,,-1
1/18/2014,8,6,3,-1,-6,-10,52,31,16,1020,1016,1012,31,21,14,13,8,,0,8,,-1
1/19/2014,7,4,2,-1,-9,-14,76,30,13,1023,1017,1011,31,18,8,27,13,,0,8,Snow,-1
1/20/2014,8,4,1,-2,-8,-14,43,28,15,1024,1019,1012,31,26,19,19,8,,0,,,-1
1/21/2014,12,7,2,1,-4,-8,76,36,14,1015,1011,1009,19,19,19,16,6,,4.06,8,Rain,-1
1/22/2014,9,6,2,2,-4,-10,83,43,17,1020,1017,1015,31,18,10,13,8,,0,,Rain,-1
1/23/2014,11,7,3,-2,-8,-11,32,22,13,1026,1022,1020,31,31,31,16,10,,0,,,-1
1/24/2014,12,7,2,1,-3,-7,51,36,27,1026,1023,1019,31,25,14,11,6,,0,,,-1
1/25/2014,12,7,3,1,-1,-3,60,43,31,1020,1017,1012,14,10,6,14,5,,0,8,,-1
1/26/2014,14,9,3,9,-1,-13,77,39,16,1019,1010,1007,31,20,10,32,16,,0,8,Rain,-1
1/27/2014,7,4,1,0,-10,-14,49,22,13,1025,1023,1020,31,28,19,24,14,,0,,,-1
1/28/2014,15,8,1,-2,-5,-8,47,27,12,1023,1017,1013,31,24,19,21,10,,0,,,-1
1/29/2014,13,9,4,4,-4,-9,57,30,13,1024,1022,1017,31,26,19,23,13,,0,,,-1
1/30/2014,16,10,5,11,4,-2,87,59,40,1023,1016,1006,19,18,8,27,8,,2.03,8,Rain,-1
1/31/2014,16,11,6,7,-3,-10,75,35,12,1023,1014,1004,31,26,14,23,10,,0,,,-1
2/1/2014,12,8,3,4,-2,-7,69,39,22,1024,1022,1019,31,20,14,14,6,,0,,,-1
2/2/2014,13,9,6,8,3,-2,75,57,37,1019,1011,1006,19,12,6,10,5,,0,8,Rain,-1
2/3/2014,18,12,7,12,7,3,84,62,41,1007,1004,999,10,6,3,16,6,,0,,,-1
2/4/2014,7,4,1,7,1,-9,85,69,31,1012,1006,1001,19,11,3,21,14,,5.08,8,Rain-Snow,-1
2/5/2014,5,2,-1,-9,-12,-15,36,23,14,1022,1017,1013,31,27,19,24,16,,0,,,-1
2/6/2014,6,3,-1,-10,-12,-14,23,19,15,1024,1022,1020,31,26,19,19,14,,0,8,,-1
2/7/2014,7,4,1,-7,-9,-12,33,24,15,1023,1021,1019,31,25,19,19,11,,0,8,,-1
2/8/2014,1,0,-1,0,-2,-7,92,79,34,1021,1013,1004,3,1,0,29,16,,23.88,8,Snow,-1
2/9/2014,9,4,1,0,-2,-4,89,49,29,1013,1007,1004,31,20,10,26,18,,0,8,Snow,-1
2/10/2014,8,6,3,-5,-7,-10,37,26,15,1019,1016,1013,31,22,14,16,13,,0,,,-1
2/11/2014,4,3,2,-2,-6,-9,59,39,25,1022,1021,1019,31,19,14,23,13,,0,8,Snow,-1
2/12/2014,8,6,3,-2,-5,-8,43,36,32,1022,1021,1019,31,24,19,19,13,,0,,,-1
2/13/2014,8,5,2,-4,-6,-8,47,35,22,1027,1024,1021,19,19,19,14,6,,0,8,,-1
2/14/2014,1,1,0,-1,-2,-8,93,77,27,1030,1027,1020,19,4,0,21,13,,16,8,Snow,-1
2/15/2014,7,3,-1,3,1,-2,93,74,40,1019,1005,1000,31,17,2,26,21,,8.89,8,Rain,-1
2/16/2014,10,7,4,-2,-5,-9,49,32,19,1022,1013,1004,31,31,31,34,18,,0,,,-1
2/17/2014,13,9,4,-2,-7,-10,27,23,15,1022,1020,1017,19,19,14,21,13,,0,,,-1
2/18/2014,8,6,3,-8,-10,-12,29,21,14,1019,1018,1016,19,19,19,23,18,,0,,,-1
2/19/2014,9,5,1,-8,-9,-11,34,24,14,1022,1019,1017,31,24,19,24,16,,0,8,,-1
2/20/2014,7,4,1,-2,-7,-9,46,31,18,1024,1022,1020,19,19,19,14,8,,0,8,,-1
2/21/2014,10,7,3,-5,-9,-12,38,23,12,1025,1022,1020,31,23,19,21,13,,0,,,-1
2/22/2014,9,6,2,-8,-9,-12,31,22,12,1028,1026,1025,31,27,19,16,10,,0,,,-1
2/23/2014,8,6,3,-1,-5,-8,43,35,28,1030,1028,1026,19,19,19,11,8,,0,,,-1
2/24/2014,8,6,4,1,-3,-7,49,38,28,1029,1027,1025,19,19,14,13,8,,0,8,,-1
2/25/2014,13,8,3,2,-2,-5,52,37,21,1026,1025,1022,19,13,10,14,6,,0,,,-1
2/26/2014,14,10,6,4,-2,-5,57,34,19,1031,1029,1026,14,10,10,19,10,,0,,,-1
2/27/2014,13,10,7,12,6,2,93,70,53,1029,1024,1016,8,5,3,21,6,,1.02,8,Rain,-1
2/28/2014,18,13,8,13,6,1,93,56,22,1020,1016,1013,31,18,2,23,11,,0,8,Rain,-1
3/1/2014,9,8,7,7,6,4,86,71,49,1020,1018,1016,10,7,3,14,8,,1.02,8,Rain,-1
3/2/2014,6,6,5,5,4,3,90,85,76,1016,1015,1013,14,6,3,13,10,,7.87,8,Rain,-1
3/3/2014,11,7,4,3,-2,-10,87,50,16,1028,1022,1016,19,16,6,14,10,,0,8,Rain,-1
3/4/2014,11,7,2,3,-4,-9,57,33,20,1031,1028,1025,19,19,19,16,10,,3.05,8,,-1
3/5/2014,9,7,4,6,4,1,90,81,48,1024,1012,1002,14,5,3,21,10,,23.88,8,Rain,-1
3/6/2014,9,6,3,-1,-11,-14,37,20,10,1020,1013,1005,31,25,19,34,21,,0,,,-1
3/7/2014,9,6,2,-3,-11,-17,44,23,7,1022,1020,1017,31,19,6,21,14,,0,,Snow,-1
3/8/2014,10,6,2,-2,-8,-11,36,24,14,1020,1018,1015,31,24,19,16,10,,0,,,-1
3/9/2014,9,6,3,2,-5,-10,66,34,15,1018,1013,1008,19,19,19,14,10,,0,8,,-1
3/10/2014,8,6,2,3,-9,-14,71,27,10,1020,1012,1007,31,27,19,32,16,,0,8,,-1
3/11/2014,11,6,1,-2,-9,-16,40,23,6,1025,1023,1021,31,31,31,21,11,,0,,,-1
3/12/2014,16,9,3,3,-2,-6,46,30,19,1022,1019,1015,19,14,10,16,8,,0,,,-1
3/13/2014,18,13,8,16,8,2,91,72,50,1018,1007,991,14,8,3,29,11,,30.99,8,Rain,-1
3/14/2014,12,9,7,9,-1,-8,74,38,18,1012,1004,994,19,19,19,23,11,,0,8,Rain,-1
3/15/2014,12,8,4,3,-6,-9,57,27,13,1020,1017,1013,31,22,19,26,16,,0,,,-1
3/16/2014,17,11,4,4,0,-2,64,39,22,1021,1018,1013,19,19,19,24,10,,0,,,-1
3/17/2014,17,11,6,8,2,-4,62,37,21,1026,1023,1022,19,15,10,23,11,,0,,,-1
3/18/2014,20,14,8,12,8,3,76,56,33,1022,1013,1005,14,12,6,32,11,,0,,Rain,-1
3/19/2014,13,11,10,3,-1,-5,48,31,21,1021,1016,1010,19,19,14,19,13,,0,8,,-1
3/20/2014,9,8,7,7,6,2,89,78,49,1019,1006,993,10,7,3,19,10,,13.97,8,Rain,-1
3/21/2014,14,11,7,4,-4,-9,69,29,11,1011,1000,993,31,24,14,32,14,,0,,Rain,-1
3/22/2014,14,9,5,2,-6,-9,43,24,13,1022,1017,1012,31,27,19,21,14,,0,,Rain,-1
3/23/2014,17,12,7,4,-4,-8,57,24,10,1024,1022,1021,31,31,31,19,11,,0,,,-1
3/24/2014,18,13,8,7,-2,-7,59,27,9,1026,1023,1020,31,21,19,21,10,,0,,,-1
3/25/2014,22,17,11,8,4,1,50,33,14,1020,1015,1012,19,16,10,19,11,,0,,,-1
3/26/2014,19,16,13,13,7,2,79,46,29,1015,1013,1008,19,16,14,21,8,,0,8,,-1
3/27/2014,13,12,11,12,9,4,88,72,47,1018,1011,1006,19,9,2,19,10,,5.08,8,Rain,-1
3/28/2014,20,14,8,7,4,-2,78,43,14,1022,1019,1018,31,17,10,21,8,,0,,,-1
3/29/2014,22,18,13,11,7,4,55,39,23,1019,1015,1011,19,19,19,23,13,,1.02,,,-1
3/30/2014,19,17,15,17,13,4,87,74,34,1010,998,986,19,11,5,39,19,,10.92,8,Rain-Thunderstorm,-1
3/31/2014,20,17,13,4,-1,-6,38,22,9,1012,1005,993,31,22,19,29,19,,0,,,-1
4/1/2014,18,14,11,2,-2,-6,32,21,13,1021,1017,1013,31,23,19,24,11,,0,,,-1
4/2/2014,19,14,10,11,5,1,67,41,25,1024,1022,1021,19,19,14,21,10,,0,8,,-1
4/3/2014,15,14,13,14,12,11,97,86,64,1021,1015,1007,14,6,2,10,8,,45.97,8,Rain,-1
4/4/2014,22,17,12,13,9,-2,97,65,27,1005,995,989,19,12,3,32,11,,2.03,8,Rain-Thunderstorm,-1
4/5/2014,14,11,8,5,-2,-6,52,30,17,1011,1008,1002,31,29,19,21,14,,6.1,,,-1
4/6/2014,13,10,6,5,0,-7,87,48,18,1013,1009,1005,31,17,10,26,13,,0,8,Rain-Thunderstorm,-1
4/7/2014,16,11,6,6,-2,-8,55,31,16,1016,1014,1012,31,25,19,19,10,,0,,,-1
4/8/2014,22,16,9,9,4,-1,69,38,13,1016,1012,1010,19,15,10,14,6,,0,,,-1
4/9/2014,20,16,11,10,6,-2,65,44,24,1019,1016,1014,14,13,10,19,8,,0,,,-1
4/10/2014,23,17,11,11,6,-4,69,41,19,1014,1010,1004,14,13,10,34,10,,0,,,-1
4/11/2014,18,13,7,2,-7,-12,33,16,6,1019,1017,1014,31,22,14,34,19,,0,,,-1
4/12/2014,20,14,9,-7,-9,-13,18,10,4,1020,1018,1015,31,23,19,14,10,,0,,,-1
4/13/2014,18,14,9,6,-3,-11,45,21,8,1020,1018,1016,19,19,19,21,8,,0,8,,-1
4/14/2014,17,14,11,8,5,2,59,43,35,1019,1017,1016,19,19,14,23,11,,0,,,-1
4/15/2014,21,16,10,9,6,3,68,43,23,1017,1014,1009,19,19,19,24,11,,0,,,-1
4/16/2014,23,18,13,11,6,-2,62,34,15,1014,1012,1010,19,14,10,23,10,,0,8,,-1
4/17/2014,22,18,13,13,9,-1,66,46,20,1015,1013,1011,19,14,10,16,10,,0,,,-1
4/18/2014,12,11,9,14,8,6,84,70,50,1016,1014,1012,10,8,5,14,8,,0.51,8,Rain,-1
4/19/2014,18,13,8,7,4,-1,79,52,20,1024,1018,1015,14,12,10,23,10,,0.51,8,Rain,-1
4/20/2014,14,10,7,8,4,2,65,54,40,1025,1024,1022,26,18,14,14,10,,1.02,8,Rain,-1
4/21/2014,17,13,10,13,11,8,92,83,60,1022,1017,1012,10,6,2,26,8,,2.03,8,Rain,-1
4/22/2014,20,16,12,12,11,10,92,71,45,1014,1010,1009,19,14,8,21,11,,4.06,8,Rain,-1
4/23/2014,21,17,12,13,6,-1,89,46,15,1019,1015,1013,19,18,14,16,10,,0,,Rain,-1
4/24/2014,22,17,12,11,7,2,64,42,21,1025,1023,1020,19,17,10,19,10,,0,,,-1
4/25/2014,22,18,13,12,8,1,75,46,15,1026,1025,1023,19,13,10,21,11,,0,,,-1
4/26/2014,24,19,14,11,9,3,75,48,17,1029,1027,1025,19,13,8,19,10,,0,,,-1
4/27/2014,22,18,14,11,9,5,67,46,24,1028,1025,1022,19,19,14,24,11,,0,,,-1
4/28/2014,23,19,14,11,8,5,58,41,21,1022,1019,1017,31,23,19,23,13,,0,8,,-1
4/29/2014,21,18,16,12,12,11,70,57,49,1020,1019,1017,19,15,10,19,10,,2.03,8,Rain,-1
4/30/2014,18,16,14,17,14,12,90,84,74,1019,1016,1013,14,7,3,26,11,,17.02,8,Rain,-1
5/1/2014,24,21,17,17,15,13,94,66,42,1013,1009,1006,19,13,2,27,18,,0,8,Rain,-1
5/2/2014,26,21,17,15,13,11,72,53,29,1013,1011,1009,19,18,14,21,8,,0,,,-1
5/3/2014,26,21,16,15,12,8,79,48,29,1014,1010,1006,19,17,14,14,8,,0,,,-1
5/4/2014,23,19,14,9,-1,-7,46,20,7,1022,1019,1014,31,24,14,32,18,,0,,,-1
5/5/2014,21,19,17,15,13,9,77,62,51,1021,1017,1014,19,15,10,24,13,,0,8,Rain,-1
5/6/2014,14,13,13,16,10,6,85,69,46,1017,1014,1012,14,12,6,21,13,,0,8,Rain,-1
5/7/2014,21,16,11,12,8,6,75,50,31,1020,1018,1016,19,16,10,21,10,,0,,,-1
5/8/2014,21,18,16,13,12,9,64,55,43,1018,1016,1012,19,19,19,39,16,,0,,,-1
5/9/2014,27,21,16,14,11,2,74,50,21,1012,1010,1005,31,25,14,23,13,,2.03,,Thunderstorm,-1
5/10/2014,24,19,13,9,2,-3,63,24,8,1020,1015,1012,31,26,19,29,14,,0,,,-1
5/11/2014,25,21,17,10,3,0,44,23,11,1023,1022,1020,31,28,19,19,10,,0,,,-1
5/12/2014,23,20,17,14,10,7,74,44,25,1023,1016,1011,31,25,19,35,18,,3.05,8,Rain,-1
5/13/2014,22,19,16,18,17,13,93,80,63,1010,1006,1002,14,9,3,24,14,,1.02,8,Rain,-1
5/14/2014,27,22,17,18,16,13,91,63,33,1009,1006,1003,14,10,8,23,8,,0,8,,-1
5/15/2014,22,20,18,16,14,12,79,61,45,1002,996,992,31,19,10,16,11,,0,8,Rain,-1
5/16/2014,26,22,18,13,9,-1,51,35,12,1002,998,995,26,21,19,26,11,,0,,,-1
5/17/2014,26,21,17,11,6,4,41,26,17,1011,1006,1002,31,31,31,24,14,,0,,Rain,-1
5/18/2014,25,21,16,13,9,6,60,37,21,1014,1012,1011,31,31,31,19,10,,0,,,-1
5/19/2014,26,21,17,17,13,9,79,52,35,1016,1014,1012,31,22,14,16,8,,0,8,,-1
5/20/2014,26,22,18,17,14,12,79,57,33,1015,1012,1009,19,14,8,16,8,,12.95,8,,-1
5/21/2014,18,17,16,17,16,12,93,84,57,1008,999,993,31,10,3,26,11,,19.05,8,Rain,-1
5/22/2014,23,18,14,17,13,8,85,64,29,1012,1005,1000,31,21,8,19,6,,20.07,,Rain-Thunderstorm,-1
5/23/2014,22,18,14,13,11,9,74,57,40,1019,1016,1012,31,23,19,16,11,,0,8,,-1
5/24/2014,25,20,15,15,14,13,81,58,39,1020,1017,1014,19,19,19,23,11,,0,,,-1
5/25/2014,27,23,20,18,16,16,77,60,42,1014,1013,1011,19,19,19,14,10,,0,,,-1
5/26/2014,24,22,19,17,16,14,84,66,44,1013,1009,1007,31,19,8,35,14,,19.05,8,Rain,-1
5/27/2014,26,22,17,18,18,17,95,76,53,1007,1003,1000,19,13,3,19,11,,0,8,Rain,-1
5/28/2014,27,23,19,18,17,13,80,64,34,1007,1006,1005,19,14,8,19,8,,0,,,-1
5/29/2014,27,23,19,18,17,15,80,60,38,1012,1008,1006,19,14,10,14,8,,0,,,-1
5/30/2014,29,24,20,19,17,13,78,55,36,1013,1012,1010,19,13,8,19,8,,0,,,-1
5/31/2014,31,26,20,19,16,11,83,51,20,1013,1012,1010,14,11,8,16,8,,0,,,-1
6/1/2014,33,27,21,18,16,11,79,45,19,1013,1012,1011,19,11,6,16,8,,0,,,-1
6/2/2014,31,26,21,18,17,14,76,51,29,1015,1014,1012,10,9,8,14,8,,0,,,-1
6/3/2014,29,24,20,20,18,17,74,63,46,1015,1014,1011,10,9,8,19,8,,0,8,,-1
6/4/2014,29,26,22,18,17,15,74,58,38,1014,1013,1011,14,10,6,23,10,,0,,,-1
6/5/2014,23,21,19,18,17,15,92,70,55,1013,1011,1010,31,15,3,14,10,,14.99,8,Rain,-1
6/6/2014,21,19,18,19,18,17,95,87,75,1009,1007,1005,14,7,3,19,11,,87.12,8,Rain,-1
6/7/2014,19,18,18,18,17,17,94,91,88,1008,1007,1005,5,4,3,16,13,,12.95,8,Rain,-1
6/8/2014,22,20,18,21,19,17,96,87,71,1010,1006,1004,14,8,3,16,11,,0,8,Rain,-1
6/9/2014,26,22,19,21,19,18,93,76,57,1014,1012,1010,14,12,10,21,6,,2.03,8,Rain-Thunderstorm,-1
6/10/2014,28,24,20,21,19,19,92,75,51,1014,1013,1011,19,11,5,19,6,,0,,Rain,-1
6/11/2014,24,22,21,21,20,19,92,84,69,1012,1008,1004,14,8,3,14,6,,11.94,8,Rain,-1
6/12/2014,23,22,21,21,20,19,95,88,76,1002,995,992,19,9,3,16,10,,1.02,8,Rain,-1
6/13/2014,30,25,20,20,18,15,95,63,38,1002,995,991,31,21,19,16,8,,1.02,,,-1
6/14/2014,29,24,20,18,15,12,71,47,25,1005,1003,1001,31,24,19,24,10,,0,,,-1
6/15/2014,29,24,20,18,16,11,76,51,22,1007,1005,1004,31,27,19,19,8,,0,,,-1
6/16/2014,29,26,22,19,17,13,69,53,28,1006,1005,1003,26,16,10,19,8,,0,,,-1
6/17/2014,28,24,22,20,18,17,78,63,43,1007,1006,1005,10,8,6,19,8,,0,8,,-1
6/18/2014,25,23,22,19,18,14,81,66,42,1006,1004,1002,14,10,6,16,6,,0,8,Rain,-1
6/19/2014,28,24,21,18,16,13,73,50,28,1007,1005,1003,31,21,10,23,10,,0,,,-1
6/20/2014,28,24,22,19,17,16,69,56,43,1011,1009,1007,31,22,14,23,11,,0,,,-1
6/21/2014,27,24,22,20,19,18,76,65,53,1011,1010,1008,19,13,10,21,10,,0,,,-1
6/22/2014,23,22,22,21,19,18,85,77,64,1007,1004,1003,19,14,10,11,6,,4.06,8,Rain,-1
6/23/2014,28,24,21,19,18,16,78,61,44,1006,1004,1003,26,19,14,16,8,,0,8,Rain,-1
6/24/2014,26,23,21,21,19,18,89,76,56,1008,1006,1005,19,11,8,19,6,,5.08,8,Rain-Thunderstorm,-1
6/25/2014,26,23,21,20,19,18,91,77,64,1012,1010,1008,10,8,6,14,6,,5.08,8,Rain-Thunderstorm,-1
6/26/2014,28,24,20,20,19,18,82,68,46,1013,1012,1010,19,12,6,19,8,,0,8,,-1
6/27/2014,26,24,22,21,20,19,81,73,57,1012,1010,1008,19,15,3,11,8,,7.87,,Rain,-1
6/28/2014,24,23,21,22,21,21,94,84,72,1008,1005,1002,19,11,6,14,8,,7.11,8,Rain,-1
6/29/2014,29,25,21,22,21,19,96,83,58,1006,1002,1000,31,13,3,14,6,,14.99,8,Rain,-1
6/30/2014,27,24,21,21,19,18,83,70,51,1010,1009,1006,19,18,14,16,8,,0,8,,-1
7/1/2014,29,25,21,21,19,18,84,65,39,1012,1010,1009,19,17,10,16,10,,0,8,Rain,-1
7/2/2014,30,26,22,21,19,16,84,60,32,1013,1011,1009,19,18,14,19,8,,0,,,-1
7/3/2014,27,25,23,21,20,18,88,70,52,1010,1008,1006,14,11,8,21,10,,4.06,8,Rain,-1
7/4/2014,23,22,21,21,20,19,92,86,79,1007,1005,1005,10,6,3,14,8,,2.03,8,Rain,-1
7/5/2014,24,22,20,20,19,18,94,79,59,1012,1009,1006,19,9,2,11,8,,0,8,Rain,-1
7/6/2014,28,24,21,21,19,16,85,66,42,1012,1011,1010,19,16,8,14,8,,0.51,,,-1
7/7/2014,24,23,21,23,22,21,94,86,77,1010,1008,1005,10,8,3,16,10,,2.03,8,Rain,-1
7/8/2014,31,26,21,22,20,16,95,62,38,1012,1010,1007,26,18,8,14,8,,1.02,,,-1
7/9/2014,26,24,23,23,22,20,95,84,65,1012,1011,1007,10,6,2,19,10,,7.87,8,Rain,-1
7/10/2014,29,26,23,24,23,22,92,80,63,1007,1001,994,19,15,8,32,16,,1.02,8,Rain,-1
7/11/2014,34,29,24,24,24,23,95,73,47,999,993,990,31,19,2,21,13,,2.03,8,Rain,-1
7/12/2014,33,29,26,24,22,18,77,56,43,1005,1002,999,31,23,19,21,8,,0,,Rain,-1
7/13/2014,28,27,26,24,22,19,80,69,49,1006,1004,1002,19,12,8,24,11,,0,8,Rain,-1
7/14/2014,33,29,25,24,23,21,80,66,54,1010,1005,1002,19,13,8,14,10,,0,8,Rain,-1
7/15/2014,32,28,24,23,21,20,72,58,44,1013,1012,1010,19,17,14,16,10,,0,,,-1
7/16/2014,32,28,24,24,23,22,81,68,53,1014,1011,1008,14,10,8,16,8,,0,,,-1
7/17/2014,32,28,24,23,22,21,81,67,53,1014,1012,1011,14,13,10,21,10,,0,8,Rain,-1
7/18/2014,27,24,22,22,21,21,91,75,61,1015,1013,1012,19,12,5,11,8,,3.05,8,Rain-Thunderstorm,-1
7/19/2014,26,24,22,23,21,20,91,79,67,1015,1014,1012,14,11,10,11,8,,7.11,8,Rain,-1
7/20/2014,29,26,22,22,21,19,93,75,49,1013,1011,1009,19,14,3,13,6,,53.09,8,Rain-Thunderstorm,-1
7/21/2014,28,26,22,22,21,20,92,75,55,1012,1011,1010,14,12,8,21,8,,0,8,,-1
7/22/2014,31,28,24,24,23,22,80,68,53,1011,1009,1007,14,10,10,16,10,,0,,,-1
7/23/2014,33,29,26,24,23,22,84,65,45,1007,1005,1003,10,9,8,14,6,,0,,,-1
7/24/2014,34,31,27,25,24,23,84,64,46,1008,1004,1002,10,8,8,19,6,,7.11,8,Rain-Thunderstorm,-1
7/25/2014,36,31,26,24,23,22,79,59,38,1013,1010,1008,14,11,10,23,8,,0,,,-1
7/26/2014,34,31,28,26,24,23,82,65,48,1013,1011,1008,14,9,6,21,10,,0,,,-1
7/27/2014,34,31,28,26,24,21,85,63,51,1006,1004,1001,19,17,14,19,11,,3.05,,Rain,-1
7/28/2014,31,28,26,21,18,17,58,48,41,1012,1008,1005,31,21,19,19,10,,0,,,-1
7/29/2014,32,28,24,21,19,16,72,52,31,1016,1014,1011,19,18,14,23,10,,0,,,-1
7/30/2014,32,28,25,23,22,21,76,61,43,1017,1016,1015,19,15,10,21,13,,0,,,-1
7/31/2014,34,30,26,24,23,22,79,63,44,1015,1013,1011,19,14,10,16,10,,0,,,-1
8/1/2014,33,30,26,25,24,23,81,64,49,1012,1011,1009,19,17,14,21,10,,0,8,Thunderstorm,-1
8/2/2014,35,31,27,24,23,21,74,55,37,1011,1010,1008,19,15,14,16,6,,0,,,-1
8/3/2014,35,31,28,24,22,22,67,53,36,1009,1008,1007,31,21,14,19,8,,0,,,-1
8/4/2014,34,31,28,23,23,22,67,55,43,1008,1007,1005,31,27,19,29,16,,0,,Rain,-1
8/5/2014,36,32,28,24,23,23,67,56,41,1007,1006,1004,31,27,14,29,19,,0,,,-1
8/6/2014,36,32,28,23,23,22,70,55,41,1006,1005,1004,31,31,31,26,19,,0,,,-1
8/7/2014,34,31,27,24,22,21,66,57,44,1008,1006,1005,31,26,19,29,18,,0,,,-1
8/8/2014,32,29,26,23,22,21,71,59,48,1011,1009,1008,19,18,14,16,11,,0,,Rain,-1
8/9/2014,27,26,23,23,22,21,82,73,62,1013,1011,1010,19,13,5,16,10,,7.87,8,Rain,-1
8/10/2014,29,26,22,26,23,21,96,83,68,1010,1003,997,19,9,3,35,16,,34.04,8,Rain,-1
8/11/2014,33,30,27,24,23,22,78,60,49,1001,998,996,19,19,14,34,27,,0,,,-1
8/12/2014,29,26,22,24,22,20,89,72,61,1008,1005,1002,19,15,8,23,14,,0.51,8,Rain,-1
8/13/2014,31,27,22,24,22,20,87,70,51,1011,1010,1008,19,15,10,13,8,,0,8,Rain,-1
8/14/2014,30,28,26,26,24,23,94,81,64,1012,1011,1011,10,7,2,8,5,,20.07,8,Rain,-1
8/15/2014,33,29,26,25,24,23,90,67,51,1011,1008,1005,31,23,14,29,14,,0,,,-1
8/16/2014,31,27,23,25,23,22,88,74,64,1012,1009,1006,19,17,14,19,13,,2.03,,Rain,-1
8/17/2014,31,27,22,24,22,22,90,77,52,1015,1013,1012,31,12,3,13,6,,0,8,,-1
8/18/2014,33,29,26,25,23,22,85,67,52,1016,1014,1013,19,15,10,24,8,,0,,,-1
8/19/2014,34,30,26,24,23,22,75,59,43,1014,1013,1012,31,25,14,19,13,,0,,,-1
8/20/2014,34,31,28,26,25,24,79,63,48,1014,1012,1011,19,17,10,16,8,,0,,,-1
8/21/2014,34,31,27,25,24,23,76,63,50,1013,1012,1010,31,20,14,21,8,,0,,,-1
8/22/2014,34,31,27,26,24,22,81,64,47,1012,1011,1009,19,19,14,23,10,,0,,,-1
8/23/2014,30,28,26,24,22,21,74,64,55,1012,1011,1010,31,24,19,19,10,,0,,Rain,-1
8/24/2014,32,28,25,23,22,21,70,60,45,1011,1011,1009,19,19,14,14,8,,0,,,-1
8/25/2014,29,27,25,23,22,21,79,67,52,1011,1010,1009,19,12,10,11,8,,0,8,Rain,-1
8/26/2014,27,25,23,23,22,21,83,75,66,1011,1009,1007,14,9,6,16,8,,0,8,Rain,-1
8/27/2014,22,21,20,21,19,18,91,83,74,1016,1014,1011,10,8,5,16,10,,2.03,8,Rain,-1
8/28/2014,23,21,19,21,19,18,93,88,79,1016,1015,1014,19,10,5,11,6,,2.03,8,Rain,-1
8/29/2014,26,23,21,21,20,19,94,78,60,1016,1015,1014,19,15,5,14,6,,13.97,8,Rain,-1
8/30/2014,26,23,19,21,19,18,94,75,57,1015,1014,1012,31,22,5,11,10,,0,8,Rain,-1
8/31/2014,26,23,21,20,19,18,80,71,62,1016,1014,1013,19,19,19,11,6,,0,,Rain,-1
9/1/2014,23,22,20,21,20,19,94,85,74,1016,1015,1014,19,10,3,13,8,,34.04,8,Rain,-1
9/2/2014,29,24,20,21,19,17,93,67,44,1016,1014,1012,31,23,14,19,10,,0,,,-1
9/3/2014,27,24,22,19,18,18,76,65,50,1017,1016,1014,19,18,14,21,8,,0,8,Rain,-1
9/4/2014,27,24,22,21,19,18,75,65,55,1015,1014,1012,26,20,19,16,8,,0,8,Rain,-1
9/5/2014,31,28,24,24,23,21,78,69,55,1013,1012,1010,26,20,14,21,10,,0,,,-1
9/6/2014,31,28,25,24,23,21,94,69,53,1013,1012,1010,19,14,10,16,10,,10.92,8,Rain,-1
9/7/2014,22,21,19,23,19,18,91,82,71,1010,1009,1008,19,12,5,14,8,,1.02,8,Rain,-1
9/8/2014,24,22,19,20,19,18,92,77,63,1009,1007,1006,19,11,6,11,6,,1.02,8,Rain,-1
9/9/2014,28,24,20,19,18,17,92,67,43,1009,1005,1003,19,15,3,16,11,,0,8,Rain,-1
9/10/2014,27,24,21,22,19,17,90,71,57,1011,1010,1009,19,15,5,32,6,,81.03,8,Rain-Thunderstorm,-1
9/11/2014,23,21,20,21,19,17,90,81,66,1011,1010,1008,10,9,5,11,6,,5.08,8,Rain-Thunderstorm,-1
9/12/2014,27,23,19,18,16,13,80,57,32,1012,1010,1009,26,20,14,13,8,,0,8,Rain,-1
9/13/2014,27,23,20,18,16,14,68,57,45,1012,1011,1009,19,19,19,16,10,,0,,,-1
9/14/2014,28,24,19,18,16,13,76,55,29,1015,1013,1011,31,26,19,14,10,,0,,,-1
9/15/2014,26,23,21,20,17,14,73,56,44,1015,1014,1012,26,19,14,13,6,,0,,,-1
9/16/2014,29,26,21,21,19,17,80,61,41,1012,1011,1009,19,15,10,14,8,,0,,,-1
9/17/2014,26,23,21,21,16,15,75,56,42,1015,1013,1012,31,21,19,14,10,,0,8,Rain,-1
9/18/2014,26,22,19,15,11,4,64,40,19,1013,1012,1010,19,19,19,21,11,,0,,,-1
9/19/2014,26,22,18,13,9,7,48,34,22,1014,1013,1011,26,22,19,13,8,,0,,,-1
9/20/2014,22,21,19,15,13,11,64,53,43,1016,1014,1012,19,19,19,14,10,,0,8,Rain,-1
9/21/2014,27,21,16,15,13,11,65,49,29,1018,1016,1015,19,19,19,14,10,,0,,,-1
9/22/2014,27,23,19,17,15,12,79,54,35,1020,1017,1015,19,17,14,14,6,,0,,Rain,-1
9/23/2014,26,22,17,16,13,11,68,48,32,1023,1021,1019,19,17,10,21,10,,0,,,-1
9/24/2014,26,22,19,20,17,14,88,67,50,1020,1017,1012,19,13,8,24,10,,7.87,8,Rain,-1
9/25/2014,28,24,21,23,21,17,88,73,52,1011,1005,1001,14,10,6,26,19,,5.08,8,Rain,-1
9/26/2014,28,24,20,18,16,13,79,55,32,1021,1014,1008,31,22,14,19,11,,0,,Rain,-1
9/27/2014,23,20,17,14,13,12,63,55,46,1022,1020,1017,19,19,19,19,11,,0,,,-1
9/28/2014,27,22,17,16,14,12,66,55,39,1017,1013,1009,19,19,14,16,11,,0,,,-1
9/29/2014,28,24,20,16,13,11,62,44,23,1010,1009,1007,31,25,14,16,11,,0,,,-1
9/30/2014,29,24,21,19,16,12,64,50,28,1014,1012,1010,19,15,10,11,6,,0,,,-1
10/1/2014,24,22,20,19,17,16,86,71,57,1019,1016,1014,14,11,6,13,8,,2.03,8,Rain,-1
10/2/2014,24,22,19,21,17,15,87,71,59,1017,1014,1010,14,10,5,14,6,,0,8,Rain,-1
10/3/2014,29,26,22,22,20,18,81,64,50,1010,1007,1004,31,20,14,23,14,,0,,,-1
10/4/2014,26,24,23,21,17,14,73,54,45,1019,1012,1007,19,16,14,14,8,,0,8,,-1
10/5/2014,17,16,16,17,15,14,97,84,52,1022,1019,1012,14,6,3,14,11,,99.06,8,Rain-Thunderstorm,-1
10/6/2014,28,22,16,22,16,13,98,72,38,1011,999,979,31,15,2,32,16,,35.05,8,Rain,-1
10/7/2014,24,21,17,16,13,11,73,55,37,1022,1017,1008,31,27,19,13,10,,0,,,-1
10/8/2014,24,20,17,14,13,11,67,53,35,1023,1022,1021,31,21,19,13,6,,0,,,-1
10/9/2014,24,21,18,16,15,14,76,61,49,1024,1023,1022,26,16,10,19,8,,0,,Rain,-1
10/10/2014,26,22,18,16,14,13,79,54,37,1022,1020,1018,26,22,19,14,8,,0,,,-1
10/11/2014,23,21,18,16,14,12,74,58,44,1026,1023,1020,19,17,14,13,10,,0,8,,-1
10/12/2014,21,19,17,12,11,10,62,51,43,1027,1025,1021,19,17,14,13,6,,0,8,,-1
10/13/2014,23,19,16,22,15,11,96,78,53,1021,1008,991,19,11,3,32,6,,28.96,8,Rain,-1
10/14/2014,27,23,19,22,14,8,89,51,28,1011,997,986,31,17,5,34,24,,0,8,Rain,-1
10/15/2014,18,17,14,12,9,7,79,57,38,1020,1017,1012,31,19,10,14,10,,7.87,8,Rain,-1
10/16/2014,21,17,13,15,12,8,80,67,49,1019,1016,1014,31,17,10,14,10,,0,,Rain,-1
10/17/2014,24,19,15,14,8,2,86,46,19,1021,1016,1013,26,18,8,19,10,,0,,,-1
10/18/2014,22,18,13,11,6,2,51,36,26,1026,1023,1021,19,19,19,14,10,,0,,,-1
10/19/2014,23,18,13,12,9,6,60,47,35,1029,1027,1026,19,19,14,16,8,,0,,,-1
10/20/2014,24,20,16,15,13,12,78,60,43,1027,1024,1022,19,13,10,14,8,,0,8,Rain,-1
10/21/2014,21,19,16,18,16,13,88,80,69,1022,1017,1012,19,13,5,21,8,,0,8,Rain,-1
10/22/2014,16,15,14,17,14,12,90,86,80,1015,1013,1010,8,5,3,19,10,,17.02,8,Rain,-1
10/23/2014,15,14,13,12,11,10,88,76,65,1021,1019,1015,14,12,10,11,8,,0.51,8,Rain,-1
10/24/2014,21,17,13,12,11,9,78,59,39,1023,1022,1021,19,17,10,10,6,,0,8,,-1
10/25/2014,22,18,13,17,14,12,90,69,48,1025,1023,1022,19,11,8,14,6,,0,,,-1
10/26/2014,24,20,16,18,14,11,81,63,54,1023,1020,1015,14,12,10,13,8,,3.05,,,-1
10/27/2014,23,19,16,18,13,3,92,64,29,1015,1011,1008,19,15,8,26,8,,0,,,-1
10/28/2014,20,17,13,3,1,-1,33,24,17,1022,1018,1014,31,24,19,26,18,,0,,,-1
10/29/2014,21,17,13,11,3,-1,65,31,17,1026,1024,1022,31,26,19,16,11,,0,,,-1
10/30/2014,22,17,12,13,8,3,75,48,31,1029,1027,1026,31,18,10,13,10,,0,,,-1
10/31/2014,21,18,15,15,12,8,70,57,43,1026,1024,1022,19,12,6,10,6,,0,8,Rain,-1
11/1/2014,18,17,16,16,14,12,94,79,59,1022,1017,1012,10,5,3,13,6,,8.89,8,Rain,-1
11/2/2014,22,19,15,18,16,14,94,77,59,1011,1005,998,19,14,5,19,8,,0,8,Rain,-1
11/3/2014,21,18,15,16,7,2,85,40,19,1012,1005,998,31,23,10,19,10,,0,,,-1
11/4/2014,19,16,12,9,4,2,51,33,21,1024,1019,1013,31,25,19,16,11,,0,,,-1
11/5/2014,17,14,12,11,7,3,62,48,39,1025,1023,1021,26,20,19,16,11,,0,8,,-1
11/6/2014,21,18,14,16,13,9,83,65,54,1020,1015,1010,19,15,10,14,10,,2.03,8,Rain,-1
11/7/2014,21,18,15,14,6,3,74,35,24,1026,1017,1009,31,24,19,21,11,,0,,,-1
11/8/2014,16,14,13,8,4,1,53,39,29,1029,1027,1026,19,13,10,13,8,,0,8,Rain,-1
11/9/2014,17,15,13,13,11,8,84,68,55,1026,1022,1017,19,10,6,11,6,,0.51,8,Rain,-1
11/10/2014,22,18,13,12,10,6,84,54,23,1019,1016,1015,31,21,10,16,8,,0,,,-1
11/11/2014,15,14,13,10,7,3,67,51,33,1019,1016,1013,19,14,10,13,8,,0.51,8,Rain,-1
11/12/2014,16,14,12,13,11,8,90,76,52,1012,1007,1002,10,9,6,11,6,,0.51,8,Rain,-1
11/13/2014,21,16,11,11,3,-6,90,42,11,1012,1005,1002,19,16,14,19,6,,0,,,-1
11/14/2014,17,12,8,7,-1,-4,61,30,19,1016,1015,1012,31,31,31,14,10,,0,,,-1
11/15/2014,17,13,8,2,0,-2,50,30,16,1024,1020,1017,31,31,31,16,10,,0,,,-1
11/16/2014,16,13,9,7,1,-1,56,36,21,1025,1023,1022,31,31,31,14,10,,0,,,-1
11/17/2014,15,12,9,8,4,2,53,47,36,1022,1019,1014,31,21,14,13,8,,0,,,-1
11/18/2014,17,13,10,5,1,-3,56,34,18,1021,1017,1014,31,24,14,21,11,,0,,,-1
11/19/2014,16,12,9,1,-2,-4,43,26,17,1027,1023,1021,31,31,31,24,11,,0,,,-1
11/20/2014,11,9,7,8,3,0,89,60,39,1028,1027,1025,31,16,6,13,6,,18.03,8,Rain,-1
11/21/2014,16,12,8,10,7,4,85,64,47,1028,1026,1025,31,20,14,13,8,,0,,,-1
11/22/2014,18,14,10,9,7,6,79,58,35,1026,1023,1020,19,14,10,11,6,,0,,,-1
11/23/2014,19,14,9,10,7,3,62,50,34,1024,1022,1021,31,20,14,13,8,,0,,,-1
11/24/2014,16,13,11,8,7,5,72,54,46,1025,1021,1017,19,14,10,11,6,,0,,,-1
11/25/2014,12,11,9,11,9,8,90,79,67,1016,1015,1014,14,8,5,16,8,,7.11,8,Rain,-1
11/26/2014,10,9,8,8,8,7,92,87,72,1016,1015,1012,14,6,3,26,18,,20.07,8,Rain,-1
11/27/2014,17,12,8,10,8,6,82,63,45,1025,1020,1014,31,25,19,19,10,,0,,Rain,-1
11/28/2014,16,13,11,12,10,8,81,69,58,1027,1024,1021,19,15,6,8,5,,0,,Rain,-1
11/29/2014,19,16,12,16,12,9,92,82,71,1020,1014,1011,14,8,3,13,6,,7.87,8,Rain,-1
11/30/2014,17,14,12,12,11,9,83,67,59,1019,1016,1012,19,18,14,11,6,,7.11,8,,-1
12/1/2014,14,13,12,13,12,12,94,89,83,1011,1000,993,19,9,3,13,6,,4.06,8,Rain,-1
12/2/2014,14,10,7,12,-1,-10,85,36,12,1009,1002,995,31,28,19,24,13,,0,,,-1
12/3/2014,13,8,3,-3,-6,-8,42,26,14,1015,1013,1009,31,25,19,16,11,,0,,,-1
12/4/2014,13,9,6,8,3,-4,98,64,28,1015,1010,1005,31,18,3,14,8,,5.08,8,Rain,-1
12/5/2014,13,9,5,5,-1,-9,81,46,14,1007,1005,1003,31,25,14,16,8,,0,,,-1
12/6/2014,9,6,2,-1,-4,-7,55,41,19,1012,1009,1007,31,29,19,13,6,,0,,,-1
12/7/2014,11,6,2,-3,-5,-8,54,33,17,1025,1019,1012,31,27,19,16,10,,0,,,-1
12/8/2014,11,7,3,1,-2,-4,53,42,26,1026,1024,1023,31,24,19,11,6,,0,,,-1
12/9/2014,12,8,3,-1,-3,-7,61,38,23,1027,1024,1021,31,23,19,26,11,,0,,,-1
12/10/2014,11,7,3,0,-4,-7,46,32,21,1030,1027,1024,31,23,14,14,10,,0,,,-1
12/11/2014,16,11,5,13,4,-2,92,64,42,1023,1012,1005,19,14,10,21,8,,2.03,8,Rain,-1
12/12/2014,11,9,7,3,-1,-3,55,36,26,1013,1010,1008,31,24,19,16,10,,0,,Rain,-1
12/13/2014,12,7,2,2,-2,-8,84,45,13,1012,1009,1007,31,24,14,16,8,,0,,,-1
12/14/2014,9,5,1,-3,-4,-7,58,39,25,1020,1016,1012,31,26,14,13,8,,0,,Snow,-1
12/15/2014,10,5,0,-4,-6,-8,61,36,20,1027,1024,1021,31,26,19,16,6,,0,8,,-1
12/16/2014,5,3,2,4,-1,-7,96,65,35,1026,1010,992,31,17,3,23,10,,18.03,8,Rain,-1
12/17/2014,9,6,2,4,-5,-10,95,42,17,1003,999,994,31,31,31,26,14,,0,,,-1
12/18/2014,8,3,-2,-7,-10,-14,44,26,9,1025,1013,1004,31,31,31,37,13,,0,,,-1
12/19/2014,9,4,0,-1,-6,-9,52,32,18,1031,1029,1025,31,28,19,16,11,,0,,,-1
12/20/2014,7,6,3,6,0,-4,95,64,41,1029,1018,1004,19,12,3,16,8,,20.07,8,Rain,-1
12/21/2014,12,8,4,6,2,-2,86,57,28,1011,1008,1004,31,30,26,16,8,,0,,,-1
12/22/2014,11,7,3,4,-6,-13,79,32,9,1012,1010,1008,31,31,31,14,8,,0,,,-1
12/23/2014,11,7,2,-3,-6,-8,46,30,19,1023,1019,1011,31,31,31,19,8,,0,,,-1
12/24/2014,12,7,1,1,-3,-6,62,43,30,1023,1016,1009,31,27,19,10,5,,0,,,-1
12/25/2014,11,7,3,0,-4,-9,65,37,19,1016,1012,1008,31,26,14,19,8,,0,,,-1
12/26/2014,10,5,0,-6,-8,-11,45,26,14,1021,1019,1016,31,31,31,21,10,,0,,,-1
12/27/2014,8,5,2,-7,-9,-11,36,25,17,1028,1026,1022,31,31,31,21,13,,0,,,-1
12/28/2014,8,3,-1,-3,-6,-8,52,38,25,1027,1023,1019,31,23,19,11,8,,0,,,-1
12/29/2014,6,4,2,4,2,-3,96,83,44,1018,1009,1004,14,10,3,16,6,,3.05,8,Rain,-1
12/30/2014,12,7,2,4,2,0,96,68,38,1010,1008,1005,14,14,14,10,5,,0,,,-1
12/31/2014,13,7,2,2,1,-2,91,54,26,1012,1006,995,31,19,14,23,8,,0,,,-1
1/1/2013,9,6,3,1,-5,-8,60,33,23,1019,1016,1013,31,31,31,10,6,,0,,,-1
1/2/2013,14,9,4,-1,-3,-5,37,28,18,1018,1016,1013,31,29,19,27,14,,0,,,-1
1/3/2013,7,7,3,-1,-8,-12,36,21,15,1019,1016,1014,31,28,19,21,13,,0,,,-1
1/4/2013,7,3,1,-9,-13,-16,30,19,9,1022,1020,1019,31,28,19,34,16,,0,,,-1
1/5/2013,4,2,0,-6,-9,-13,39,29,19,1024,1021,1019,31,22,19,13,10,,0,,,-1
1/6/2013,10,4,-2,-6,-7,-8,50,32,20,1018,1016,1014,31,31,31,13,8,,0,,,-1
1/7/2013,9,4,2,-3,-6,-8,42,32,22,1022,1019,1017,31,25,19,11,8,,0,,,-1
1/8/2013,11,7,2,3,-2,-6,65,45,37,1018,1016,1014,31,20,14,11,8,,0,,,-1
1/9/2013,9,7,4,3,1,-1,70,60,50,1015,1013,1010,31,19,14,11,8,,0,,,-1
1/10/2013,9,6,3,2,-7,-11,71,33,16,1019,1016,1012,31,23,14,14,8,,0,,,-1
1/11/2013,9,6,2,-8,-9,-10,32,23,15,1027,1024,1020,31,31,31,16,10,,0,,,-1
1/12/2013,8,4,1,-3,-7,-9,44,31,23,1027,1023,1019,31,24,14,10,8,,0,,,-1
1/13/2013,13,7,1,-3,-4,-7,60,36,14,1023,1021,1020,31,27,19,8,5,,0,8,,-1
1/14/2013,4,6,1,4,1,-3,94,76,26,1019,1008,999,10,4,0,27,13,,46.99,8,Rain-Snow,-1
1/15/2013,7,3,1,0,-4,-7,87,46,28,1020,1013,1002,31,22,19,19,11,,0,,,-1
1/16/2013,6,4,2,-2,-4,-6,62,46,40,1022,1019,1016,31,21,19,13,8,,0,8,,-1
1/17/2013,8,3,-1,-2,-4,-8,69,45,22,1016,1014,1013,31,23,10,16,10,,0,,,-1
1/18/2013,6,3,0,-7,-11,-16,41,24,10,1019,1016,1014,31,31,31,21,11,,0,,,-1
1/19/2013,9,4,-1,-3,-8,-12,38,26,16,1022,1020,1018,31,31,31,10,8,,0,,,-1
1/20/2013,10,6,2,-4,-6,-9,46,30,16,1029,1025,1022,31,31,31,27,11,,0,,,-1
1/21/2013,9,6,2,2,-4,-7,52,35,22,1031,1028,1024,31,28,19,14,10,,0.51,8,,-1
1/22/2013,9,6,4,4,2,-2,75,65,38,1022,1012,1006,31,13,6,11,10,,2.03,8,Rain,-1
1/23/2013,9,7,4,-2,-3,-4,45,38,27,1018,1015,1013,31,27,19,19,11,,3.05,8,,-1
1/24/2013,9,6,2,3,1,0,84,65,48,1015,1012,1006,31,17,5,16,8,,0,8,Rain,-1
1/25/2013,13,8,3,2,-4,-14,86,44,10,1006,1002,998,31,23,14,21,10,,0,,,-1
1/26/2013,7,3,1,-8,-10,-13,30,23,16,1007,1004,1002,31,31,31,16,10,,0,,,-1
1/27/2013,9,4,1,-8,-12,-14,26,16,11,1013,1012,1009,31,31,31,16,11,,0,,,-1
1/28/2013,10,6,1,-2,-7,-10,61,33,13,1019,1014,1011,31,28,19,23,14,,0,,Snow,-1
1/29/2013,12,7,2,-7,-7,-9,39,24,13,1023,1021,1020,31,31,31,14,10,,0,,,-1
1/30/2013,13,8,4,-5,-6,-8,37,26,15,1028,1023,1021,31,31,31,21,11,,0,,,-1
1/31/2013,9,6,2,-2,-8,-10,39,27,15,1035,1033,1030,31,28,19,13,8,,0,,,-1
2/1/2013,12,7,2,7,-1,-6,74,44,25,1035,1032,1026,19,14,8,13,6,,0,8,Rain,-1
2/2/2013,21,16,10,14,11,9,81,68,50,1023,1015,1009,31,18,10,23,14,,0,,Rain,-1
2/3/2013,13,9,7,3,-3,-8,44,27,16,1022,1020,1014,31,22,19,24,13,,0,,,-1
2/4/2013,14,10,6,9,0,-7,59,38,19,1021,1013,1005,31,19,14,16,8,,0,,Rain,-1
2/5/2013,12,9,6,2,-6,-12,43,24,9,1020,1017,1010,31,27,19,24,16,,0,8,,-1
2/6/2013,4,5,1,2,1,-2,88,76,36,1019,1014,1010,14,7,2,23,11,,7.11,8,Rain-Snow,-1
2/7/2013,12,7,3,4,2,0,78,64,48,1014,1009,1003,19,12,8,11,8,,0,,,-1
2/8/2013,7,5,3,2,-10,-19,64,26,6,1019,1010,1003,31,23,14,29,14,,0,,,-1
2/9/2013,8,4,1,-9,-12,-13,29,19,12,1021,1020,1018,31,26,19,23,16,,0,,,-1
2/10/2013,10,6,1,-3,-7,-8,39,29,21,1020,1017,1015,31,27,19,13,10,,0,,,-1
2/11/2013,9,6,3,-1,-7,-12,57,30,16,1025,1019,1014,31,27,19,21,10,,0,,,-1
2/12/2013,7,3,1,1,-7,-12,56,33,22,1030,1026,1020,31,22,14,19,10,,2.03,8,Rain,-1
2/13/2013,12,6,1,1,-3,-11,87,48,11,1021,1013,1008,31,19,5,24,13,,0,8,Rain-Snow,-1
2/14/2013,9,7,5,1,-3,-4,52,38,31,1025,1022,1020,31,19,14,10,5,,0,8,,-1
2/15/2013,8,6,4,2,0,-2,81,59,43,1019,1013,1009,14,9,2,19,10,,3.05,8,Rain,-1
2/16/2013,6,3,2,1,-9,-15,73,29,11,1021,1014,1009,31,31,31,34,19,,0,,,-1
2/17/2013,8,3,0,-4,-13,-16,34,18,9,1025,1023,1022,31,28,19,23,10,,0,,,-1
2/18/2013,8,4,2,3,-4,-9,62,40,27,1021,1013,1006,19,14,6,10,6,,0,8,Rain,-1
2/19/2013,9,6,3,2,-4,-11,72,40,17,1013,1011,1007,19,11,2,21,14,,0.51,8,Snow,-1
2/20/2013,9,4,2,-1,-9,-12,44,25,19,1017,1015,1014,31,28,19,24,18,,0,8,,-1
2/21/2013,9,4,1,-11,-12,-14,27,17,10,1022,1020,1018,31,28,19,16,13,,0,,,-1
2/22/2013,8,4,1,0,-8,-12,49,28,18,1022,1019,1014,31,28,19,13,10,,0,,,-1
2/23/2013,10,6,3,-1,-9,-13,51,23,9,1020,1017,1014,31,29,19,14,10,,0,,,-1
2/24/2013,8,3,1,-6,-11,-14,45,23,11,1022,1016,1013,31,31,31,34,16,,0,,,-1
2/25/2013,8,3,-1,-12,-15,-18,24,15,7,1026,1024,1023,31,31,31,21,14,,0,,,-1
2/26/2013,9,4,1,1,-8,-14,49,26,16,1028,1025,1022,31,22,14,19,13,,0,,,-1
2/27/2013,9,6,2,4,2,-3,86,68,45,1020,1015,1010,31,12,2,14,10,,0,8,Rain,-1
2/28/2013,16,9,4,6,2,-3,86,54,21,1021,1018,1013,19,17,10,16,8,,0,,,-1
3/1/2013,17,12,8,13,7,3,92,56,28,1021,1011,1001,31,18,3,27,13,,9.91,8,Rain,-1
3/2/2013,12,9,6,7,-7,-12,69,24,8,1014,1006,1000,31,20,14,29,21,,0,,,-1
3/3/2013,9,7,3,-1,-7,-12,49,25,16,1017,1015,1014,31,20,10,19,11,,0,8,Rain,-1
3/4/2013,9,7,4,1,-3,-7,54,37,28,1018,1016,1014,19,19,19,13,11,,0.51,8,Rain,-1
3/5/2013,13,8,3,3,0,-6,82,52,19,1022,1019,1016,19,17,10,14,10,,0,,,-1
3/6/2013,16,10,4,3,-3,-6,36,27,22,1021,1018,1014,31,20,14,10,8,,0,,,-1
3/7/2013,18,12,7,6,3,-1,50,39,28,1021,1017,1012,14,13,10,23,8,,0,,,-1
3/8/2013,23,17,11,7,3,-3,58,33,13,1010,1005,1000,19,11,6,19,13,,0,,,-1
3/9/2013,22,17,11,9,3,-1,55,29,18,1010,1008,1004,19,12,10,14,10,,0,,,-1
3/10/2013,25,17,7,9,3,-9,71,42,17,1010,1004,997,19,12,8,34,14,,0,8,,-1
3/11/2013,12,8,3,-9,-11,-12,17,13,9,1023,1018,1011,31,26,19,24,18,,0,,,-1
3/12/2013,16,9,4,4,-3,-12,39,27,13,1023,1020,1016,31,28,19,19,10,,0,,,-1
3/13/2013,21,17,13,15,8,6,71,48,31,1016,1010,1003,31,18,8,40,23,,5.08,8,Rain,-1
3/14/2013,9,10,6,10,2,-2,68,50,36,1025,1016,1005,19,18,14,23,14,,0,8,Rain-Hail,-1
3/15/2013,13,9,4,7,-1,-5,64,41,32,1027,1025,1022,19,19,19,13,8,,0,,,-1
3/16/2013,18,12,7,7,2,-1,68,39,23,1021,1016,1011,31,19,14,19,10,,0,,,-1
3/17/2013,16,12,8,8,-1,-7,52,29,12,1024,1020,1018,31,23,14,21,16,,0,,,-1
3/18/2013,21,18,14,17,11,5,77,53,43,1017,1010,1003,19,12,8,34,24,,2.03,8,Rain,-1
3/19/2013,25,19,15,18,13,11,80,61,35,1014,1007,1000,31,17,8,29,16,,0,8,,-1
3/20/2013,21,18,15,13,10,8,73,51,43,1014,1005,993,14,13,10,19,11,,2.03,8,Rain,-1
3/21/2013,15,11,7,13,-4,-9,78,25,12,1014,1006,992,31,25,19,29,16,,0,,,-1
3/22/2013,18,12,7,4,1,-6,39,32,19,1014,1010,1005,31,23,19,19,8,,0,8,Rain,-1
3/23/2013,17,14,12,7,5,2,63,46,29,1014,1009,1005,31,18,10,13,10,,0,8,,-1
3/24/2013,13,11,9,7,5,4,68,57,49,1015,1011,1008,19,15,10,11,8,,0,8,Rain,-1
3/25/2013,11,10,8,7,6,4,82,69,60,1009,1007,1006,10,9,6,14,10,,2.03,8,Rain,-1
3/26/2013,13,9,5,2,-6,-9,45,25,13,1022,1018,1012,31,27,19,21,16,,0,,,-1
3/27/2013,9,8,6,8,4,-1,87,69,39,1025,1023,1021,19,7,3,14,10,,5.08,8,Rain,-1
3/28/2013,20,14,9,14,10,8,82,67,48,1019,1014,1011,10,8,5,19,5,,0,8,,-1
3/29/2013,20,17,14,14,12,9,88,70,52,1014,1010,1008,10,8,3,19,6,,0,8,,-1
3/30/2013,9,10,8,7,4,3,69,62,55,1023,1020,1015,10,10,10,19,13,,0,8,Rain,-1
3/31/2013,8,7,7,6,5,4,88,79,69,1023,1020,1016,8,6,3,13,8,,0.51,8,Rain,-1
4/1/2013,15,11,7,6,4,1,83,55,29,1026,1024,1020,19,13,10,19,8,,0,8,,-1
4/2/2013,12,10,8,11,8,4,94,82,45,1024,1017,1008,8,3,2,11,6,,26.92,8,Rain,-1
4/3/2013,16,13,11,13,9,6,92,73,39,1005,998,992,31,13,2,29,18,,24.89,8,Rain,-1
4/4/2013,21,16,11,13,8,6,64,47,30,1017,1013,1008,31,25,19,23,11,,0,,,-1
4/5/2013,22,18,13,13,12,11,77,59,40,1021,1018,1016,14,12,6,23,8,,0,,,-1
4/6/2013,21,18,15,15,13,12,90,67,45,1016,1009,994,14,10,3,27,13,,32,8,Rain,-1
4/7/2013,23,19,14,16,10,-3,93,57,20,988,981,977,31,22,5,32,16,,0,8,,-1
4/8/2013,20,14,10,-2,-5,-7,24,16,9,1012,1003,992,19,19,19,24,14,,0,,,-1
4/9/2013,22,16,11,10,3,-1,49,30,19,1011,1008,1004,31,23,19,24,10,,0,,,-1
4/10/2013,17,14,12,7,4,0,48,40,33,1011,1009,1006,19,18,14,16,13,,0,,,-1
4/11/2013,13,9,6,4,3,2,70,53,36,1013,1012,1010,19,18,14,19,14,,0,,Rain,-1
4/12/2013,16,11,6,3,1,-4,64,39,20,1014,1012,1008,31,20,14,16,10,,0,,,-1
4/13/2013,16,11,7,7,2,-4,54,39,20,1017,1015,1014,31,25,19,19,10,,0,,,-1
4/14/2013,21,15,10,8,6,4,60,39,25,1016,1011,1005,19,19,14,35,18,,0,,,-1
4/15/2013,22,18,13,11,8,4,52,44,36,1010,1005,1002,19,17,10,23,18,,0,8,,-1
4/16/2013,21,16,11,13,7,2,65,43,31,1015,1013,1010,19,18,14,16,8,,0,,,-1
4/17/2013,23,19,16,13,12,11,71,49,35,1011,1009,1007,19,15,10,29,16,,0,8,,-1
4/18/2013,23,19,16,16,13,10,71,57,44,1009,1006,1001,31,20,14,27,18,,0,,,-1
4/19/2013,16,16,12,14,2,-11,73,39,9,1015,1007,1000,19,14,8,21,14,,0,8,Rain,-1
4/20/2013,11,9,7,5,-1,-7,79,40,19,1019,1017,1016,14,12,6,16,10,,6.1,8,Rain,-1
4/21/2013,10,8,6,6,4,-2,89,73,32,1015,1010,1007,31,14,3,21,14,,7.87,8,Rain,-1
4/22/2013,17,11,7,-4,-5,-8,27,20,11,1024,1019,1014,31,27,19,24,16,,0,,,-1
4/23/2013,18,13,8,7,1,-3,40,29,23,1027,1024,1022,19,17,14,21,8,,0,8,,-1
4/24/2013,18,17,16,16,11,6,85,62,39,1022,1015,1007,19,13,3,24,18,,5.08,8,Rain,-1
4/25/2013,23,18,13,16,7,1,94,43,18,1008,1006,1003,31,23,14,21,13,,0,,,-1
4/26/2013,22,19,14,13,10,6,72,52,39,1006,1001,995,19,17,14,27,14,,0,,Rain,-1
4/27/2013,21,16,11,6,0,-5,54,28,12,1013,1007,1003,31,31,31,21,11,,0,,,-1
4/28/2013,20,16,13,8,-2,-6,44,18,9,1020,1016,1014,31,31,31,16,14,,0,,,-1
4/29/2013,22,17,12,11,2,-4,46,25,16,1020,1017,1013,31,27,19,14,10,,0,,,-1
4/30/2013,22,20,18,13,12,10,59,51,43,1012,1006,1001,19,19,14,29,19,,0,8,Rain,-1
5/1/2013,18,14,12,9,8,6,72,54,37,1004,1001,998,19,17,10,14,11,,2.03,8,Rain,-1
5/2/2013,19,14,11,8,1,-4,71,34,13,1010,1006,1005,31,24,10,16,13,,0,8,Rain,-1
5/3/2013,19,14,11,9,1,-3,56,30,20,1013,1012,1011,31,31,31,16,14,,0,,,-1
5/4/2013,20,15,11,8,7,4,59,45,29,1016,1015,1014,31,27,19,10,8,,0,,,-1
5/5/2013,23,18,14,11,6,1,63,36,16,1019,1017,1015,31,21,19,21,11,,0,,,-1
5/6/2013,25,19,14,12,11,7,61,47,24,1016,1011,1005,31,20,8,23,11,,0,,Rain-Thunderstorm,-1
5/7/2013,20,17,12,2,-2,-4,24,18,12,1016,1012,1009,31,28,19,35,23,,0,,,-1
5/8/2013,23,17,10,4,-2,-5,26,18,7,1016,1015,1013,31,28,19,16,13,,0,,,-1
5/9/2013,24,19,14,12,7,2,50,34,23,1016,1014,1011,31,23,19,19,8,,0,,,-1
5/10/2013,28,22,16,14,12,11,77,47,24,1011,1009,1007,19,17,14,16,8,,0,8,Rain,-1
5/11/2013,19,19,18,17,15,11,92,73,45,1006,1004,1003,19,9,3,24,13,,19.05,8,Rain,-1
5/12/2013,25,20,16,16,14,12,92,67,35,1012,1007,1003,31,17,3,16,13,,0,8,Rain,-1
5/13/2013,23,19,16,16,14,13,82,70,50,1016,1014,1013,14,11,6,19,13,,0,8,,-1
5/14/2013,28,22,17,17,16,14,74,57,35,1015,1014,1013,19,15,6,16,10,,0,,,-1
5/15/2013,25,20,17,17,15,14,79,64,48,1017,1015,1011,19,12,3,27,13,,0,8,,-1
5/16/2013,27,21,17,15,14,12,73,56,37,1015,1012,1010,19,16,6,14,11,,2.03,8,Rain,-1
5/17/2013,23,17,13,12,9,4,75,52,22,1017,1016,1015,31,21,14,16,8,,0,,,-1
5/18/2013,24,20,16,13,12,12,73,55,38,1017,1014,1011,19,19,14,24,10,,0,,,-1
5/19/2013,23,20,18,14,12,12,59,49,38,1009,1006,1004,31,26,19,24,18,,5.08,8,Rain,-1
5/20/2013,21,19,17,20,18,16,96,91,85,1004,1003,1001,5,3,2,10,6,,8.89,8,Rain,-1
5/21/2013,26,23,20,19,17,14,90,59,47,1009,1005,1003,19,17,5,19,10,,0,8,,-1
5/22/2013,26,22,19,18,16,14,77,62,46,1011,1009,1007,19,11,8,14,8,,0,,,-1
5/23/2013,26,23,21,18,13,8,74,45,28,1012,1010,1008,19,13,8,19,10,,0,,,-1
5/24/2013,28,22,18,13,10,6,50,35,21,1015,1013,1011,31,27,14,19,6,,0,,,-1
5/25/2013,23,18,14,15,11,9,73,58,39,1022,1021,1018,19,19,19,14,11,,0,8,,-1
5/26/2013,26,22,18,17,16,16,77,64,44,1023,1022,1021,19,17,14,19,10,,0,8,Rain,-1
5/27/2013,26,22,19,17,15,13,71,56,40,1024,1023,1022,19,19,14,21,11,,0,8,,-1
5/28/2013,25,22,20,16,15,12,66,55,36,1023,1022,1021,31,20,14,19,16,,0,8,Rain,-1
5/29/2013,24,22,21,17,16,15,67,63,50,1020,1018,1016,19,17,14,23,18,,0,8,Rain,-1
5/30/2013,23,21,20,21,19,18,87,82,73,1014,1011,1008,14,9,3,23,21,,3.05,8,Rain,-1
5/31/2013,27,22,18,20,13,7,92,49,18,1013,1010,1008,31,24,10,19,13,,0,8,Rain,-1
6/1/2013,26,21,17,14,11,8,73,48,26,1013,1011,1010,31,23,14,13,8,,0,8,,-1
6/2/2013,23,18,16,13,12,10,73,59,41,1011,1009,1007,19,19,14,14,11,,0,8,,-1
6/3/2013,24,19,14,13,12,11,66,53,36,1014,1011,1010,19,14,10,13,8,,0,,,-1
6/4/2013,29,23,18,16,15,13,77,54,32,1018,1016,1014,19,15,8,19,8,,0,,,-1
6/5/2013,27,23,20,17,17,16,70,60,44,1019,1019,1018,31,21,19,24,13,,0,,,-1
6/6/2013,25,22,21,17,16,13,70,58,39,1019,1017,1014,19,19,19,14,11,,0,8,,-1
6/7/2013,25,22,20,18,15,12,75,58,35,1013,1012,1009,19,19,19,16,13,,0,8,Rain,-1
6/8/2013,27,22,18,17,15,12,80,57,35,1011,1010,1008,31,21,10,16,10,,0,8,Rain,-1
6/9/2013,29,23,19,19,16,14,73,57,35,1012,1010,1009,31,18,10,14,8,,0,8,,-1
6/10/2013,27,24,22,19,18,17,77,62,47,1014,1012,1011,14,11,6,14,8,,0,8,,-1
6/11/2013,22,21,20,19,17,14,89,73,53,1015,1014,1013,19,10,3,10,8,,5.08,8,Rain,-1
6/12/2013,24,21,19,21,19,18,92,85,77,1015,1014,1013,8,4,3,16,10,,0.51,8,Rain,-1
6/13/2013,22,21,21,21,20,20,96,91,88,1014,1013,1012,5,3,2,13,11,,13.97,8,Rain,-1
6/14/2013,27,23,20,22,21,20,97,86,71,1015,1014,1013,14,7,2,11,10,,0,8,Rain,-1
6/15/2013,29,26,23,22,22,21,82,71,55,1013,1011,1008,14,12,10,16,8,,8.89,,,-1
6/16/2013,25,23,21,22,21,19,92,82,71,1009,1007,1006,31,14,3,11,8,,1.02,8,Rain,-1
6/17/2013,29,24,21,21,21,19,87,72,56,1007,1004,1001,19,13,6,16,8,,0,8,Rain,-1
6/18/2013,30,27,23,23,22,21,82,67,54,1001,1000,999,14,9,5,16,10,,0,8,Rain,-1
6/19/2013,28,27,26,22,22,21,75,68,62,1002,998,994,14,13,8,35,18,,4.06,8,Rain,-1
6/20/2013,24,23,21,22,21,19,88,84,76,1007,1005,1001,19,15,10,14,8,,5.08,8,Rain,-1
6/21/2013,24,22,21,21,19,19,89,84,76,1008,1007,1006,19,9,3,14,10,,9.91,8,Rain,-1
6/22/2013,26,22,18,19,18,18,87,73,59,1006,1005,1003,31,21,10,11,5,,0,,Rain,-1
6/23/2013,28,23,19,19,18,17,86,66,47,1008,1007,1005,14,11,3,21,10,,2.03,8,Rain,-1
6/24/2013,27,23,19,20,19,18,85,70,50,1007,1006,1004,19,11,8,11,6,,0,8,Rain,-1
6/25/2013,26,24,22,21,20,18,80,70,62,1010,1009,1007,10,9,8,11,6,,0,8,Rain,-1
6/26/2013,23,22,19,20,19,18,92,82,73,1010,1005,997,10,7,3,14,8,,36.07,8,Rain,-1
6/27/2013,27,23,19,18,16,14,91,60,37,1008,1003,998,31,23,3,14,11,,0,8,Rain,-1
6/28/2013,25,22,19,19,17,16,77,64,50,1010,1009,1008,19,15,14,14,11,,0,,,-1
6/29/2013,28,24,21,19,18,13,81,62,31,1015,1013,1010,19,13,10,19,8,,0,8,Rain,-1
6/30/2013,28,24,22,20,19,18,82,66,50,1017,1016,1015,19,16,8,21,11,,0,8,Rain,-1
7/1/2013,26,24,22,19,18,18,76,64,56,1016,1015,1015,19,19,14,16,14,,0,8,,-1
7/2/2013,28,24,22,19,17,16,75,58,42,1016,1015,1013,31,23,19,14,11,,0,,,-1
7/3/2013,27,24,22,20,18,17,72,63,53,1013,1010,1007,19,19,19,23,16,,0.51,8,Rain,-1
7/4/2013,27,24,23,23,22,21,86,78,72,1007,1006,1004,19,17,14,21,16,,0,8,Rain,-1
7/5/2013,29,26,24,24,23,22,90,78,68,1006,1005,1003,19,16,10,29,19,,0,8,Rain,-1
7/6/2013,33,29,27,24,23,23,77,66,51,1009,1007,1006,19,19,14,27,24,,0,,,-1
7/7/2013,35,30,26,26,24,23,85,67,45,1014,1011,1009,31,20,3,16,14,,7.87,,Rain-Thunderstorm,-1
7/8/2013,35,30,26,24,24,23,84,66,43,1014,1013,1010,19,15,10,13,6,,5.08,,Rain-Thunderstorm,-1
7/9/2013,35,30,26,25,24,23,79,62,43,1012,1010,1008,19,14,10,14,8,,0,,,-1
7/10/2013,35,30,27,24,24,23,76,63,46,1008,1007,1005,19,12,8,16,8,,0,,,-1
7/11/2013,34,31,27,24,24,22,77,62,42,1009,1007,1005,14,11,6,16,8,,0,,,-1
7/12/2013,34,31,28,24,23,22,75,57,41,1009,1008,1006,10,9,8,19,8,,0,,,-1
7/13/2013,34,31,28,24,23,22,70,57,42,1012,1010,1009,19,11,6,21,8,,0,8,Rain,-1
7/14/2013,34,30,26,25,23,21,84,64,38,1012,1011,1010,14,8,5,32,10,,37.08,,Rain-Thunderstorm,-1
7/15/2013,35,29,23,24,21,16,81,55,25,1013,1009,1007,31,22,6,40,16,,0,8,Rain,-1
7/16/2013,29,25,21,20,19,17,72,59,46,1016,1014,1013,19,19,19,29,14,,0,,,-1
7/17/2013,29,26,22,22,20,18,89,70,51,1015,1013,1009,19,11,6,32,13,,9.91,8,Rain,-1
7/18/2013,32,28,23,24,22,21,83,67,49,1008,1005,1002,19,12,10,19,13,,0.51,8,Rain,-1
7/19/2013,30,26,22,23,19,17,82,61,38,1012,1008,1005,31,25,14,19,11,,0,,,-1
7/20/2013,28,24,21,18,17,16,68,58,47,1013,1012,1011,31,21,19,14,8,,0,,,-1
7/21/2013,29,24,21,20,16,13,66,51,43,1013,1012,1010,19,19,19,16,6,,0,8,,-1
7/22/2013,30,26,23,24,22,19,77,70,63,1012,1010,1008,19,11,8,16,8,,0,8,Rain,-1
7/23/2013,35,29,25,24,23,22,84,73,40,1008,1006,1005,14,9,2,16,6,,24.89,8,Rain-Thunderstorm,-1
7/24/2013,27,26,24,23,23,22,84,81,74,1007,1006,1005,10,8,3,11,10,,2.03,8,Rain,-1
7/25/2013,29,27,24,23,23,22,86,75,64,1005,1005,1004,14,9,8,10,6,,0,8,Rain,-1
7/26/2013,32,28,25,25,24,23,81,69,57,1006,1004,1003,14,11,10,16,10,,0,,,-1
7/27/2013,33,28,23,25,23,21,87,71,53,1007,1004,1002,19,14,10,19,10,,18.03,,Rain,-1
7/28/2013,32,27,23,23,21,21,82,64,47,1007,1006,1005,19,17,10,10,6,,0,,Rain,-1
7/29/2013,27,26,24,24,23,22,88,77,68,1006,1004,1001,19,10,3,13,8,,7.11,8,Rain,-1
7/30/2013,31,28,25,24,23,23,86,72,58,1003,1001,1000,14,8,3,14,10,,0,8,Rain,-1
7/31/2013,31,27,25,24,23,22,79,71,59,1005,1004,1003,10,7,5,13,8,,0,8,Rain,-1
8/1/2013,33,29,26,25,24,22,86,75,56,1006,1004,1002,10,7,5,10,6,,0,8,Rain,-1
8/2/2013,29,26,23,22,21,20,79,67,57,1011,1009,1007,19,16,14,14,10,,0,8,,-1
8/3/2013,31,27,23,22,20,18,70,60,43,1011,1009,1008,19,19,14,13,6,,0,,,-1
8/4/2013,31,28,25,24,23,22,77,69,55,1009,1008,1006,19,19,19,19,11,,0,,,-1
8/5/2013,32,29,27,24,24,22,81,68,52,1008,1007,1006,31,21,19,24,14,,0,,,-1
8/6/2013,32,28,25,25,24,24,82,73,61,1008,1007,1006,19,14,10,16,11,,4.06,8,Rain-Thunderstorm,-1
8/7/2013,34,30,26,25,23,22,81,59,38,1008,1006,1005,19,18,14,19,10,,0,,,-1
8/8/2013,34,30,27,26,23,22,73,61,49,1007,1006,1004,19,13,6,16,10,,0,,,-1
8/9/2013,34,31,27,27,26,25,80,68,53,1006,1005,1004,10,8,6,19,8,,0,,,-1
8/10/2013,37,33,29,27,26,25,79,60,42,1007,1006,1005,8,7,5,11,6,,0,,,-1
8/11/2013,38,33,31,26,25,22,68,53,34,1008,1007,1006,14,9,6,13,6,,0,,Thunderstorm,-1
8/12/2013,36,32,28,26,24,22,72,57,45,1009,1008,1006,14,10,6,16,8,,4.06,8,Rain-Thunderstorm,-1
8/13/2013,34,31,29,24,22,21,72,52,39,1011,1010,1009,14,11,10,16,13,,0,,,-1
8/14/2013,34,31,27,24,22,17,73,54,27,1012,1011,1010,14,11,8,16,10,,0,,,-1
8/15/2013,34,30,26,24,23,21,80,58,39,1013,1011,1009,19,16,10,19,10,,0,,,-1
8/16/2013,33,30,27,24,24,23,76,65,53,1010,1009,1008,14,13,10,23,13,,0,,,-1
8/17/2013,33,29,27,23,23,22,66,58,53,1010,1009,1007,19,19,14,24,16,,0,,,-1
8/18/2013,33,30,27,24,23,22,68,60,48,1009,1008,1007,19,19,19,23,16,,0,,,-1
8/19/2013,34,30,27,24,23,23,70,60,48,1009,1008,1007,19,19,19,21,16,,0,,,-1
8/20/2013,34,30,28,26,24,22,64,58,46,1008,1007,1006,31,29,19,23,18,,0,,,-1
8/21/2013,33,30,27,25,24,23,80,69,50,1009,1008,1007,19,12,10,13,8,,11.94,8,Thunderstorm,-1
8/22/2013,32,28,25,25,24,23,88,75,55,1011,1010,1009,10,7,3,10,6,,0,8,,-1
8/23/2013,31,28,26,26,25,23,82,77,71,1010,1008,1006,10,8,5,11,8,,5.08,8,Rain-Thunderstorm,-1
8/24/2013,33,29,24,24,22,18,90,66,33,1005,1003,1002,31,21,10,16,8,,0,8,Rain,-1
8/25/2013,26,26,23,22,21,20,79,69,58,1005,1003,1001,19,12,10,11,6,,2.03,8,Rain,-1
8/26/2013,29,26,23,22,19,17,70,57,41,1005,1003,1002,31,24,19,16,8,,39.12,,,-1
8/27/2013,30,24,20,22,19,17,89,68,42,1005,1004,1003,31,23,6,11,8,,0,8,Rain,-1
8/28/2013,33,28,23,21,18,15,74,48,28,1008,1007,1005,31,22,19,26,14,,0,,,-1
8/29/2013,32,28,25,22,21,18,79,63,39,1008,1007,1004,19,15,8,16,8,,0,,,-1
8/30/2013,37,31,27,24,23,22,68,54,41,1005,1003,1001,19,16,14,21,14,,0,,,-1
8/31/2013,35,31,28,24,23,22,69,58,49,1007,1005,1004,31,21,19,21,8,,0,,,-1
9/1/2013,36,32,27,25,24,22,73,62,44,1013,1008,1006,31,26,19,23,16,,0,,,-1
9/2/2013,33,29,26,24,23,22,70,64,53,1013,1012,1011,19,19,14,19,10,,0,,,-1
9/3/2013,33,30,27,24,23,22,78,63,48,1013,1012,1011,31,25,19,23,16,,4.06,,,-1
9/4/2013,31,27,24,26,24,22,91,77,66,1012,1009,1007,19,15,5,35,14,,1.02,8,Rain,-1
9/5/2013,29,27,24,26,24,23,90,80,72,1013,1011,1009,19,14,5,21,14,,2.03,8,Rain-Thunderstorm,-1
9/6/2013,28,27,24,23,21,19,83,69,58,1018,1016,1014,19,17,10,14,10,,0,8,Rain,-1
9/7/2013,29,26,23,22,21,20,78,68,59,1019,1017,1015,19,15,10,10,8,,0,8,,-1
9/8/2013,29,26,22,24,23,21,92,80,71,1015,1013,1011,19,10,3,13,10,,45.97,8,Rain,-1
9/9/2013,28,24,22,20,18,16,84,64,40,1016,1015,1013,31,23,19,13,6,,0,8,Rain,-1
9/10/2013,28,24,21,21,19,17,76,62,44,1016,1015,1014,19,16,10,10,8,,4.06,,,-1
9/11/2013,27,24,22,21,21,20,88,76,58,1018,1017,1016,19,13,8,14,8,,0,8,Rain,-1
9/12/2013,31,27,23,22,21,19,75,61,44,1017,1016,1014,19,18,14,11,8,,0,,,-1
9/13/2013,32,28,26,23,23,22,82,66,51,1017,1016,1014,19,12,5,14,10,,0,,,-1
9/14/2013,32,29,26,24,23,22,77,67,50,1016,1014,1012,19,15,10,16,10,,0,,,-1
9/15/2013,29,26,23,24,24,23,92,80,72,1012,1008,1005,19,12,3,16,10,,17.02,8,Rain,-1
9/16/2013,29,27,24,25,21,10,86,66,31,1007,997,986,31,13,5,48,23,,4.06,8,Rain,-1
9/17/2013,28,23,19,16,11,8,50,34,22,1020,1015,1009,31,28,19,16,13,,0,,,-1
9/18/2013,28,23,19,16,13,9,70,43,23,1021,1020,1019,31,28,19,11,8,,0,,,-1
9/19/2013,28,23,19,15,14,12,68,45,28,1021,1020,1019,31,31,31,11,6,,0,,,-1
9/20/2013,29,24,21,19,18,16,70,60,44,1021,1019,1017,31,22,14,21,8,,0,,,-1
9/21/2013,29,24,22,21,19,18,73,64,50,1018,1016,1014,31,19,14,14,10,,0,,,-1
9/22/2013,30,26,23,21,19,17,81,65,38,1019,1016,1015,14,10,10,14,8,,0,,,-1
9/23/2013,24,22,20,18,15,13,72,56,43,1022,1020,1019,19,17,10,19,14,,3.05,8,Rain,-1
9/24/2013,26,22,17,21,18,16,78,69,56,1019,1016,1013,19,16,10,14,10,,14.99,8,Rain,-1
9/25/2013,24,23,22,23,22,21,96,88,81,1012,1007,1003,10,6,3,14,10,,4.06,8,Rain,-1
9/26/2013,23,22,19,22,17,9,88,68,39,1011,1004,1001,31,22,3,19,11,,4.06,8,Rain,-1
9/27/2013,24,20,17,9,8,6,43,35,25,1022,1018,1013,31,31,31,13,8,,0,,,-1
9/28/2013,25,19,16,13,12,10,67,49,33,1024,1023,1022,31,28,19,14,6,,0,,,-1
9/29/2013,26,22,19,14,14,13,62,50,35,1023,1022,1020,19,19,19,13,6,,0,,,-1
9/30/2013,26,22,18,17,15,13,69,55,40,1021,1019,1017,19,19,14,13,10,,0,,Rain,-1
10/1/2013,24,21,19,21,18,15,84,70,55,1017,1014,1012,19,14,8,13,10,,0.51,8,,-1
10/2/2013,26,23,21,22,21,20,93,85,74,1010,1006,1001,31,13,3,19,10,,16,8,Rain,-1
10/3/2013,28,24,22,22,19,17,94,65,43,1014,1009,1005,19,18,14,16,8,,0.51,8,,-1
10/4/2013,19,19,17,17,14,13,75,69,62,1025,1021,1016,14,11,10,13,11,,7.11,8,Rain,-1
10/5/2013,19,17,15,18,17,14,94,91,87,1026,1025,1024,5,4,3,14,13,,4.06,8,Rain,-1
10/6/2013,24,21,19,21,19,18,94,89,82,1027,1026,1025,14,9,5,10,6,,0,8,Rain,-1
10/7/2013,27,23,21,21,20,19,92,77,59,1026,1024,1022,14,11,3,11,8,,0,8,Rain,-1
10/8/2013,29,26,22,22,21,19,87,71,45,1022,1019,1016,31,21,10,16,10,,0,,,-1
10/9/2013,28,26,24,22,21,19,73,66,51,1016,1013,1010,19,19,19,29,19,,0,,Rain,-1
10/10/2013,28,26,23,22,20,18,84,69,50,1020,1016,1012,19,17,10,14,8,,0.51,8,,-1
10/11/2013,30,26,22,22,20,18,88,68,41,1019,1013,1009,31,14,8,27,11,,0,8,Rain,-1
10/12/2013,31,28,22,21,17,7,70,50,27,1012,1007,1004,31,23,19,32,19,,0,,,-1
10/13/2013,26,21,18,8,6,4,34,25,16,1022,1017,1013,31,27,19,19,14,,0,,,-1
10/14/2013,26,20,16,17,11,6,64,42,31,1025,1023,1022,31,25,19,14,10,,0,,,-1
10/15/2013,19,19,17,17,16,14,90,77,65,1022,1015,1006,10,7,3,14,10,,51.05,8,Rain,-1
10/16/2013,26,21,16,16,13,7,93,61,31,1011,994,977,31,17,2,40,21,,0,8,Rain,-1
10/17/2013,21,18,15,9,7,6,46,36,27,1028,1023,1015,31,24,19,19,13,,0,,,-1
10/18/2013,20,17,15,11,9,6,57,47,39,1031,1030,1029,31,24,19,16,10,,0,8,,-1
10/19/2013,18,17,14,13,11,8,85,60,45,1031,1029,1028,19,15,8,14,11,,4.06,8,Rain,-1
10/20/2013,16,14,14,15,14,13,91,89,85,1027,1020,1014,10,7,3,19,13,,55.12,8,Rain,-1
10/21/2013,22,18,15,16,15,14,88,76,57,1017,1014,1012,19,17,10,10,8,,0,,,-1
10/22/2013,20,19,17,15,14,13,75,67,56,1023,1020,1017,19,17,14,13,10,,0,8,,-1
10/23/2013,20,18,16,13,12,11,72,64,53,1024,1024,1023,19,19,14,13,10,,0,8,Rain,-1
10/24/2013,17,16,16,15,13,11,92,76,61,1023,1021,1017,19,10,3,11,10,,2.03,8,Rain,-1
10/25/2013,20,18,16,19,17,15,94,91,86,1016,1009,1004,6,4,2,16,8,,4.06,8,Rain,-1
10/26/2013,17,16,14,17,13,9,92,82,52,1007,1001,998,31,16,6,23,14,,13.97,8,Rain,-1
10/27/2013,21,16,12,12,7,5,87,46,26,1021,1014,1008,31,28,19,16,10,,0,,,-1
10/28/2013,20,16,12,10,7,5,57,46,31,1027,1025,1022,31,21,19,8,6,,0,,,-1
10/29/2013,16,14,13,13,11,8,83,71,60,1026,1025,1023,14,9,6,11,8,,5.08,8,Rain,-1
10/30/2013,22,18,14,14,12,9,85,64,46,1022,1018,1015,14,12,6,10,8,,0,8,Rain,-1
10/31/2013,21,17,13,12,9,7,63,46,34,1023,1022,1020,14,14,14,11,6,,0,,,-1
11/1/2013,20,17,14,9,8,6,59,45,27,1027,1025,1024,14,12,10,13,10,,0,,,-1
11/2/2013,17,15,13,13,11,8,84,67,53,1028,1025,1023,14,9,5,10,6,,0.51,8,Rain,-1
11/3/2013,21,18,15,14,12,11,82,66,44,1021,1018,1015,10,8,6,8,5,,1.02,8,Rain,-1
11/4/2013,18,17,16,14,13,8,85,71,48,1017,1012,1010,19,9,5,13,6,,1.02,8,Rain,-1
11/5/2013,19,16,13,7,6,4,49,38,27,1027,1023,1018,31,17,14,13,10,,0,,,-1
11/6/2013,21,16,11,9,8,6,64,47,30,1028,1025,1022,19,14,8,21,10,,0,,,-1
11/7/2013,16,15,13,14,11,9,83,71,51,1020,1015,1010,14,8,3,10,5,,2.03,8,Rain,-1
11/8/2013,21,17,12,12,6,3,81,43,20,1027,1020,1014,31,26,19,16,10,,0,,,-1
11/9/2013,15,13,12,9,7,4,73,54,43,1031,1029,1027,31,17,8,13,10,,0,8,Rain,-1
11/10/2013,21,17,12,16,12,9,78,66,54,1023,1011,1004,14,13,8,26,11,,0,8,,-1
11/11/2013,17,13,9,8,4,-3,64,47,22,1009,1007,1004,19,16,3,27,13,,2.03,,Rain,-1
11/12/2013,12,10,8,4,0,-2,55,39,31,1013,1011,1010,31,26,19,14,10,,0,,,-1
11/13/2013,14,9,6,1,-1,-3,54,36,21,1022,1016,1011,31,31,31,21,11,,0,,,-1
11/14/2013,14,10,6,4,1,-2,49,38,27,1027,1025,1022,31,25,19,10,5,,0,,,-1
11/15/2013,12,11,10,8,5,2,77,55,40,1024,1020,1016,19,13,6,19,10,,0.51,8,Rain,-1
11/16/2013,17,12,8,8,6,2,78,53,26,1018,1017,1014,19,17,14,11,10,,0,,,-1
11/17/2013,19,14,9,12,7,3,71,53,39,1016,1012,1009,19,16,10,16,6,,0,,,-1
11/18/2013,20,14,9,8,5,2,69,44,24,1009,1006,1003,31,17,8,23,10,,0,,,-1
11/19/2013,17,12,8,3,-3,-5,38,23,13,1009,1007,1005,31,31,31,19,10,,0,,,-1
11/20/2013,17,11,7,1,-2,-4,35,25,18,1011,1009,1008,31,31,31,16,13,,0,,,-1
11/21/2013,16,11,7,3,0,-2,51,33,20,1016,1014,1011,31,31,31,8,5,,0,,,-1
11/22/2013,17,12,7,6,2,0,52,39,23,1017,1015,1013,31,31,31,11,10,,0,,,-1
11/23/2013,16,12,9,6,2,0,49,37,26,1022,1020,1017,31,31,31,13,11,,0,,,-1
11/24/2013,17,12,7,5,3,1,58,42,23,1022,1020,1019,31,27,19,10,8,,0,,,-1
11/25/2013,19,14,9,14,7,1,66,53,34,1022,1014,1002,19,14,10,34,10,,13.97,8,Rain,-1
11/26/2013,19,16,13,16,6,-3,81,45,21,1012,1005,1001,31,20,10,21,13,,0,,,-1
11/27/2013,16,12,9,6,-1,-3,46,28,22,1016,1013,1010,31,27,19,24,11,,0,,,-1
11/28/2013,18,14,11,10,2,-9,66,37,11,1009,1006,1004,31,29,19,26,16,,0,,,-1
11/29/2013,14,9,6,-3,-6,-8,25,21,16,1011,1009,1006,31,31,31,23,8,,0,,,-1
11/30/2013,14,9,6,3,-2,-6,44,32,17,1019,1017,1013,31,31,31,11,10,,0,,,-1
12/1/2013,15,10,5,5,2,0,64,48,31,1018,1016,1015,31,24,14,13,8,,0,,,-1
12/2/2013,15,11,7,4,3,1,56,47,36,1017,1016,1014,19,15,10,11,6,,0,,,-1
12/3/2013,16,11,7,6,2,0,55,42,24,1019,1017,1015,31,19,14,11,8,,0,,,-1
12/4/2013,14,11,9,8,6,4,65,58,50,1017,1016,1014,14,14,10,13,8,,0,,,-1
12/5/2013,16,11,7,6,3,2,67,49,30,1017,1015,1014,19,15,14,10,6,,0,,,-1
12/6/2013,17,12,7,6,3,2,65,45,25,1012,1010,1007,19,13,10,10,5,,0,,,-1
12/7/2013,14,11,9,3,0,-2,52,35,24,1016,1013,1011,31,26,19,11,10,,0,,,-1
12/8/2013,11,9,7,1,-2,-3,46,34,27,1023,1021,1017,31,27,19,13,10,,0,,,-1
12/9/2013,11,8,4,2,-2,-3,44,36,29,1023,1019,1014,19,18,14,10,6,,0,,,-1
12/10/2013,14,10,7,7,2,-2,83,49,31,1010,1000,991,31,14,3,19,8,,8.89,8,Rain,-1
12/11/2013,13,10,7,2,-1,-4,48,33,27,1007,1004,1001,31,31,31,19,8,,0,,,-1
12/12/2013,13,10,8,-2,-6,-8,33,22,12,1016,1008,1002,31,31,31,21,13,,0,,,-1
12/13/2013,14,9,4,0,-3,-5,51,31,19,1016,1011,1006,31,31,31,34,11,,0,,,-1
12/14/2013,11,8,4,-2,-4,-8,43,30,24,1016,1013,1011,31,31,31,11,6,,0,,,-1
12/15/2013,11,7,3,-2,-5,-8,52,31,17,1015,1014,1012,31,31,31,13,6,,0,,,-1
12/16/2013,12,8,5,-5,-8,-11,25,19,13,1020,1017,1015,31,31,31,24,19,,0,,,-1
12/17/2013,12,9,7,-1,-4,-6,40,28,20,1022,1021,1019,31,27,19,16,10,,0,,,-1
12/18/2013,8,6,4,2,0,-1,84,53,40,1022,1020,1019,31,17,10,19,8,,4.06,8,Rain,-1
12/19/2013,7,6,3,6,4,2,91,85,79,1018,1014,1008,14,7,3,21,14,,13.97,8,Rain,-1
12/20/2013,9,7,4,6,3,-1,91,78,52,1007,1003,999,19,12,8,21,13,,2.03,8,Rain,-1
12/21/2013,11,7,3,2,0,-2,81,55,31,1012,1007,1004,31,24,19,14,5,,0,,,-1
12/22/2013,11,8,5,1,-4,-9,54,32,13,1021,1016,1012,31,25,19,19,11,,0,,,-1
12/23/2013,8,6,4,-2,-4,-6,40,34,29,1023,1021,1019,31,27,19,13,6,,0,8,,-1
12/24/2013,12,8,4,-2,-6,-8,46,28,15,1023,1019,1016,31,26,19,19,10,,0,,,-1
12/25/2013,10,7,3,1,-5,-9,47,32,16,1029,1027,1024,31,31,31,16,10,,0,,,-1
12/26/2013,10,7,3,3,-1,-4,70,46,37,1026,1019,1009,19,16,8,11,6,,1.02,8,Rain,-1
12/27/2013,9,7,5,4,1,-8,81,58,27,1007,1001,998,19,11,6,26,10,,0.51,8,Rain,-1
12/28/2013,9,6,2,-7,-11,-15,32,20,8,1010,1007,1003,31,26,19,19,11,,0,,,-1
12/29/2013,9,4,0,-3,-9,-15,48,26,8,1015,1013,1010,31,31,31,13,8,,0,,,-1
12/30/2013,10,6,1,-2,-6,-9,50,35,14,1014,1012,1010,31,28,19,13,5,,0,,,-1
12/31/2013,12,7,1,1,-2,-5,66,43,20,1012,1010,1009,31,25,19,10,3,,0,,,-1
